Owned Catalog, cutover and authority PostgreSQL	Set up job	﻿2026-09-08T11:08:44.2080122Z Current runner version: '2.337.0'
Owned Catalog, cutover and authority PostgreSQL	Set up job	2026-09-08T11:08:44.2113631Z ##[group]Runner Image Provisioner
Owned Catalog, cutover and authority PostgreSQL	Set up job	2026-09-08T11:08:44.2114966Z Hosted Compute Agent
Owned Catalog, cutover and authority PostgreSQL	Set up job	2026-09-08T11:08:44.2116051Z Version: 20260828.587
Owned Catalog, cutover and authority PostgreSQL	Set up job	2026-09-08T11:08:44.2117162Z Commit: abac92662cab4cc7352de4f9f9d2e2419aad9c29
Owned Catalog, cutover and authority PostgreSQL	Set up job	2026-09-08T11:08:44.2118504Z Build Date: 2026-08-28T16:44:25Z
Owned Catalog, cutover and authority PostgreSQL	Set up job	2026-09-08T11:08:44.2119692Z Worker ID: {78b08577-6e29-459e-ad80-f83109ab41ea}
Owned Catalog, cutover and authority PostgreSQL	Set up job	2026-09-08T11:08:44.2121252Z Azure Region: eastus2
Owned Catalog, cutover and authority PostgreSQL	Set up job	2026-09-08T11:08:44.2122310Z ##[endgroup]
Owned Catalog, cutover and authority PostgreSQL	Set up job	2026-09-08T11:08:44.2124621Z ##[group]Operating System
Owned Catalog, cutover and authority PostgreSQL	Set up job	2026-09-08T11:08:44.2125779Z Ubuntu
Owned Catalog, cutover and authority PostgreSQL	Set up job	2026-09-08T11:08:44.2126669Z 24.04.4
Owned Catalog, cutover and authority PostgreSQL	Set up job	2026-09-08T11:08:44.2127593Z LTS
Owned Catalog, cutover and authority PostgreSQL	Set up job	2026-09-08T11:08:44.2128556Z ##[endgroup]
Owned Catalog, cutover and authority PostgreSQL	Set up job	2026-09-08T11:08:44.2129458Z ##[group]Runner Image
Owned Catalog, cutover and authority PostgreSQL	Set up job	2026-09-08T11:08:44.2131011Z Image: ubuntu-24.04
Owned Catalog, cutover and authority PostgreSQL	Set up job	2026-09-08T11:08:44.2132010Z Version: 20260831.293.1
Owned Catalog, cutover and authority PostgreSQL	Set up job	2026-09-08T11:08:44.2133808Z Included Software: https://github.com/actions/runner-images/blob/ubuntu24/20260831.293/images/ubuntu/Ubuntu2404-Readme.md
Owned Catalog, cutover and authority PostgreSQL	Set up job	2026-09-08T11:08:44.2136958Z Image Release: https://github.com/actions/runner-images/releases/tag/ubuntu24%2F20260831.293
Owned Catalog, cutover and authority PostgreSQL	Set up job	2026-09-08T11:08:44.2138751Z ##[endgroup]
Owned Catalog, cutover and authority PostgreSQL	Set up job	2026-09-08T11:08:44.2140876Z ##[group]GITHUB_TOKEN Permissions
Owned Catalog, cutover and authority PostgreSQL	Set up job	2026-09-08T11:08:44.2143535Z Contents: read
Owned Catalog, cutover and authority PostgreSQL	Set up job	2026-09-08T11:08:44.2144590Z Metadata: read
Owned Catalog, cutover and authority PostgreSQL	Set up job	2026-09-08T11:08:44.2145657Z ##[endgroup]
Owned Catalog, cutover and authority PostgreSQL	Set up job	2026-09-08T11:08:44.2148977Z Secret source: Actions
Owned Catalog, cutover and authority PostgreSQL	Set up job	2026-09-08T11:08:44.2151093Z Prepare workflow directory
Owned Catalog, cutover and authority PostgreSQL	Set up job	2026-09-08T11:08:44.2614256Z Prepare all required actions
Owned Catalog, cutover and authority PostgreSQL	Set up job	2026-09-08T11:08:44.2684338Z Getting action download info
Owned Catalog, cutover and authority PostgreSQL	Set up job	2026-09-08T11:08:44.4541135Z Download action repository 'actions/checkout@v4' (SHA:11d5960a326750d5838078e36cf38b85af677262)
Owned Catalog, cutover and authority PostgreSQL	Set up job	2026-09-08T11:08:44.5844017Z Download action repository 'actions/setup-node@v4' (SHA:49933ea5288caeca8642d1e84afbd3f7d6820020)
Owned Catalog, cutover and authority PostgreSQL	Set up job	2026-09-08T11:08:44.7723024Z Complete job name: Owned Catalog, cutover and authority PostgreSQL
Owned Catalog, cutover and authority PostgreSQL	Check out exact CI candidate	﻿2026-09-08T11:08:44.8483431Z Node 20 is being deprecated. This workflow is running with Node 24 by default. If you need to temporarily use Node 20, you can set the ACTIONS_ALLOW_USE_UNSECURE_NODE_VERSION=true environment variable. For more information see: https://github.blog/changelog/2025-09-19-deprecation-of-node-20-on-github-actions-runners/
Owned Catalog, cutover and authority PostgreSQL	Check out exact CI candidate	2026-09-08T11:08:44.8492419Z ##[group]Run actions/checkout@v4
Owned Catalog, cutover and authority PostgreSQL	Check out exact CI candidate	2026-09-08T11:08:44.8493191Z with:
Owned Catalog, cutover and authority PostgreSQL	Check out exact CI candidate	2026-09-08T11:08:44.8493644Z   fetch-depth: 0
Owned Catalog, cutover and authority PostgreSQL	Check out exact CI candidate	2026-09-08T11:08:44.8494123Z   repository: tzrea1-Q/WiseEff
Owned Catalog, cutover and authority PostgreSQL	Check out exact CI candidate	2026-09-08T11:08:44.8497814Z   token: ***
Owned Catalog, cutover and authority PostgreSQL	Check out exact CI candidate	2026-09-08T11:08:44.8498245Z   ssh-strict: true
Owned Catalog, cutover and authority PostgreSQL	Check out exact CI candidate	2026-09-08T11:08:44.8498693Z   ssh-user: git
Owned Catalog, cutover and authority PostgreSQL	Check out exact CI candidate	2026-09-08T11:08:44.8499150Z   persist-credentials: true
Owned Catalog, cutover and authority PostgreSQL	Check out exact CI candidate	2026-09-08T11:08:44.8499643Z   clean: true
Owned Catalog, cutover and authority PostgreSQL	Check out exact CI candidate	2026-09-08T11:08:44.8500314Z   sparse-checkout-cone-mode: true
Owned Catalog, cutover and authority PostgreSQL	Check out exact CI candidate	2026-09-08T11:08:44.8501088Z   fetch-tags: false
Owned Catalog, cutover and authority PostgreSQL	Check out exact CI candidate	2026-09-08T11:08:44.8501567Z   show-progress: true
Owned Catalog, cutover and authority PostgreSQL	Check out exact CI candidate	2026-09-08T11:08:44.8502016Z   lfs: false
Owned Catalog, cutover and authority PostgreSQL	Check out exact CI candidate	2026-09-08T11:08:44.8502437Z   submodules: false
Owned Catalog, cutover and authority PostgreSQL	Check out exact CI candidate	2026-09-08T11:08:44.8502934Z   set-safe-directory: true
Owned Catalog, cutover and authority PostgreSQL	Check out exact CI candidate	2026-09-08T11:08:44.8503444Z   allow-unsafe-pr-checkout: false
Owned Catalog, cutover and authority PostgreSQL	Check out exact CI candidate	2026-09-08T11:08:44.8504292Z ##[endgroup]
Owned Catalog, cutover and authority PostgreSQL	Check out exact CI candidate	2026-09-08T11:08:44.9469306Z Syncing repository: tzrea1-Q/WiseEff
Owned Catalog, cutover and authority PostgreSQL	Check out exact CI candidate	2026-09-08T11:08:44.9471527Z ##[group]Getting Git version info
Owned Catalog, cutover and authority PostgreSQL	Check out exact CI candidate	2026-09-08T11:08:44.9472347Z Working directory is '/home/runner/work/WiseEff/WiseEff'
Owned Catalog, cutover and authority PostgreSQL	Check out exact CI candidate	2026-09-08T11:08:44.9473453Z [command]/usr/bin/git version
Owned Catalog, cutover and authority PostgreSQL	Check out exact CI candidate	2026-09-08T11:08:44.9572964Z git version 2.55.0
Owned Catalog, cutover and authority PostgreSQL	Check out exact CI candidate	2026-09-08T11:08:44.9593278Z ##[endgroup]
Owned Catalog, cutover and authority PostgreSQL	Check out exact CI candidate	2026-09-08T11:08:44.9607481Z Temporarily overriding HOME='/home/runner/work/_temp/62a8d28f-07d4-4b03-a568-96fd5fae0759' before making global git config changes
Owned Catalog, cutover and authority PostgreSQL	Check out exact CI candidate	2026-09-08T11:08:44.9609124Z Adding repository directory to the temporary git global config as a safe directory
Owned Catalog, cutover and authority PostgreSQL	Check out exact CI candidate	2026-09-08T11:08:44.9612751Z [command]/usr/bin/git config --global --add safe.directory /home/runner/work/WiseEff/WiseEff
Owned Catalog, cutover and authority PostgreSQL	Check out exact CI candidate	2026-09-08T11:08:44.9663644Z Deleting the contents of '/home/runner/work/WiseEff/WiseEff'
Owned Catalog, cutover and authority PostgreSQL	Check out exact CI candidate	2026-09-08T11:08:44.9667835Z ##[group]Initializing the repository
Owned Catalog, cutover and authority PostgreSQL	Check out exact CI candidate	2026-09-08T11:08:44.9672359Z [command]/usr/bin/git init /home/runner/work/WiseEff/WiseEff
Owned Catalog, cutover and authority PostgreSQL	Check out exact CI candidate	2026-09-08T11:08:44.9795781Z hint: Using 'master' as the name for the initial branch. This default branch name
Owned Catalog, cutover and authority PostgreSQL	Check out exact CI candidate	2026-09-08T11:08:44.9797506Z hint: will change to "main" in Git 3.0. To configure the initial branch name
Owned Catalog, cutover and authority PostgreSQL	Check out exact CI candidate	2026-09-08T11:08:44.9798836Z hint: to use in all of your new repositories, which will suppress this warning,
Owned Catalog, cutover and authority PostgreSQL	Check out exact CI candidate	2026-09-08T11:08:44.9800534Z hint: call:
Owned Catalog, cutover and authority PostgreSQL	Check out exact CI candidate	2026-09-08T11:08:44.9801215Z hint:
Owned Catalog, cutover and authority PostgreSQL	Check out exact CI candidate	2026-09-08T11:08:44.9802022Z hint: 	git config --global init.defaultBranch <name>
Owned Catalog, cutover and authority PostgreSQL	Check out exact CI candidate	2026-09-08T11:08:44.9803118Z hint:
Owned Catalog, cutover and authority PostgreSQL	Check out exact CI candidate	2026-09-08T11:08:44.9803838Z hint: Names commonly chosen instead of 'master' are 'main', 'trunk' and
Owned Catalog, cutover and authority PostgreSQL	Check out exact CI candidate	2026-09-08T11:08:44.9805017Z hint: 'development'. The just-created branch can be renamed via this command:
Owned Catalog, cutover and authority PostgreSQL	Check out exact CI candidate	2026-09-08T11:08:44.9806038Z hint:
Owned Catalog, cutover and authority PostgreSQL	Check out exact CI candidate	2026-09-08T11:08:44.9806563Z hint: 	git branch -m <name>
Owned Catalog, cutover and authority PostgreSQL	Check out exact CI candidate	2026-09-08T11:08:44.9807133Z hint:
Owned Catalog, cutover and authority PostgreSQL	Check out exact CI candidate	2026-09-08T11:08:44.9807839Z hint: Disable this message with "git config set advice.defaultBranchName false"
Owned Catalog, cutover and authority PostgreSQL	Check out exact CI candidate	2026-09-08T11:08:44.9809371Z Initialized empty Git repository in /home/runner/work/WiseEff/WiseEff/.git/
Owned Catalog, cutover and authority PostgreSQL	Check out exact CI candidate	2026-09-08T11:08:44.9812093Z [command]/usr/bin/git remote add origin https://github.com/tzrea1-Q/WiseEff
Owned Catalog, cutover and authority PostgreSQL	Check out exact CI candidate	2026-09-08T11:08:44.9858012Z ##[endgroup]
Owned Catalog, cutover and authority PostgreSQL	Check out exact CI candidate	2026-09-08T11:08:44.9858824Z ##[group]Disabling automatic garbage collection
Owned Catalog, cutover and authority PostgreSQL	Check out exact CI candidate	2026-09-08T11:08:44.9861946Z [command]/usr/bin/git config --local gc.auto 0
Owned Catalog, cutover and authority PostgreSQL	Check out exact CI candidate	2026-09-08T11:08:44.9890593Z ##[endgroup]
Owned Catalog, cutover and authority PostgreSQL	Check out exact CI candidate	2026-09-08T11:08:44.9891429Z ##[group]Setting up auth
Owned Catalog, cutover and authority PostgreSQL	Check out exact CI candidate	2026-09-08T11:08:44.9896767Z [command]/usr/bin/git config --local --name-only --get-regexp core\.sshCommand
Owned Catalog, cutover and authority PostgreSQL	Check out exact CI candidate	2026-09-08T11:08:44.9927426Z [command]/usr/bin/git submodule foreach --recursive sh -c "git config --local --name-only --get-regexp 'core\.sshCommand' && git config --local --unset-all 'core.sshCommand' || :"
Owned Catalog, cutover and authority PostgreSQL	Check out exact CI candidate	2026-09-08T11:08:45.0297527Z [command]/usr/bin/git config --local --name-only --get-regexp http\.https\:\/\/github\.com\/\.extraheader
Owned Catalog, cutover and authority PostgreSQL	Check out exact CI candidate	2026-09-08T11:08:45.0329015Z [command]/usr/bin/git submodule foreach --recursive sh -c "git config --local --name-only --get-regexp 'http\.https\:\/\/github\.com\/\.extraheader' && git config --local --unset-all 'http.https://github.com/.extraheader' || :"
Owned Catalog, cutover and authority PostgreSQL	Check out exact CI candidate	2026-09-08T11:08:45.0543802Z [command]/usr/bin/git config --local --name-only --get-regexp ^includeIf\.gitdir:
Owned Catalog, cutover and authority PostgreSQL	Check out exact CI candidate	2026-09-08T11:08:45.0573747Z [command]/usr/bin/git submodule foreach --recursive git config --local --show-origin --name-only --get-regexp remote.origin.url
Owned Catalog, cutover and authority PostgreSQL	Check out exact CI candidate	2026-09-08T11:08:45.0790818Z [command]/usr/bin/git config --local http.https://github.com/.extraheader AUTHORIZATION: basic ***
Owned Catalog, cutover and authority PostgreSQL	Check out exact CI candidate	2026-09-08T11:08:45.0824037Z ##[endgroup]
Owned Catalog, cutover and authority PostgreSQL	Check out exact CI candidate	2026-09-08T11:08:45.0825472Z ##[group]Fetching the repository
Owned Catalog, cutover and authority PostgreSQL	Check out exact CI candidate	2026-09-08T11:08:45.0835258Z [command]/usr/bin/git -c protocol.version=2 fetch --prune --no-recurse-submodules origin +refs/heads/*:refs/remotes/origin/* +refs/tags/*:refs/tags/* +f5acf76cef1fa667620c12c25262420e11282746:refs/remotes/pull/824/merge
Owned Catalog, cutover and authority PostgreSQL	Check out exact CI candidate	2026-09-08T11:08:52.0431654Z From https://github.com/tzrea1-Q/WiseEff
Owned Catalog, cutover and authority PostgreSQL	Check out exact CI candidate	2026-09-08T11:08:52.0434549Z  * [new branch]        codex/populated-upgrade-candidate        -> origin/codex/populated-upgrade-candidate
Owned Catalog, cutover and authority PostgreSQL	Check out exact CI candidate	2026-09-08T11:08:52.0438089Z  * [new branch]        codex/populated-upgrade-delivery-20260906 -> origin/codex/populated-upgrade-delivery-20260906
Owned Catalog, cutover and authority PostgreSQL	Check out exact CI candidate	2026-09-08T11:08:52.0441882Z  * [new branch]        codex/populated-upgrade-m1               -> origin/codex/populated-upgrade-m1
Owned Catalog, cutover and authority PostgreSQL	Check out exact CI candidate	2026-09-08T11:08:52.0445458Z  * [new branch]        codex/populated-upgrade-runtime-proposal -> origin/codex/populated-upgrade-runtime-proposal
Owned Catalog, cutover and authority PostgreSQL	Check out exact CI candidate	2026-09-08T11:08:52.0449676Z  * [new branch]        codex/pr824-activation-existing-storage  -> origin/codex/pr824-activation-existing-storage
Owned Catalog, cutover and authority PostgreSQL	Check out exact CI candidate	2026-09-08T11:08:52.0453941Z  * [new branch]        codex/pr824-followup-delivery            -> origin/codex/pr824-followup-delivery
Owned Catalog, cutover and authority PostgreSQL	Check out exact CI candidate	2026-09-08T11:08:52.0456788Z  * [new branch]        codex/pr824-knowledge-audit-natural      -> origin/codex/pr824-knowledge-audit-natural
Owned Catalog, cutover and authority PostgreSQL	Check out exact CI candidate	2026-09-08T11:08:52.0459508Z  * [new branch]        codex/pr824-p12-contract-scratch         -> origin/codex/pr824-p12-contract-scratch
Owned Catalog, cutover and authority PostgreSQL	Check out exact CI candidate	2026-09-08T11:08:52.0463347Z  * [new branch]        codex/pr824-retirement-contract-scratch  -> origin/codex/pr824-retirement-contract-scratch
Owned Catalog, cutover and authority PostgreSQL	Check out exact CI candidate	2026-09-08T11:08:52.0467388Z  * [new branch]        codex/prototype-parameter-definition-single-page-20260831 -> origin/codex/prototype-parameter-definition-single-page-20260831
Owned Catalog, cutover and authority PostgreSQL	Check out exact CI candidate	2026-09-08T11:08:52.0471633Z  * [new branch]        codex/upg-activation-journal             -> origin/codex/upg-activation-journal
Owned Catalog, cutover and authority PostgreSQL	Check out exact CI candidate	2026-09-08T11:08:52.0474362Z  * [new branch]        codex/wayfinder-ri-01                    -> origin/codex/wayfinder-ri-01
Owned Catalog, cutover and authority PostgreSQL	Check out exact CI candidate	2026-09-08T11:08:52.0476525Z  * [new branch]        main                                     -> origin/main
Owned Catalog, cutover and authority PostgreSQL	Check out exact CI candidate	2026-09-08T11:08:52.0478533Z  * [new ref]           f5acf76cef1fa667620c12c25262420e11282746 -> pull/824/merge
Owned Catalog, cutover and authority PostgreSQL	Check out exact CI candidate	2026-09-08T11:08:52.0482877Z ##[endgroup]
Owned Catalog, cutover and authority PostgreSQL	Check out exact CI candidate	2026-09-08T11:08:52.0484291Z ##[group]Determining the checkout info
Owned Catalog, cutover and authority PostgreSQL	Check out exact CI candidate	2026-09-08T11:08:52.0485912Z ##[endgroup]
Owned Catalog, cutover and authority PostgreSQL	Check out exact CI candidate	2026-09-08T11:08:52.0486987Z [command]/usr/bin/git sparse-checkout disable
Owned Catalog, cutover and authority PostgreSQL	Check out exact CI candidate	2026-09-08T11:08:52.0531384Z [command]/usr/bin/git config --local --unset-all extensions.worktreeConfig
Owned Catalog, cutover and authority PostgreSQL	Check out exact CI candidate	2026-09-08T11:08:52.0558263Z ##[group]Checking out the ref
Owned Catalog, cutover and authority PostgreSQL	Check out exact CI candidate	2026-09-08T11:08:52.0561117Z [command]/usr/bin/git checkout --progress --force refs/remotes/pull/824/merge
Owned Catalog, cutover and authority PostgreSQL	Check out exact CI candidate	2026-09-08T11:08:52.6605375Z Note: switching to 'refs/remotes/pull/824/merge'.
Owned Catalog, cutover and authority PostgreSQL	Check out exact CI candidate	2026-09-08T11:08:52.6606628Z 
Owned Catalog, cutover and authority PostgreSQL	Check out exact CI candidate	2026-09-08T11:08:52.6606930Z You are in 'detached HEAD' state. You can look around, make experimental
Owned Catalog, cutover and authority PostgreSQL	Check out exact CI candidate	2026-09-08T11:08:52.6607520Z changes and commit them, and you can discard any commits you make in this
Owned Catalog, cutover and authority PostgreSQL	Check out exact CI candidate	2026-09-08T11:08:52.6608105Z state without impacting any branches by switching back to a branch.
Owned Catalog, cutover and authority PostgreSQL	Check out exact CI candidate	2026-09-08T11:08:52.6608423Z 
Owned Catalog, cutover and authority PostgreSQL	Check out exact CI candidate	2026-09-08T11:08:52.6608652Z If you want to create a new branch to retain commits you create, you may
Owned Catalog, cutover and authority PostgreSQL	Check out exact CI candidate	2026-09-08T11:08:52.6609230Z do so (now or later) by using -c with the switch command. Example:
Owned Catalog, cutover and authority PostgreSQL	Check out exact CI candidate	2026-09-08T11:08:52.6610266Z 
Owned Catalog, cutover and authority PostgreSQL	Check out exact CI candidate	2026-09-08T11:08:52.6610567Z   git switch -c <new-branch-name>
Owned Catalog, cutover and authority PostgreSQL	Check out exact CI candidate	2026-09-08T11:08:52.6610940Z 
Owned Catalog, cutover and authority PostgreSQL	Check out exact CI candidate	2026-09-08T11:08:52.6611197Z Or undo this operation with:
Owned Catalog, cutover and authority PostgreSQL	Check out exact CI candidate	2026-09-08T11:08:52.6611440Z 
Owned Catalog, cutover and authority PostgreSQL	Check out exact CI candidate	2026-09-08T11:08:52.6611573Z   git switch -
Owned Catalog, cutover and authority PostgreSQL	Check out exact CI candidate	2026-09-08T11:08:52.6611738Z 
Owned Catalog, cutover and authority PostgreSQL	Check out exact CI candidate	2026-09-08T11:08:52.6612087Z Turn off this advice by setting config variable advice.detachedHead to false
Owned Catalog, cutover and authority PostgreSQL	Check out exact CI candidate	2026-09-08T11:08:52.6612443Z 
Owned Catalog, cutover and authority PostgreSQL	Check out exact CI candidate	2026-09-08T11:08:52.6612845Z HEAD is now at f5acf76c Merge d5aefa28d32afcd42fc22a2ef9f728cef6c749be into cda6737a8f177a8bbd2f3bc7d195f8e3037bfa74
Owned Catalog, cutover and authority PostgreSQL	Check out exact CI candidate	2026-09-08T11:08:52.6697220Z ##[endgroup]
Owned Catalog, cutover and authority PostgreSQL	Check out exact CI candidate	2026-09-08T11:08:52.6701150Z [command]/usr/bin/git log -1 --format=%H
Owned Catalog, cutover and authority PostgreSQL	Check out exact CI candidate	2026-09-08T11:08:52.6724644Z f5acf76cef1fa667620c12c25262420e11282746
Owned Catalog, cutover and authority PostgreSQL	Set up Node.js	﻿2026-09-08T11:08:52.7105331Z Node 20 is being deprecated. This workflow is running with Node 24 by default. If you need to temporarily use Node 20, you can set the ACTIONS_ALLOW_USE_UNSECURE_NODE_VERSION=true environment variable. For more information see: https://github.blog/changelog/2025-09-19-deprecation-of-node-20-on-github-actions-runners/
Owned Catalog, cutover and authority PostgreSQL	Set up Node.js	2026-09-08T11:08:52.7107644Z ##[group]Run actions/setup-node@v4
Owned Catalog, cutover and authority PostgreSQL	Set up Node.js	2026-09-08T11:08:52.7107989Z with:
Owned Catalog, cutover and authority PostgreSQL	Set up Node.js	2026-09-08T11:08:52.7108250Z   node-version-file: .nvmrc
Owned Catalog, cutover and authority PostgreSQL	Set up Node.js	2026-09-08T11:08:52.7108539Z   cache: npm
Owned Catalog, cutover and authority PostgreSQL	Set up Node.js	2026-09-08T11:08:52.7108785Z   always-auth: false
Owned Catalog, cutover and authority PostgreSQL	Set up Node.js	2026-09-08T11:08:52.7109056Z   check-latest: false
Owned Catalog, cutover and authority PostgreSQL	Set up Node.js	2026-09-08T11:08:52.7111868Z   token: ***
Owned Catalog, cutover and authority PostgreSQL	Set up Node.js	2026-09-08T11:08:52.7112136Z ##[endgroup]
Owned Catalog, cutover and authority PostgreSQL	Set up Node.js	2026-09-08T11:08:52.8468876Z Resolved .nvmrc as 22
Owned Catalog, cutover and authority PostgreSQL	Set up Node.js	2026-09-08T11:08:52.8520580Z Found in cache @ /opt/hostedtoolcache/node/22.23.2/x64
Owned Catalog, cutover and authority PostgreSQL	Set up Node.js	2026-09-08T11:08:52.8524757Z (node:2260) [DEP0040] DeprecationWarning: The `punycode` module is deprecated. Please use a userland alternative instead.
Owned Catalog, cutover and authority PostgreSQL	Set up Node.js	2026-09-08T11:08:52.8525689Z (Use `node --trace-deprecation ...` to show where the warning was created)
Owned Catalog, cutover and authority PostgreSQL	Set up Node.js	2026-09-08T11:08:52.8528225Z ##[group]Environment details
Owned Catalog, cutover and authority PostgreSQL	Set up Node.js	2026-09-08T11:08:53.2789597Z node: v22.23.2
Owned Catalog, cutover and authority PostgreSQL	Set up Node.js	2026-09-08T11:08:53.2790283Z npm: 10.9.8
Owned Catalog, cutover and authority PostgreSQL	Set up Node.js	2026-09-08T11:08:53.2790627Z yarn: 1.22.22
Owned Catalog, cutover and authority PostgreSQL	Set up Node.js	2026-09-08T11:08:53.2791418Z ##[endgroup]
Owned Catalog, cutover and authority PostgreSQL	Set up Node.js	2026-09-08T11:08:53.2810389Z [command]/opt/hostedtoolcache/node/22.23.2/x64/bin/npm config get cache
Owned Catalog, cutover and authority PostgreSQL	Set up Node.js	2026-09-08T11:08:53.4270650Z /home/runner/.npm
Owned Catalog, cutover and authority PostgreSQL	Set up Node.js	2026-09-08T11:08:53.5141492Z Cache hit for: node-cache-Linux-x64-npm-c3cc38b441dd1d644370ff722307f1f9f6940d55103e48c587f2408f2d652f89
Owned Catalog, cutover and authority PostgreSQL	Set up Node.js	2026-09-08T11:08:53.5234866Z (node:2260) [DEP0169] DeprecationWarning: `url.parse()` behavior is not standardized and prone to errors that have security implications. Use the WHATWG URL API instead. CVEs are not issued for `url.parse()` vulnerabilities.
Owned Catalog, cutover and authority PostgreSQL	Set up Node.js	2026-09-08T11:08:54.3591598Z Received 187089509 of 187089509 (100.0%), 224.4 MBs/sec
Owned Catalog, cutover and authority PostgreSQL	Set up Node.js	2026-09-08T11:08:54.3620286Z Cache Size: ~178 MB (187089509 B)
Owned Catalog, cutover and authority PostgreSQL	Set up Node.js	2026-09-08T11:08:54.3683469Z [command]/usr/bin/tar -xf /home/runner/work/_temp/c12705f5-b9e9-4d8e-bea1-f5a6ed64b35a/cache.tzst -P -C /home/runner/work/WiseEff/WiseEff --use-compress-program unzstd
Owned Catalog, cutover and authority PostgreSQL	Set up Node.js	2026-09-08T11:08:54.8494924Z Cache restored successfully
Owned Catalog, cutover and authority PostgreSQL	Set up Node.js	2026-09-08T11:08:54.8586444Z Cache restored from key: node-cache-Linux-x64-npm-c3cc38b441dd1d644370ff722307f1f9f6940d55103e48c587f2408f2d652f89
Owned Catalog, cutover and authority PostgreSQL	Install dependencies	﻿2026-09-08T11:08:54.8809410Z ##[group]Run npm ci
Owned Catalog, cutover and authority PostgreSQL	Install dependencies	2026-09-08T11:08:54.8810083Z ^[[36;1mnpm ci^[[0m
Owned Catalog, cutover and authority PostgreSQL	Install dependencies	2026-09-08T11:08:54.8858368Z shell: /usr/bin/bash -e {0}
Owned Catalog, cutover and authority PostgreSQL	Install dependencies	2026-09-08T11:08:54.8858656Z ##[endgroup]
Owned Catalog, cutover and authority PostgreSQL	Install dependencies	2026-09-08T11:09:02.8560054Z npm warn deprecated hast@1.0.0: Renamed to rehype
Owned Catalog, cutover and authority PostgreSQL	Install dependencies	2026-09-08T11:09:20.9805713Z 
Owned Catalog, cutover and authority PostgreSQL	Install dependencies	2026-09-08T11:09:20.9808826Z added 1641 packages, and audited 1645 packages in 26s
Owned Catalog, cutover and authority PostgreSQL	Install dependencies	2026-09-08T11:09:20.9809418Z 
Owned Catalog, cutover and authority PostgreSQL	Install dependencies	2026-09-08T11:09:20.9809968Z 411 packages are looking for funding
Owned Catalog, cutover and authority PostgreSQL	Install dependencies	2026-09-08T11:09:20.9810635Z   run `npm fund` for details
Owned Catalog, cutover and authority PostgreSQL	Install dependencies	2026-09-08T11:09:21.0134017Z 
Owned Catalog, cutover and authority PostgreSQL	Install dependencies	2026-09-08T11:09:21.0134863Z 19 vulnerabilities (2 low, 7 moderate, 10 high)
Owned Catalog, cutover and authority PostgreSQL	Install dependencies	2026-09-08T11:09:21.0135479Z 
Owned Catalog, cutover and authority PostgreSQL	Install dependencies	2026-09-08T11:09:21.0135790Z To address issues that do not require attention, run:
Owned Catalog, cutover and authority PostgreSQL	Install dependencies	2026-09-08T11:09:21.0136232Z   npm audit fix
Owned Catalog, cutover and authority PostgreSQL	Install dependencies	2026-09-08T11:09:21.0136407Z 
Owned Catalog, cutover and authority PostgreSQL	Install dependencies	2026-09-08T11:09:21.0136685Z Some issues need review, and may require choosing
Owned Catalog, cutover and authority PostgreSQL	Install dependencies	2026-09-08T11:09:21.0137203Z a different dependency.
Owned Catalog, cutover and authority PostgreSQL	Install dependencies	2026-09-08T11:09:21.0138114Z 
Owned Catalog, cutover and authority PostgreSQL	Install dependencies	2026-09-08T11:09:21.0138293Z Run `npm audit` for details.
Owned Catalog, cutover and authority PostgreSQL	Run reader, cutover and authority tests in independently owned clusters	﻿2026-09-08T11:09:21.1590738Z ##[group]Run set -euo pipefail
Owned Catalog, cutover and authority PostgreSQL	Run reader, cutover and authority tests in independently owned clusters	2026-09-08T11:09:21.1591149Z ^[[36;1mset -euo pipefail^[[0m
Owned Catalog, cutover and authority PostgreSQL	Run reader, cutover and authority tests in independently owned clusters	2026-09-08T11:09:21.1591465Z ^[[36;1mdaemon_id="$(docker info --format '{{.ID}}')"^[[0m
Owned Catalog, cutover and authority PostgreSQL	Run reader, cutover and authority tests in independently owned clusters	2026-09-08T11:09:21.1591894Z ^[[36;1mnpx tsx scripts/run-upgrade-component-tests.ts \^[[0m
Owned Catalog, cutover and authority PostgreSQL	Run reader, cutover and authority tests in independently owned clusters	2026-09-08T11:09:21.1592378Z ^[[36;1m  --expected-daemon-id "$daemon_id" --suite reader-pg16 --github-hosted^[[0m
Owned Catalog, cutover and authority PostgreSQL	Run reader, cutover and authority tests in independently owned clusters	2026-09-08T11:09:21.1592874Z ^[[36;1mnpx tsx scripts/run-upgrade-component-tests.ts \^[[0m
Owned Catalog, cutover and authority PostgreSQL	Run reader, cutover and authority tests in independently owned clusters	2026-09-08T11:09:21.1593387Z ^[[36;1m  --expected-daemon-id "$daemon_id" --suite writer-reachability-pg16 --github-hosted^[[0m
Owned Catalog, cutover and authority PostgreSQL	Run reader, cutover and authority tests in independently owned clusters	2026-09-08T11:09:21.1593945Z ^[[36;1mnode --import tsx scripts/run-upgrade-component-tests.ts \^[[0m
Owned Catalog, cutover and authority PostgreSQL	Run reader, cutover and authority tests in independently owned clusters	2026-09-08T11:09:21.1594473Z ^[[36;1m  --expected-daemon-id "$daemon_id" --suite runtime-identity-pg16 --github-hosted^[[0m
Owned Catalog, cutover and authority PostgreSQL	Run reader, cutover and authority tests in independently owned clusters	2026-09-08T11:09:21.1594971Z ^[[36;1mnpx tsx scripts/run-upgrade-component-tests.ts \^[[0m
Owned Catalog, cutover and authority PostgreSQL	Run reader, cutover and authority tests in independently owned clusters	2026-09-08T11:09:21.1595490Z ^[[36;1m  --expected-daemon-id "$daemon_id" --suite runtime-role-source-pg16 --github-hosted^[[0m
Owned Catalog, cutover and authority PostgreSQL	Run reader, cutover and authority tests in independently owned clusters	2026-09-08T11:09:21.1596031Z ^[[36;1mnpx tsx scripts/run-upgrade-component-tests.ts \^[[0m
Owned Catalog, cutover and authority PostgreSQL	Run reader, cutover and authority tests in independently owned clusters	2026-09-08T11:09:21.1596528Z ^[[36;1m  --expected-daemon-id "$daemon_id" --suite legacy-sql-privileges-pg16 --github-hosted^[[0m
Owned Catalog, cutover and authority PostgreSQL	Run reader, cutover and authority tests in independently owned clusters	2026-09-08T11:09:21.1597033Z ^[[36;1mnpx tsx scripts/run-upgrade-component-tests.ts \^[[0m
Owned Catalog, cutover and authority PostgreSQL	Run reader, cutover and authority tests in independently owned clusters	2026-09-08T11:09:21.1597520Z ^[[36;1m  --expected-daemon-id "$daemon_id" --suite read-projections-pg16 --github-hosted^[[0m
Owned Catalog, cutover and authority PostgreSQL	Run reader, cutover and authority tests in independently owned clusters	2026-09-08T11:09:21.1598009Z ^[[36;1mnpx tsx scripts/run-upgrade-component-tests.ts \^[[0m
Owned Catalog, cutover and authority PostgreSQL	Run reader, cutover and authority tests in independently owned clusters	2026-09-08T11:09:21.1598455Z ^[[36;1m  --expected-daemon-id "$daemon_id" --suite report-pg16 --github-hosted^[[0m
Owned Catalog, cutover and authority PostgreSQL	Run reader, cutover and authority tests in independently owned clusters	2026-09-08T11:09:21.1598920Z ^[[36;1mnpx tsx scripts/run-upgrade-component-tests.ts \^[[0m
Owned Catalog, cutover and authority PostgreSQL	Run reader, cutover and authority tests in independently owned clusters	2026-09-08T11:09:21.1599381Z ^[[36;1m  --expected-daemon-id "$daemon_id" --suite authority-pg16 --github-hosted^[[0m
Owned Catalog, cutover and authority PostgreSQL	Run reader, cutover and authority tests in independently owned clusters	2026-09-08T11:09:21.1600089Z ^[[36;1mnpx tsx scripts/run-upgrade-component-tests.ts \^[[0m
Owned Catalog, cutover and authority PostgreSQL	Run reader, cutover and authority tests in independently owned clusters	2026-09-08T11:09:21.1600756Z ^[[36;1m  --expected-daemon-id "$daemon_id" --suite bindings-pg16 --github-hosted^[[0m
Owned Catalog, cutover and authority PostgreSQL	Run reader, cutover and authority tests in independently owned clusters	2026-09-08T11:09:21.1601222Z ^[[36;1mnpx tsx scripts/run-upgrade-component-tests.ts \^[[0m
Owned Catalog, cutover and authority PostgreSQL	Run reader, cutover and authority tests in independently owned clusters	2026-09-08T11:09:21.1601668Z ^[[36;1m  --expected-daemon-id "$daemon_id" --suite log-redis --github-hosted^[[0m
Owned Catalog, cutover and authority PostgreSQL	Run reader, cutover and authority tests in independently owned clusters	2026-09-08T11:09:21.1602121Z ^[[36;1mnpx tsx scripts/run-upgrade-component-tests.ts \^[[0m
Owned Catalog, cutover and authority PostgreSQL	Run reader, cutover and authority tests in independently owned clusters	2026-09-08T11:09:21.1602609Z ^[[36;1m  --expected-daemon-id "$daemon_id" --suite activation-existing-pg16 --github-hosted^[[0m
Owned Catalog, cutover and authority PostgreSQL	Run reader, cutover and authority tests in independently owned clusters	2026-09-08T11:09:21.1603115Z ^[[36;1mnpx tsx scripts/run-upgrade-component-tests.ts \^[[0m
Owned Catalog, cutover and authority PostgreSQL	Run reader, cutover and authority tests in independently owned clusters	2026-09-08T11:09:21.1603597Z ^[[36;1m  --expected-daemon-id "$daemon_id" --suite retirement-existing-pg16 --github-hosted^[[0m
Owned Catalog, cutover and authority PostgreSQL	Run reader, cutover and authority tests in independently owned clusters	2026-09-08T11:09:21.1604095Z ^[[36;1mnpx tsx scripts/run-upgrade-component-tests.ts \^[[0m
Owned Catalog, cutover and authority PostgreSQL	Run reader, cutover and authority tests in independently owned clusters	2026-09-08T11:09:21.1604587Z ^[[36;1m  --expected-daemon-id "$daemon_id" --suite bootstrap-credential-pg16 --github-hosted^[[0m
Owned Catalog, cutover and authority PostgreSQL	Run reader, cutover and authority tests in independently owned clusters	2026-09-08T11:09:21.1605094Z ^[[36;1mnpx tsx scripts/run-upgrade-component-tests.ts \^[[0m
Owned Catalog, cutover and authority PostgreSQL	Run reader, cutover and authority tests in independently owned clusters	2026-09-08T11:09:21.1605570Z ^[[36;1m  --expected-daemon-id "$daemon_id" --suite recovery-three-store --github-hosted^[[0m
Owned Catalog, cutover and authority PostgreSQL	Run reader, cutover and authority tests in independently owned clusters	2026-09-08T11:09:21.1606061Z ^[[36;1mnpx tsx scripts/run-upgrade-component-tests.ts \^[[0m
Owned Catalog, cutover and authority PostgreSQL	Run reader, cutover and authority tests in independently owned clusters	2026-09-08T11:09:21.1607106Z ^[[36;1m  --expected-daemon-id "$daemon_id" --suite controlled-recovery --github-hosted^[[0m
Owned Catalog, cutover and authority PostgreSQL	Run reader, cutover and authority tests in independently owned clusters	2026-09-08T11:09:21.1607607Z ^[[36;1mnpx tsx scripts/run-upgrade-component-tests.ts \^[[0m
Owned Catalog, cutover and authority PostgreSQL	Run reader, cutover and authority tests in independently owned clusters	2026-09-08T11:09:21.1608342Z ^[[36;1m  --expected-daemon-id "$daemon_id" --suite handoff-three-store --github-hosted^[[0m
Owned Catalog, cutover and authority PostgreSQL	Run reader, cutover and authority tests in independently owned clusters	2026-09-08T11:09:21.1659184Z shell: /usr/bin/bash --noprofile --norc -e -o pipefail {0}
Owned Catalog, cutover and authority PostgreSQL	Run reader, cutover and authority tests in independently owned clusters	2026-09-08T11:09:21.1659561Z ##[endgroup]
Owned Catalog, cutover and authority PostgreSQL	Run reader, cutover and authority tests in independently owned clusters	2026-09-08T11:09:34.9461170Z {"evidence":"owned-service-profile","profile":"selfhost-postgres16-alpine-v1","imageId":"sha256:75f5a96988cdf694a215073c3e9c001b706b371e2f94df3967f2efdec2787f6b","databaseProperties":{"encoding":6,"datcollate":"en_US.utf8","datctype":"en_US.utf8","datlocprovider":"c","daticulocale":null,"daticurules":null,"datcollversion":null,"datconnlimit":-1,"datallowconn":true,"datistemplate":false}}
Owned Catalog, cutover and authority PostgreSQL	Run reader, cutover and authority tests in independently owned clusters	2026-09-08T11:09:53.2560616Z 
Owned Catalog, cutover and authority PostgreSQL	Run reader, cutover and authority tests in independently owned clusters	2026-09-08T11:09:53.2562216Z ^[[1m^[[30m^[[46m RUN ^[[49m^[[39m^[[22m ^[[36mv4.1.5 ^[[39m^[[90m/home/runner/work/WiseEff/WiseEff^[[39m
Owned Catalog, cutover and authority PostgreSQL	Run reader, cutover and authority tests in independently owned clusters	2026-09-08T11:09:53.2562920Z 
Owned Catalog, cutover and authority PostgreSQL	Run reader, cutover and authority tests in independently owned clusters	2026-09-08T11:09:53.2564525Z  ^[[32m✓^[[39m server/modules/catalog-kernel/security/catalogReader.integration.test.ts ^[[2m(^[[22m^[[2m49 tests^[[22m^[[2m)^[[22m^[[33m 17111^[[2mms^[[22m^[[39m
Owned Catalog, cutover and authority PostgreSQL	Run reader, cutover and authority tests in independently owned clusters	2026-09-08T11:09:53.2566546Z      ^[[33m^[[2m✓^[[22m^[[39m grants precisely ten SELECTs, no DML, extra-domain reads or function EXECUTE ^[[33m 1363^[[2mms^[[22m^[[39m
Owned Catalog, cutover and authority PostgreSQL	Run reader, cutover and authority tests in independently owned clusters	2026-09-08T11:09:53.2568289Z      ^[[33m^[[2m✓^[[22m^[[39m reuses the audited cluster role in another database and makes committed retries no-op ^[[33m 9074^[[2mms^[[22m^[[39m
Owned Catalog, cutover and authority PostgreSQL	Run reader, cutover and authority tests in independently owned clusters	2026-09-08T11:09:53.2569161Z 
Owned Catalog, cutover and authority PostgreSQL	Run reader, cutover and authority tests in independently owned clusters	2026-09-08T11:09:53.2569986Z ^[[2m Test Files ^[[22m ^[[1m^[[32m1 passed^[[39m^[[22m^[[90m (1)^[[39m
Owned Catalog, cutover and authority PostgreSQL	Run reader, cutover and authority tests in independently owned clusters	2026-09-08T11:09:53.2571307Z ^[[2m      Tests ^[[22m ^[[1m^[[32m49 passed^[[39m^[[22m^[[90m (49)^[[39m
Owned Catalog, cutover and authority PostgreSQL	Run reader, cutover and authority tests in independently owned clusters	2026-09-08T11:09:53.2571829Z ^[[2m   Start at ^[[22m 11:09:35
Owned Catalog, cutover and authority PostgreSQL	Run reader, cutover and authority tests in independently owned clusters	2026-09-08T11:09:53.2572529Z ^[[2m   Duration ^[[22m 17.78s^[[2m (transform 316ms, setup 0ms, import 548ms, tests 17.11s, environment 0ms)^[[22m
Owned Catalog, cutover and authority PostgreSQL	Run reader, cutover and authority tests in independently owned clusters	2026-09-08T11:09:53.2572964Z 
Owned Catalog, cutover and authority PostgreSQL	Run reader, cutover and authority tests in independently owned clusters	2026-09-08T11:09:53.8693411Z {"scope":"isolated-components-only","suite":"reader-pg16","imageReference":"postgres:16-alpine","imageId":"sha256:75f5a96988cdf694a215073c3e9c001b706b371e2f94df3967f2efdec2787f6b","platform":"linux/amd64","containerId":"1b05e0d424d3df84b10ad461c392b07e89255417a54600c21a02b61d265d532a","networkId":"e0d3a6e0be7611cd5a3ea42f8b343ffe3715f59436b5fdb0979720e705a3db6b","exitCode":0,"runnerResourcesCleanupVerified":true,"cleanupVerified":true,"nestedCleanupOutcome":"not-applicable","privateEvidenceRetained":false,"releaseApproved":false}
Owned Catalog, cutover and authority PostgreSQL	Run reader, cutover and authority tests in independently owned clusters	2026-09-08T11:10:03.3205219Z {"evidence":"owned-service-profile","profile":"selfhost-postgres16-alpine-v1","imageId":"sha256:75f5a96988cdf694a215073c3e9c001b706b371e2f94df3967f2efdec2787f6b","databaseProperties":{"encoding":6,"datcollate":"en_US.utf8","datctype":"en_US.utf8","datlocprovider":"c","daticulocale":null,"daticurules":null,"datcollversion":null,"datconnlimit":-1,"datallowconn":true,"datistemplate":false}}
Owned Catalog, cutover and authority PostgreSQL	Run reader, cutover and authority tests in independently owned clusters	2026-09-08T11:10:10.4809429Z 
Owned Catalog, cutover and authority PostgreSQL	Run reader, cutover and authority tests in independently owned clusters	2026-09-08T11:10:10.4811273Z ^[[1m^[[30m^[[46m RUN ^[[49m^[[39m^[[22m ^[[36mv4.1.5 ^[[39m^[[90m/home/runner/work/WiseEff/WiseEff^[[39m
Owned Catalog, cutover and authority PostgreSQL	Run reader, cutover and authority tests in independently owned clusters	2026-09-08T11:10:10.4811956Z 
Owned Catalog, cutover and authority PostgreSQL	Run reader, cutover and authority tests in independently owned clusters	2026-09-08T11:10:10.4813389Z  ^[[32m✓^[[39m server/modules/release-verification/gates/postgres/writerReachability.integration.test.ts ^[[2m(^[[22m^[[2m35 tests^[[22m^[[2m)^[[22m^[[33m 6144^[[2mms^[[22m^[[39m
Owned Catalog, cutover and authority PostgreSQL	Run reader, cutover and authority tests in independently owned clusters	2026-09-08T11:10:10.4814227Z 
Owned Catalog, cutover and authority PostgreSQL	Run reader, cutover and authority tests in independently owned clusters	2026-09-08T11:10:10.4814537Z ^[[2m Test Files ^[[22m ^[[1m^[[32m1 passed^[[39m^[[22m^[[90m (1)^[[39m
Owned Catalog, cutover and authority PostgreSQL	Run reader, cutover and authority tests in independently owned clusters	2026-09-08T11:10:10.4815089Z ^[[2m      Tests ^[[22m ^[[1m^[[32m35 passed^[[39m^[[22m^[[90m (35)^[[39m
Owned Catalog, cutover and authority PostgreSQL	Run reader, cutover and authority tests in independently owned clusters	2026-09-08T11:10:10.4815510Z ^[[2m   Start at ^[[22m 11:10:03
Owned Catalog, cutover and authority PostgreSQL	Run reader, cutover and authority tests in independently owned clusters	2026-09-08T11:10:10.4816307Z ^[[2m   Duration ^[[22m 6.64s^[[2m (transform 306ms, setup 0ms, import 377ms, tests 6.14s, environment 0ms)^[[22m
Owned Catalog, cutover and authority PostgreSQL	Run reader, cutover and authority tests in independently owned clusters	2026-09-08T11:10:10.4816715Z 
Owned Catalog, cutover and authority PostgreSQL	Run reader, cutover and authority tests in independently owned clusters	2026-09-08T11:10:11.0343012Z {"scope":"isolated-components-only","suite":"writer-reachability-pg16","imageReference":"postgres:16-alpine","imageId":"sha256:75f5a96988cdf694a215073c3e9c001b706b371e2f94df3967f2efdec2787f6b","platform":"linux/amd64","containerId":"093c2bdc63f86816303a3c813887cb13d62fb46c54a2bfcab59faeea05f68b16","networkId":"45cdc18fd9af7ad7b406e44576f07db8ec1b27808f9c0d911fce7d9cfe2927dc","exitCode":0,"runnerResourcesCleanupVerified":true,"cleanupVerified":true,"nestedCleanupOutcome":"not-applicable","privateEvidenceRetained":false,"releaseApproved":false}
Owned Catalog, cutover and authority PostgreSQL	Run reader, cutover and authority tests in independently owned clusters	2026-09-08T11:10:20.1958336Z {"evidence":"owned-service-profile","profile":"selfhost-postgres16-alpine-v1","imageId":"sha256:75f5a96988cdf694a215073c3e9c001b706b371e2f94df3967f2efdec2787f6b","databaseProperties":{"encoding":6,"datcollate":"en_US.utf8","datctype":"en_US.utf8","datlocprovider":"c","daticulocale":null,"daticurules":null,"datcollversion":null,"datconnlimit":-1,"datallowconn":true,"datistemplate":false}}
Owned Catalog, cutover and authority PostgreSQL	Run reader, cutover and authority tests in independently owned clusters	2026-09-08T11:10:30.6498439Z 
Owned Catalog, cutover and authority PostgreSQL	Run reader, cutover and authority tests in independently owned clusters	2026-09-08T11:10:30.6500199Z ^[[1m^[[30m^[[46m RUN ^[[49m^[[39m^[[22m ^[[36mv4.1.5 ^[[39m^[[90m/home/runner/work/WiseEff/WiseEff^[[39m
Owned Catalog, cutover and authority PostgreSQL	Run reader, cutover and authority tests in independently owned clusters	2026-09-08T11:10:30.6501310Z 
Owned Catalog, cutover and authority PostgreSQL	Run reader, cutover and authority tests in independently owned clusters	2026-09-08T11:10:30.6502626Z  ^[[32m✓^[[39m server/shared/database/runtimeConnection.integration.test.ts ^[[2m(^[[22m^[[2m11 tests^[[22m^[[2m)^[[22m^[[33m 9121^[[2mms^[[22m^[[39m
Owned Catalog, cutover and authority PostgreSQL	Run reader, cutover and authority tests in independently owned clusters	2026-09-08T11:10:30.6504584Z      ^[[33m^[[2m✓^[[22m^[[39m 'server/index.ts' refuses 'postgres' before worker/server construction ^[[33m 2343^[[2mms^[[22m^[[39m
Owned Catalog, cutover and authority PostgreSQL	Run reader, cutover and authority tests in independently owned clusters	2026-09-08T11:10:30.6506473Z      ^[[33m^[[2m✓^[[22m^[[39m 'server/index.ts' refuses 'runtime' before worker/server construction ^[[33m 1721^[[2mms^[[22m^[[39m
Owned Catalog, cutover and authority PostgreSQL	Run reader, cutover and authority tests in independently owned clusters	2026-09-08T11:10:30.6508696Z      ^[[33m^[[2m✓^[[22m^[[39m 'server/modules/logs/workerRunner.ts' refuses 'postgres' before worker/server construction ^[[33m 1005^[[2mms^[[22m^[[39m
Owned Catalog, cutover and authority PostgreSQL	Run reader, cutover and authority tests in independently owned clusters	2026-09-08T11:10:30.6511436Z      ^[[33m^[[2m✓^[[22m^[[39m 'server/modules/logs/workerRunner.ts' refuses 'runtime' before worker/server construction ^[[33m 1031^[[2mms^[[22m^[[39m
Owned Catalog, cutover and authority PostgreSQL	Run reader, cutover and authority tests in independently owned clusters	2026-09-08T11:10:30.6512418Z 
Owned Catalog, cutover and authority PostgreSQL	Run reader, cutover and authority tests in independently owned clusters	2026-09-08T11:10:30.6512984Z ^[[2m Test Files ^[[22m ^[[1m^[[32m1 passed^[[39m^[[22m^[[90m (1)^[[39m
Owned Catalog, cutover and authority PostgreSQL	Run reader, cutover and authority tests in independently owned clusters	2026-09-08T11:10:30.6513982Z ^[[2m      Tests ^[[22m ^[[1m^[[32m11 passed^[[39m^[[22m^[[90m (11)^[[39m
Owned Catalog, cutover and authority PostgreSQL	Run reader, cutover and authority tests in independently owned clusters	2026-09-08T11:10:30.6514781Z ^[[2m   Start at ^[[22m 11:10:20
Owned Catalog, cutover and authority PostgreSQL	Run reader, cutover and authority tests in independently owned clusters	2026-09-08T11:10:30.6516016Z ^[[2m   Duration ^[[22m 9.90s^[[2m (transform 177ms, setup 0ms, import 655ms, tests 9.12s, environment 0ms)^[[22m
Owned Catalog, cutover and authority PostgreSQL	Run reader, cutover and authority tests in independently owned clusters	2026-09-08T11:10:30.6516716Z 
Owned Catalog, cutover and authority PostgreSQL	Run reader, cutover and authority tests in independently owned clusters	2026-09-08T11:10:31.2184023Z {"scope":"isolated-components-only","suite":"runtime-identity-pg16","imageReference":"postgres:16-alpine","imageId":"sha256:75f5a96988cdf694a215073c3e9c001b706b371e2f94df3967f2efdec2787f6b","platform":"linux/amd64","containerId":"f8b95330a81cccce97969f4dcfd01394b365238d25d96cf25356a2c4b570246e","networkId":"e44e0b517b40adf50211a72c263b4af89df3a82cff0b5bc703d7f8cd8832ecb9","exitCode":0,"runnerResourcesCleanupVerified":true,"cleanupVerified":true,"nestedCleanupOutcome":"not-applicable","privateEvidenceRetained":false,"releaseApproved":false}
Owned Catalog, cutover and authority PostgreSQL	Run reader, cutover and authority tests in independently owned clusters	2026-09-08T11:10:40.6672045Z {"evidence":"owned-service-profile","profile":"selfhost-postgres16-alpine-v1","imageId":"sha256:75f5a96988cdf694a215073c3e9c001b706b371e2f94df3967f2efdec2787f6b","databaseProperties":{"encoding":6,"datcollate":"en_US.utf8","datctype":"en_US.utf8","datlocprovider":"c","daticulocale":null,"daticurules":null,"datcollversion":null,"datconnlimit":-1,"datallowconn":true,"datistemplate":false}}
Owned Catalog, cutover and authority PostgreSQL	Run reader, cutover and authority tests in independently owned clusters	2026-09-08T11:10:52.6179213Z 
Owned Catalog, cutover and authority PostgreSQL	Run reader, cutover and authority tests in independently owned clusters	2026-09-08T11:10:52.6182241Z ^[[1m^[[30m^[[46m RUN ^[[49m^[[39m^[[22m ^[[36mv4.1.5 ^[[39m^[[90m/home/runner/work/WiseEff/WiseEff^[[39m
Owned Catalog, cutover and authority PostgreSQL	Run reader, cutover and authority tests in independently owned clusters	2026-09-08T11:10:52.6182910Z 
Owned Catalog, cutover and authority PostgreSQL	Run reader, cutover and authority tests in independently owned clusters	2026-09-08T11:10:52.6184867Z ^[[90mstdout^[[2m | ops/self-hosted/scripts/parameter-catalog-upgrade/runtimeRoleSource.integration.test.ts^[[2m > ^[[22m^[[2mobserves actual application and optional governance LOGIN OIDs without startup admission
Owned Catalog, cutover and authority PostgreSQL	Run reader, cutover and authority tests in independently owned clusters	2026-09-08T11:10:52.6187951Z ^[[22m^[[39m{"evidence":"runtime-role-schema-wire-shape","nativeType":"string","nativeArray":false,"nativeOid":1003,"normalizedType":"object","normalizedArray":true,"normalizedOid":1009,"catalogFirst":true}
Owned Catalog, cutover and authority PostgreSQL	Run reader, cutover and authority tests in independently owned clusters	2026-09-08T11:10:52.6189475Z 
Owned Catalog, cutover and authority PostgreSQL	Run reader, cutover and authority tests in independently owned clusters	2026-09-08T11:10:52.6191255Z ^[[90mstdout^[[2m | ops/self-hosted/scripts/parameter-catalog-upgrade/runtimeRoleSource.integration.test.ts^[[2m > ^[[22m^[[2mrejects the actual wrong manager password and releases every prior pool
Owned Catalog, cutover and authority PostgreSQL	Run reader, cutover and authority tests in independently owned clusters	2026-09-08T11:10:52.6192437Z ^[[22m^[[39m{"evidence":"runtime-role-close-pids","atReturn":[],"server":[]}
Owned Catalog, cutover and authority PostgreSQL	Run reader, cutover and authority tests in independently owned clusters	2026-09-08T11:10:52.6192748Z 
Owned Catalog, cutover and authority PostgreSQL	Run reader, cutover and authority tests in independently owned clusters	2026-09-08T11:10:52.6193737Z ^[[90mstdout^[[2m | ops/self-hosted/scripts/parameter-catalog-upgrade/runtimeRoleSource.integration.test.ts^[[2m > ^[[22m^[[2mrejects the actual wrong worker password and releases every prior pool
Owned Catalog, cutover and authority PostgreSQL	Run reader, cutover and authority tests in independently owned clusters	2026-09-08T11:10:52.6195146Z ^[[22m^[[39m{"evidence":"runtime-role-close-pids","atReturn":[{"kind":"manager","pid":119,"ended":true},{"kind":"api","pid":120,"ended":true}],"server":[]}
Owned Catalog, cutover and authority PostgreSQL	Run reader, cutover and authority tests in independently owned clusters	2026-09-08T11:10:52.6195673Z 
Owned Catalog, cutover and authority PostgreSQL	Run reader, cutover and authority tests in independently owned clusters	2026-09-08T11:10:52.6196700Z ^[[90mstdout^[[2m | ops/self-hosted/scripts/parameter-catalog-upgrade/runtimeRoleSource.integration.test.ts^[[2m > ^[[22m^[[2mrefuses an issued observation after actual manager backend termination and closes all pools
Owned Catalog, cutover and authority PostgreSQL	Run reader, cutover and authority tests in independently owned clusters	2026-09-08T11:10:52.6198362Z ^[[22m^[[39m{"evidence":"runtime-role-close-pids","atReturn":[{"kind":"manager","pid":122,"ended":true},{"kind":"api","pid":123,"ended":true},{"kind":"worker","pid":124,"ended":true}],"server":[]}
Owned Catalog, cutover and authority PostgreSQL	Run reader, cutover and authority tests in independently owned clusters	2026-09-08T11:10:52.6199591Z 
Owned Catalog, cutover and authority PostgreSQL	Run reader, cutover and authority tests in independently owned clusters	2026-09-08T11:10:52.6201093Z ^[[90mstdout^[[2m | ops/self-hosted/scripts/parameter-catalog-upgrade/runtimeRoleSource.integration.test.ts^[[2m > ^[[22m^[[2mrefuses an issued observation after actual manager backend termination and closes all pools
Owned Catalog, cutover and authority PostgreSQL	Run reader, cutover and authority tests in independently owned clusters	2026-09-08T11:10:52.6202774Z ^[[22m^[[39m{"evidence":"runtime-role-close-pids","atReturn":[{"kind":"manager","pid":122,"ended":true},{"kind":"api","pid":123,"ended":true},{"kind":"worker","pid":124,"ended":true}],"server":[]}
Owned Catalog, cutover and authority PostgreSQL	Run reader, cutover and authority tests in independently owned clusters	2026-09-08T11:10:52.6203407Z 
Owned Catalog, cutover and authority PostgreSQL	Run reader, cutover and authority tests in independently owned clusters	2026-09-08T11:10:52.6204436Z ^[[90mstdout^[[2m | ops/self-hosted/scripts/parameter-catalog-upgrade/runtimeRoleSource.integration.test.ts^[[2m > ^[[22m^[[2mrefuses an issued observation after actual worker backend termination and closes all pools
Owned Catalog, cutover and authority PostgreSQL	Run reader, cutover and authority tests in independently owned clusters	2026-09-08T11:10:52.6206097Z ^[[22m^[[39m{"evidence":"runtime-role-close-pids","atReturn":[{"kind":"manager","pid":125,"ended":true},{"kind":"api","pid":126,"ended":true},{"kind":"worker","pid":127,"ended":true}],"server":[]}
Owned Catalog, cutover and authority PostgreSQL	Run reader, cutover and authority tests in independently owned clusters	2026-09-08T11:10:52.6206749Z 
Owned Catalog, cutover and authority PostgreSQL	Run reader, cutover and authority tests in independently owned clusters	2026-09-08T11:10:52.6207784Z ^[[90mstdout^[[2m | ops/self-hosted/scripts/parameter-catalog-upgrade/runtimeRoleSource.integration.test.ts^[[2m > ^[[22m^[[2mrefuses an issued observation after actual worker backend termination and closes all pools
Owned Catalog, cutover and authority PostgreSQL	Run reader, cutover and authority tests in independently owned clusters	2026-09-08T11:10:52.6209437Z ^[[22m^[[39m{"evidence":"runtime-role-close-pids","atReturn":[{"kind":"manager","pid":125,"ended":true},{"kind":"api","pid":126,"ended":true},{"kind":"worker","pid":127,"ended":true}],"server":[]}
Owned Catalog, cutover and authority PostgreSQL	Run reader, cutover and authority tests in independently owned clusters	2026-09-08T11:10:52.6210324Z 
Owned Catalog, cutover and authority PostgreSQL	Run reader, cutover and authority tests in independently owned clusters	2026-09-08T11:10:52.6211573Z ^[[90mstdout^[[2m | ops/self-hosted/scripts/parameter-catalog-upgrade/runtimeRoleSource.integration.test.ts^[[2m > ^[[22m^[[2msettles initialization and releases pools when the actual management backend is terminated at checkout
Owned Catalog, cutover and authority PostgreSQL	Run reader, cutover and authority tests in independently owned clusters	2026-09-08T11:10:52.6212961Z ^[[22m^[[39m{"evidence":"runtime-role-close-pids","atReturn":[{"kind":"manager","pid":128,"ended":true}],"server":[]}
Owned Catalog, cutover and authority PostgreSQL	Run reader, cutover and authority tests in independently owned clusters	2026-09-08T11:10:52.6213639Z 
Owned Catalog, cutover and authority PostgreSQL	Run reader, cutover and authority tests in independently owned clusters	2026-09-08T11:10:52.6214449Z  ^[[32m✓^[[39m ops/self-hosted/scripts/parameter-catalog-upgrade/runtimeRoleSource.integration.test.ts ^[[2m(^[[22m^[[2m13 tests^[[22m^[[2m)^[[22m^[[33m 10518^[[2mms^[[22m^[[39m
Owned Catalog, cutover and authority PostgreSQL	Run reader, cutover and authority tests in independently owned clusters	2026-09-08T11:10:52.6215665Z    ^[[33m^[[2m✓^[[22m^[[39m observes actual application and optional governance LOGIN OIDs without startup admission ^[[33m 655^[[2mms^[[22m^[[39m
Owned Catalog, cutover and authority PostgreSQL	Run reader, cutover and authority tests in independently owned clusters	2026-09-08T11:10:52.6216680Z    ^[[33m^[[2m✓^[[22m^[[39m refuses replacement of the pinned file after actual LOGIN authentication ^[[33m 477^[[2mms^[[22m^[[39m
Owned Catalog, cutover and authority PostgreSQL	Run reader, cutover and authority tests in independently owned clusters	2026-09-08T11:10:52.6217686Z    ^[[33m^[[2m✓^[[22m^[[39m observes a runtime privilege change after issuance instead of trusting cached identity ^[[33m 539^[[2mms^[[22m^[[39m
Owned Catalog, cutover and authority PostgreSQL	Run reader, cutover and authority tests in independently owned clusters	2026-09-08T11:10:52.6218644Z    ^[[33m^[[2m✓^[[22m^[[39m rejects the actual wrong worker password and releases every prior pool ^[[33m 308^[[2mms^[[22m^[[39m
Owned Catalog, cutover and authority PostgreSQL	Run reader, cutover and authority tests in independently owned clusters	2026-09-08T11:10:52.6219636Z    ^[[33m^[[2m✓^[[22m^[[39m refuses an issued observation after actual manager backend termination and closes all pools ^[[33m 615^[[2mms^[[22m^[[39m
Owned Catalog, cutover and authority PostgreSQL	Run reader, cutover and authority tests in independently owned clusters	2026-09-08T11:10:52.6221040Z    ^[[33m^[[2m✓^[[22m^[[39m refuses an issued observation after actual worker backend termination and closes all pools ^[[33m 612^[[2mms^[[22m^[[39m
Owned Catalog, cutover and authority PostgreSQL	Run reader, cutover and authority tests in independently owned clusters	2026-09-08T11:10:52.6221549Z 
Owned Catalog, cutover and authority PostgreSQL	Run reader, cutover and authority tests in independently owned clusters	2026-09-08T11:10:52.6221843Z ^[[2m Test Files ^[[22m ^[[1m^[[32m1 passed^[[39m^[[22m^[[90m (1)^[[39m
Owned Catalog, cutover and authority PostgreSQL	Run reader, cutover and authority tests in independently owned clusters	2026-09-08T11:10:52.6222385Z ^[[2m      Tests ^[[22m ^[[1m^[[32m13 passed^[[39m^[[22m^[[90m (13)^[[39m
Owned Catalog, cutover and authority PostgreSQL	Run reader, cutover and authority tests in independently owned clusters	2026-09-08T11:10:52.6222812Z ^[[2m   Start at ^[[22m 11:10:41
Owned Catalog, cutover and authority PostgreSQL	Run reader, cutover and authority tests in independently owned clusters	2026-09-08T11:10:52.6223536Z ^[[2m   Duration ^[[22m 11.41s^[[2m (transform 496ms, setup 0ms, import 773ms, tests 10.52s, environment 0ms)^[[22m
Owned Catalog, cutover and authority PostgreSQL	Run reader, cutover and authority tests in independently owned clusters	2026-09-08T11:10:52.6223944Z 
Owned Catalog, cutover and authority PostgreSQL	Run reader, cutover and authority tests in independently owned clusters	2026-09-08T11:10:53.1862486Z {"scope":"isolated-components-only","suite":"runtime-role-source-pg16","imageReference":"postgres:16-alpine","imageId":"sha256:75f5a96988cdf694a215073c3e9c001b706b371e2f94df3967f2efdec2787f6b","platform":"linux/amd64","containerId":"f568bb5b323bbfd8edb288abc9b241158623d53b32fd6052dcec9af5251fe21a","networkId":"859f7b7756f1b6ce97f5203db560cb7651e36cd3fc41fc73210e591583294ba6","exitCode":0,"runnerResourcesCleanupVerified":true,"cleanupVerified":true,"nestedCleanupOutcome":"not-applicable","privateEvidenceRetained":false,"releaseApproved":false}
Owned Catalog, cutover and authority PostgreSQL	Run reader, cutover and authority tests in independently owned clusters	2026-09-08T11:11:02.5801432Z {"evidence":"owned-service-profile","profile":"selfhost-postgres16-alpine-v1","imageId":"sha256:75f5a96988cdf694a215073c3e9c001b706b371e2f94df3967f2efdec2787f6b","databaseProperties":{"encoding":6,"datcollate":"en_US.utf8","datctype":"en_US.utf8","datlocprovider":"c","daticulocale":null,"daticurules":null,"datcollversion":null,"datconnlimit":-1,"datallowconn":true,"datistemplate":false}}
Owned Catalog, cutover and authority PostgreSQL	Run reader, cutover and authority tests in independently owned clusters	2026-09-08T11:13:11.0424299Z 
Owned Catalog, cutover and authority PostgreSQL	Run reader, cutover and authority tests in independently owned clusters	2026-09-08T11:13:11.0425615Z ^[[1m^[[30m^[[46m RUN ^[[49m^[[39m^[[22m ^[[36mv4.1.5 ^[[39m^[[90m/home/runner/work/WiseEff/WiseEff^[[39m
Owned Catalog, cutover and authority PostgreSQL	Run reader, cutover and authority tests in independently owned clusters	2026-09-08T11:13:11.0426221Z 
Owned Catalog, cutover and authority PostgreSQL	Run reader, cutover and authority tests in independently owned clusters	2026-09-08T11:13:11.0428718Z ^[[90mstdout^[[2m | server/modules/catalog-cutover/retirement/legacySqlPrivilegeFence.integration.test.ts^[[2m > ^[[22m^[[2mcross-database dependency lifecycle^[[2m > ^[[22m^[[2mfreezes cross-database ACL dependencies until acknowledgment without touching the other database's grants
Owned Catalog, cutover and authority PostgreSQL	Run reader, cutover and authority tests in independently owned clusters	2026-09-08T11:13:11.0432370Z ^[[22m^[[39m{"evidence":"sql-dependency-lifecycle","stage":"second-database-start","elapsedMs":0}
Owned Catalog, cutover and authority PostgreSQL	Run reader, cutover and authority tests in independently owned clusters	2026-09-08T11:13:11.0433106Z 
Owned Catalog, cutover and authority PostgreSQL	Run reader, cutover and authority tests in independently owned clusters	2026-09-08T11:13:11.0435691Z ^[[90mstdout^[[2m | server/modules/catalog-cutover/retirement/legacySqlPrivilegeFence.integration.test.ts^[[2m > ^[[22m^[[2mcross-database dependency lifecycle^[[2m > ^[[22m^[[2mfreezes cross-database ACL dependencies until acknowledgment without touching the other database's grants
Owned Catalog, cutover and authority PostgreSQL	Run reader, cutover and authority tests in independently owned clusters	2026-09-08T11:13:11.0438596Z ^[[22m^[[39m{"evidence":"sql-dependency-lifecycle","stage":"second-database-ready","elapsedMs":1863}
Owned Catalog, cutover and authority PostgreSQL	Run reader, cutover and authority tests in independently owned clusters	2026-09-08T11:13:11.0439363Z 
Owned Catalog, cutover and authority PostgreSQL	Run reader, cutover and authority tests in independently owned clusters	2026-09-08T11:13:11.0442390Z ^[[90mstdout^[[2m | server/modules/catalog-cutover/retirement/legacySqlPrivilegeFence.integration.test.ts^[[2m > ^[[22m^[[2mcross-database dependency lifecycle^[[2m > ^[[22m^[[2mfreezes cross-database ACL dependencies until acknowledgment without touching the other database's grants
Owned Catalog, cutover and authority PostgreSQL	Run reader, cutover and authority tests in independently owned clusters	2026-09-08T11:13:11.0445884Z ^[[22m^[[39m{"evidence":"sql-dependency-lifecycle","stage":"second-session-ready","elapsedMs":1869}
Owned Catalog, cutover and authority PostgreSQL	Run reader, cutover and authority tests in independently owned clusters	2026-09-08T11:13:11.0446658Z 
Owned Catalog, cutover and authority PostgreSQL	Run reader, cutover and authority tests in independently owned clusters	2026-09-08T11:13:11.0449401Z ^[[90mstdout^[[2m | server/modules/catalog-cutover/retirement/legacySqlPrivilegeFence.integration.test.ts^[[2m > ^[[22m^[[2mcross-database dependency lifecycle^[[2m > ^[[22m^[[2mfreezes cross-database ACL dependencies until acknowledgment without touching the other database's grants
Owned Catalog, cutover and authority PostgreSQL	Run reader, cutover and authority tests in independently owned clusters	2026-09-08T11:13:11.0452612Z ^[[22m^[[39m{"evidence":"sql-dependency-lifecycle","stage":"preparation-complete","elapsedMs":1877}
Owned Catalog, cutover and authority PostgreSQL	Run reader, cutover and authority tests in independently owned clusters	2026-09-08T11:13:11.0453378Z 
Owned Catalog, cutover and authority PostgreSQL	Run reader, cutover and authority tests in independently owned clusters	2026-09-08T11:13:11.0456071Z ^[[90mstdout^[[2m | server/modules/catalog-cutover/retirement/legacySqlPrivilegeFence.integration.test.ts^[[2m > ^[[22m^[[2mcross-database dependency lifecycle^[[2m > ^[[22m^[[2mfreezes cross-database ACL dependencies until acknowledgment without touching the other database's grants
Owned Catalog, cutover and authority PostgreSQL	Run reader, cutover and authority tests in independently owned clusters	2026-09-08T11:13:11.0458814Z ^[[22m^[[39m{"evidence":"sql-dependency-lifecycle","stage":"effect-start","elapsedMs":1882}
Owned Catalog, cutover and authority PostgreSQL	Run reader, cutover and authority tests in independently owned clusters	2026-09-08T11:13:11.0459517Z 
Owned Catalog, cutover and authority PostgreSQL	Run reader, cutover and authority tests in independently owned clusters	2026-09-08T11:13:11.0462435Z ^[[90mstdout^[[2m | server/modules/catalog-cutover/retirement/legacySqlPrivilegeFence.integration.test.ts^[[2m > ^[[22m^[[2mcross-database dependency lifecycle^[[2m > ^[[22m^[[2mfreezes cross-database ACL dependencies until acknowledgment without touching the other database's grants
Owned Catalog, cutover and authority PostgreSQL	Run reader, cutover and authority tests in independently owned clusters	2026-09-08T11:13:11.0465233Z ^[[22m^[[39m{"evidence":"sql-dependency-lifecycle","stage":"effect-complete","elapsedMs":2039}
Owned Catalog, cutover and authority PostgreSQL	Run reader, cutover and authority tests in independently owned clusters	2026-09-08T11:13:11.0465962Z 
Owned Catalog, cutover and authority PostgreSQL	Run reader, cutover and authority tests in independently owned clusters	2026-09-08T11:13:11.0468625Z ^[[90mstdout^[[2m | server/modules/catalog-cutover/retirement/legacySqlPrivilegeFence.integration.test.ts^[[2m > ^[[22m^[[2mcross-database dependency lifecycle^[[2m > ^[[22m^[[2mfreezes cross-database ACL dependencies until acknowledgment without touching the other database's grants
Owned Catalog, cutover and authority PostgreSQL	Run reader, cutover and authority tests in independently owned clusters	2026-09-08T11:13:11.0472322Z ^[[22m^[[39m{"evidence":"sql-dependency-lifecycle","stage":"assertions-complete","elapsedMs":2042}
Owned Catalog, cutover and authority PostgreSQL	Run reader, cutover and authority tests in independently owned clusters	2026-09-08T11:13:11.0473140Z 
Owned Catalog, cutover and authority PostgreSQL	Run reader, cutover and authority tests in independently owned clusters	2026-09-08T11:13:11.0475780Z ^[[90mstdout^[[2m | server/modules/catalog-cutover/retirement/legacySqlPrivilegeFence.integration.test.ts^[[2m > ^[[22m^[[2mcross-database dependency lifecycle^[[2m > ^[[22m^[[2mfreezes cross-database ACL dependencies until acknowledgment without touching the other database's grants
Owned Catalog, cutover and authority PostgreSQL	Run reader, cutover and authority tests in independently owned clusters	2026-09-08T11:13:11.0479334Z ^[[22m^[[39m{"evidence":"sql-dependency-lifecycle","stage":"second-session-close","elapsedMs":2045}
Owned Catalog, cutover and authority PostgreSQL	Run reader, cutover and authority tests in independently owned clusters	2026-09-08T11:13:11.0480332Z 
Owned Catalog, cutover and authority PostgreSQL	Run reader, cutover and authority tests in independently owned clusters	2026-09-08T11:13:11.0483074Z ^[[90mstdout^[[2m | server/modules/catalog-cutover/retirement/legacySqlPrivilegeFence.integration.test.ts^[[2m > ^[[22m^[[2mcross-database dependency lifecycle^[[2m > ^[[22m^[[2mfreezes cross-database ACL dependencies until acknowledgment without touching the other database's grants
Owned Catalog, cutover and authority PostgreSQL	Run reader, cutover and authority tests in independently owned clusters	2026-09-08T11:13:11.0485911Z ^[[22m^[[39m{"evidence":"sql-dependency-lifecycle","stage":"second-pool-close","elapsedMs":2045}
Owned Catalog, cutover and authority PostgreSQL	Run reader, cutover and authority tests in independently owned clusters	2026-09-08T11:13:11.0486613Z 
Owned Catalog, cutover and authority PostgreSQL	Run reader, cutover and authority tests in independently owned clusters	2026-09-08T11:13:11.0489273Z ^[[90mstdout^[[2m | server/modules/catalog-cutover/retirement/legacySqlPrivilegeFence.integration.test.ts^[[2m > ^[[22m^[[2mcross-database dependency lifecycle^[[2m > ^[[22m^[[2mfreezes cross-database ACL dependencies until acknowledgment without touching the other database's grants
Owned Catalog, cutover and authority PostgreSQL	Run reader, cutover and authority tests in independently owned clusters	2026-09-08T11:13:11.0492682Z ^[[22m^[[39m{"evidence":"sql-dependency-lifecycle","stage":"second-database-close","elapsedMs":3011}
Owned Catalog, cutover and authority PostgreSQL	Run reader, cutover and authority tests in independently owned clusters	2026-09-08T11:13:11.0493422Z 
Owned Catalog, cutover and authority PostgreSQL	Run reader, cutover and authority tests in independently owned clusters	2026-09-08T11:13:11.0494934Z  ^[[32m✓^[[39m server/modules/catalog-cutover/retirement/legacySqlPrivilegeFence.integration.test.ts ^[[2m(^[[22m^[[2m21 tests^[[22m^[[2m)^[[22m^[[33m 125688^[[2mms^[[22m^[[39m
Owned Catalog, cutover and authority PostgreSQL	Run reader, cutover and authority tests in independently owned clusters	2026-09-08T11:13:11.0497327Z    ^[[33m^[[2m✓^[[22m^[[39m retires an actual direct grant without removing SELECT, owners or unrelated business privileges ^[[33m 5770^[[2mms^[[22m^[[39m
Owned Catalog, cutover and authority PostgreSQL	Run reader, cutover and authority tests in independently owned clusters	2026-09-08T11:13:11.0499412Z    ^[[33m^[[2m✓^[[22m^[[39m retires an actual column grant without removing SELECT, owners or unrelated business privileges ^[[33m 5648^[[2mms^[[22m^[[39m
Owned Catalog, cutover and authority PostgreSQL	Run reader, cutover and authority tests in independently owned clusters	2026-09-08T11:13:11.0501670Z    ^[[33m^[[2m✓^[[22m^[[39m retires an actual public grant without removing SELECT, owners or unrelated business privileges ^[[33m 5536^[[2mms^[[22m^[[39m
Owned Catalog, cutover and authority PostgreSQL	Run reader, cutover and authority tests in independently owned clusters	2026-09-08T11:13:11.0504042Z    ^[[33m^[[2m✓^[[22m^[[39m retires an actual inherit grant without removing SELECT, owners or unrelated business privileges ^[[33m 5530^[[2mms^[[22m^[[39m
Owned Catalog, cutover and authority PostgreSQL	Run reader, cutover and authority tests in independently owned clusters	2026-09-08T11:13:11.0506114Z    ^[[33m^[[2m✓^[[22m^[[39m retires an actual set grant without removing SELECT, owners or unrelated business privileges ^[[33m 5536^[[2mms^[[22m^[[39m
Owned Catalog, cutover and authority PostgreSQL	Run reader, cutover and authority tests in independently owned clusters	2026-09-08T11:13:11.0507938Z    ^[[33m^[[2m✓^[[22m^[[39m does not dispatch REVOKE when the root's host intent persistence fails ^[[33m 5433^[[2mms^[[22m^[[39m
Owned Catalog, cutover and authority PostgreSQL	Run reader, cutover and authority tests in independently owned clusters	2026-09-08T11:13:11.0509641Z    ^[[33m^[[2m✓^[[22m^[[39m rejects an existing caller transaction without committing or ending it ^[[33m 5347^[[2mms^[[22m^[[39m
Owned Catalog, cutover and authority PostgreSQL	Run reader, cutover and authority tests in independently owned clusters	2026-09-08T11:13:11.0511676Z    ^[[33m^[[2m✓^[[22m^[[39m refuses unsupported owner scope before persisting intent or revoking ^[[33m 5401^[[2mms^[[22m^[[39m
Owned Catalog, cutover and authority PostgreSQL	Run reader, cutover and authority tests in independently owned clusters	2026-09-08T11:13:11.0513378Z    ^[[33m^[[2m✓^[[22m^[[39m refuses unsupported super scope before persisting intent or revoking ^[[33m 5645^[[2mms^[[22m^[[39m
Owned Catalog, cutover and authority PostgreSQL	Run reader, cutover and authority tests in independently owned clusters	2026-09-08T11:13:11.0515096Z    ^[[33m^[[2m✓^[[22m^[[39m refuses unsupported recovery scope before persisting intent or revoking ^[[33m 5489^[[2mms^[[22m^[[39m
Owned Catalog, cutover and authority PostgreSQL	Run reader, cutover and authority tests in independently owned clusters	2026-09-08T11:13:11.0516793Z    ^[[33m^[[2m✓^[[22m^[[39m refuses unsupported shared scope before persisting intent or revoking ^[[33m 5489^[[2mms^[[22m^[[39m
Owned Catalog, cutover and authority PostgreSQL	Run reader, cutover and authority tests in independently owned clusters	2026-09-08T11:13:11.0518469Z    ^[[33m^[[2m✓^[[22m^[[39m refuses unsupported references scope before persisting intent or revoking ^[[33m 6434^[[2mms^[[22m^[[39m
Owned Catalog, cutover and authority PostgreSQL	Run reader, cutover and authority tests in independently owned clusters	2026-09-08T11:13:11.0520542Z    ^[[33m^[[2m✓^[[22m^[[39m refuses unsupported grant-option scope before persisting intent or revoking ^[[33m 6254^[[2mms^[[22m^[[39m
Owned Catalog, cutover and authority PostgreSQL	Run reader, cutover and authority tests in independently owned clusters	2026-09-08T11:13:11.0522385Z    ^[[33m^[[2m✓^[[22m^[[39m does not fall back when the actual management session has changed role ^[[33m 6240^[[2mms^[[22m^[[39m
Owned Catalog, cutover and authority PostgreSQL	Run reader, cutover and authority tests in independently owned clusters	2026-09-08T11:13:11.0524326Z    ^[[33m^[[2m✓^[[22m^[[39m refuses an unsafe actual management search path before identity observation or effect ^[[33m 5999^[[2mms^[[22m^[[39m
Owned Catalog, cutover and authority PostgreSQL	Run reader, cutover and authority tests in independently owned clusters	2026-09-08T11:13:11.0526177Z    ^[[33m^[[2m✓^[[22m^[[39m refuses the actual seventh-table competing lock before intent ^[[33m 6384^[[2mms^[[22m^[[39m
Owned Catalog, cutover and authority PostgreSQL	Run reader, cutover and authority tests in independently owned clusters	2026-09-08T11:13:11.0528166Z    ^[[33m^[[2m✓^[[22m^[[39m keeps the actual committed effect inspectable after host acknowledgment failure and never replays it ^[[33m 5924^[[2mms^[[22m^[[39m
Owned Catalog, cutover and authority PostgreSQL	Run reader, cutover and authority tests in independently owned clusters	2026-09-08T11:13:11.0530838Z    ^[[33m^[[2m✓^[[22m^[[39m freezes actual role membership until the final host acknowledgment and releases that lock afterwards ^[[33m 6218^[[2mms^[[22m^[[39m
Owned Catalog, cutover and authority PostgreSQL	Run reader, cutover and authority tests in independently owned clusters	2026-09-08T11:13:11.0533049Z      ^[[33m^[[2m✓^[[22m^[[39m freezes cross-database ACL dependencies until acknowledgment without touching the other database's grants ^[[33m 9190^[[2mms^[[22m^[[39m
Owned Catalog, cutover and authority PostgreSQL	Run reader, cutover and authority tests in independently owned clusters	2026-09-08T11:13:11.0535206Z    ^[[33m^[[2m✓^[[22m^[[39m retires the existing module mapping mutation grants while retaining SELECT and the original rule ^[[33m 6122^[[2mms^[[22m^[[39m
Owned Catalog, cutover and authority PostgreSQL	Run reader, cutover and authority tests in independently owned clusters	2026-09-08T11:13:11.0537135Z    ^[[33m^[[2m✓^[[22m^[[39m composes ordinary source NOLOGIN with candidate SQL retirement while preserving reads ^[[33m 6097^[[2mms^[[22m^[[39m
Owned Catalog, cutover and authority PostgreSQL	Run reader, cutover and authority tests in independently owned clusters	2026-09-08T11:13:11.0538013Z 
Owned Catalog, cutover and authority PostgreSQL	Run reader, cutover and authority tests in independently owned clusters	2026-09-08T11:13:11.0538965Z ^[[2m Test Files ^[[22m ^[[1m^[[32m1 passed^[[39m^[[22m^[[90m (1)^[[39m
Owned Catalog, cutover and authority PostgreSQL	Run reader, cutover and authority tests in independently owned clusters	2026-09-08T11:13:11.0540243Z ^[[2m      Tests ^[[22m ^[[1m^[[32m21 passed^[[39m^[[22m^[[90m (21)^[[39m
Owned Catalog, cutover and authority PostgreSQL	Run reader, cutover and authority tests in independently owned clusters	2026-09-08T11:13:11.0541041Z ^[[2m   Start at ^[[22m 11:11:03
Owned Catalog, cutover and authority PostgreSQL	Run reader, cutover and authority tests in independently owned clusters	2026-09-08T11:13:11.0542275Z ^[[2m   Duration ^[[22m 127.93s^[[2m (transform 1.61s, setup 0ms, import 2.13s, tests 125.69s, environment 0ms)^[[22m
Owned Catalog, cutover and authority PostgreSQL	Run reader, cutover and authority tests in independently owned clusters	2026-09-08T11:13:11.0543008Z 
Owned Catalog, cutover and authority PostgreSQL	Run reader, cutover and authority tests in independently owned clusters	2026-09-08T11:13:11.6488814Z {"scope":"isolated-components-only","suite":"legacy-sql-privileges-pg16","imageReference":"postgres:16-alpine","imageId":"sha256:75f5a96988cdf694a215073c3e9c001b706b371e2f94df3967f2efdec2787f6b","platform":"linux/amd64","containerId":"2fa2d0d02b6d8eac836198f5ee4ff1cfffbe04057985a7628b1a1ee299a1b018","networkId":"9b215f1c792475b48e5b3f9052e18eef624456d8ec06efb0d506ffb110089108","exitCode":0,"runnerResourcesCleanupVerified":true,"cleanupVerified":true,"nestedCleanupOutcome":"not-applicable","privateEvidenceRetained":false,"releaseApproved":false}
Owned Catalog, cutover and authority PostgreSQL	Run reader, cutover and authority tests in independently owned clusters	2026-09-08T11:13:21.3147072Z {"evidence":"owned-service-profile","profile":"selfhost-postgres16-alpine-v1","imageId":"sha256:75f5a96988cdf694a215073c3e9c001b706b371e2f94df3967f2efdec2787f6b","databaseProperties":{"encoding":6,"datcollate":"en_US.utf8","datctype":"en_US.utf8","datlocprovider":"c","daticulocale":null,"daticurules":null,"datcollversion":null,"datconnlimit":-1,"datallowconn":true,"datistemplate":false}}
Owned Catalog, cutover and authority PostgreSQL	Run reader, cutover and authority tests in independently owned clusters	2026-09-08T11:13:36.0886204Z 
Owned Catalog, cutover and authority PostgreSQL	Run reader, cutover and authority tests in independently owned clusters	2026-09-08T11:13:36.0887349Z ^[[1m^[[30m^[[46m RUN ^[[49m^[[39m^[[22m ^[[36mv4.1.5 ^[[39m^[[90m/home/runner/work/WiseEff/WiseEff^[[39m
Owned Catalog, cutover and authority PostgreSQL	Run reader, cutover and authority tests in independently owned clusters	2026-09-08T11:13:36.0887969Z 
Owned Catalog, cutover and authority PostgreSQL	Run reader, cutover and authority tests in independently owned clusters	2026-09-08T11:13:36.0889197Z  ^[[32m✓^[[39m server/modules/parameter-governance/review/persistedQuery.integration.test.ts ^[[2m(^[[22m^[[2m5 tests^[[22m^[[2m)^[[22m^[[33m 6060^[[2mms^[[22m^[[39m
Owned Catalog, cutover and authority PostgreSQL	Run reader, cutover and authority tests in independently owned clusters	2026-09-08T11:13:36.0890914Z  ^[[32m✓^[[39m server/modules/parameter-catalog-api/cghReadProjection.integration.test.ts ^[[2m(^[[22m^[[2m5 tests^[[22m^[[2m)^[[22m^[[33m 6059^[[2mms^[[22m^[[39m
Owned Catalog, cutover and authority PostgreSQL	Run reader, cutover and authority tests in independently owned clusters	2026-09-08T11:13:36.0891545Z 
Owned Catalog, cutover and authority PostgreSQL	Run reader, cutover and authority tests in independently owned clusters	2026-09-08T11:13:36.0891853Z ^[[2m Test Files ^[[22m ^[[1m^[[32m2 passed^[[39m^[[22m^[[90m (2)^[[39m
Owned Catalog, cutover and authority PostgreSQL	Run reader, cutover and authority tests in independently owned clusters	2026-09-08T11:13:36.0892451Z ^[[2m      Tests ^[[22m ^[[1m^[[32m10 passed^[[39m^[[22m^[[90m (10)^[[39m
Owned Catalog, cutover and authority PostgreSQL	Run reader, cutover and authority tests in independently owned clusters	2026-09-08T11:13:36.0892910Z ^[[2m   Start at ^[[22m 11:13:21
Owned Catalog, cutover and authority PostgreSQL	Run reader, cutover and authority tests in independently owned clusters	2026-09-08T11:13:36.0893765Z ^[[2m   Duration ^[[22m 14.20s^[[2m (transform 1.03s, setup 0ms, import 1.83s, tests 12.12s, environment 0ms)^[[22m
Owned Catalog, cutover and authority PostgreSQL	Run reader, cutover and authority tests in independently owned clusters	2026-09-08T11:13:36.0894306Z 
Owned Catalog, cutover and authority PostgreSQL	Run reader, cutover and authority tests in independently owned clusters	2026-09-08T11:13:36.7236710Z {"scope":"isolated-components-only","suite":"read-projections-pg16","imageReference":"postgres:16-alpine","imageId":"sha256:75f5a96988cdf694a215073c3e9c001b706b371e2f94df3967f2efdec2787f6b","platform":"linux/amd64","containerId":"c87651a69ff0eff28dd75de0e98ff9712d038fc3181f9b05ddffc3ce527efe07","networkId":"746a76f7e6a53dde4e4c87614a92e50f3a45db820cfdfe51c314d7800a77c3e3","exitCode":0,"runnerResourcesCleanupVerified":true,"cleanupVerified":true,"nestedCleanupOutcome":"not-applicable","privateEvidenceRetained":false,"releaseApproved":false}
Owned Catalog, cutover and authority PostgreSQL	Run reader, cutover and authority tests in independently owned clusters	2026-09-08T11:13:46.3697069Z {"evidence":"owned-service-profile","profile":"selfhost-postgres16-alpine-v1","imageId":"sha256:75f5a96988cdf694a215073c3e9c001b706b371e2f94df3967f2efdec2787f6b","databaseProperties":{"encoding":6,"datcollate":"en_US.utf8","datctype":"en_US.utf8","datlocprovider":"c","daticulocale":null,"daticurules":null,"datcollversion":null,"datconnlimit":-1,"datallowconn":true,"datistemplate":false}}
Owned Catalog, cutover and authority PostgreSQL	Run reader, cutover and authority tests in independently owned clusters	2026-09-08T11:14:05.4329664Z 
Owned Catalog, cutover and authority PostgreSQL	Run reader, cutover and authority tests in independently owned clusters	2026-09-08T11:14:05.4331300Z ^[[1m^[[30m^[[46m RUN ^[[49m^[[39m^[[22m ^[[36mv4.1.5 ^[[39m^[[90m/home/runner/work/WiseEff/WiseEff^[[39m
Owned Catalog, cutover and authority PostgreSQL	Run reader, cutover and authority tests in independently owned clusters	2026-09-08T11:14:05.4331969Z 
Owned Catalog, cutover and authority PostgreSQL	Run reader, cutover and authority tests in independently owned clusters	2026-09-08T11:14:05.4333321Z  ^[[32m✓^[[39m server/modules/release-verification/startup/reportConnection.integration.test.ts ^[[2m(^[[22m^[[2m36 tests^[[22m^[[2m)^[[22m^[[33m 18042^[[2mms^[[22m^[[39m
Owned Catalog, cutover and authority PostgreSQL	Run reader, cutover and authority tests in independently owned clusters	2026-09-08T11:14:05.4335469Z    ^[[33m^[[2m✓^[[22m^[[39m opens a real restricted LOGIN for the formal report projection without startup recursion ^[[33m 409^[[2mms^[[22m^[[39m
Owned Catalog, cutover and authority PostgreSQL	Run reader, cutover and authority tests in independently owned clusters	2026-09-08T11:14:05.4337293Z    ^[[33m^[[2m✓^[[22m^[[39m keeps ordinary PUBLIC reads without converting them to report or startup authority ^[[33m 357^[[2mms^[[22m^[[39m
Owned Catalog, cutover and authority PostgreSQL	Run reader, cutover and authority tests in independently owned clusters	2026-09-08T11:14:05.4339114Z    ^[[33m^[[2m✓^[[22m^[[39m refuses actual bypassrls privilege ^[[33m 303^[[2mms^[[22m^[[39m
Owned Catalog, cutover and authority PostgreSQL	Run reader, cutover and authority tests in independently owned clusters	2026-09-08T11:14:05.4340244Z    ^[[33m^[[2m✓^[[22m^[[39m refuses actual createdb privilege ^[[33m 323^[[2mms^[[22m^[[39m
Owned Catalog, cutover and authority PostgreSQL	Run reader, cutover and authority tests in independently owned clusters	2026-09-08T11:14:05.4340991Z    ^[[33m^[[2m✓^[[22m^[[39m refuses actual createrole privilege ^[[33m 326^[[2mms^[[22m^[[39m
Owned Catalog, cutover and authority PostgreSQL	Run reader, cutover and authority tests in independently owned clusters	2026-09-08T11:14:05.4341625Z    ^[[33m^[[2m✓^[[22m^[[39m refuses actual replication privilege ^[[33m 321^[[2mms^[[22m^[[39m
Owned Catalog, cutover and authority PostgreSQL	Run reader, cutover and authority tests in independently owned clusters	2026-09-08T11:14:05.4342320Z    ^[[33m^[[2m✓^[[22m^[[39m refuses a mixed catalog_migration_owner capability ^[[33m 307^[[2mms^[[22m^[[39m
Owned Catalog, cutover and authority PostgreSQL	Run reader, cutover and authority tests in independently owned clusters	2026-09-08T11:14:05.4343064Z    ^[[33m^[[2m✓^[[22m^[[39m refuses a mixed catalog_synchronizer_role capability ^[[33m 324^[[2mms^[[22m^[[39m
Owned Catalog, cutover and authority PostgreSQL	Run reader, cutover and authority tests in independently owned clusters	2026-09-08T11:14:05.4343847Z    ^[[33m^[[2m✓^[[22m^[[39m refuses a mixed catalog_verification_writer_role capability ^[[33m 336^[[2mms^[[22m^[[39m
Owned Catalog, cutover and authority PostgreSQL	Run reader, cutover and authority tests in independently owned clusters	2026-09-08T11:14:05.4344650Z    ^[[33m^[[2m✓^[[22m^[[39m refuses a mixed parameter_governance_writer_role capability ^[[33m 323^[[2mms^[[22m^[[39m
Owned Catalog, cutover and authority PostgreSQL	Run reader, cutover and authority tests in independently owned clusters	2026-09-08T11:14:05.4345763Z    ^[[33m^[[2m✓^[[22m^[[39m refuses a mixed catalog_runtime_reader_role capability ^[[33m 329^[[2mms^[[22m^[[39m
Owned Catalog, cutover and authority PostgreSQL	Run reader, cutover and authority tests in independently owned clusters	2026-09-08T11:14:05.4348891Z    ^[[33m^[[2m✓^[[22m^[[39m refuses incorrect PG16 membership option set true ^[[33m 323^[[2mms^[[22m^[[39m
Owned Catalog, cutover and authority PostgreSQL	Run reader, cutover and authority tests in independently owned clusters	2026-09-08T11:14:05.4350581Z    ^[[33m^[[2m✓^[[22m^[[39m refuses incorrect PG16 membership option admin true ^[[33m 325^[[2mms^[[22m^[[39m
Owned Catalog, cutover and authority PostgreSQL	Run reader, cutover and authority tests in independently owned clusters	2026-09-08T11:14:05.4351698Z    ^[[33m^[[2m✓^[[22m^[[39m refuses incorrect PG16 membership option inherit false ^[[33m 314^[[2mms^[[22m^[[39m
Owned Catalog, cutover and authority PostgreSQL	Run reader, cutover and authority tests in independently owned clusters	2026-09-08T11:14:05.4352428Z    ^[[33m^[[2m✓^[[22m^[[39m refuses owned application objects ^[[33m 327^[[2mms^[[22m^[[39m
Owned Catalog, cutover and authority PostgreSQL	Run reader, cutover and authority tests in independently owned clusters	2026-09-08T11:14:05.4353170Z    ^[[33m^[[2m✓^[[22m^[[39m refuses direct application SELECT outside its read contract ^[[33m 327^[[2mms^[[22m^[[39m
Owned Catalog, cutover and authority PostgreSQL	Run reader, cutover and authority tests in independently owned clusters	2026-09-08T11:14:05.4353980Z    ^[[33m^[[2m✓^[[22m^[[39m refuses PUBLIC application write outside its read contract ^[[33m 312^[[2mms^[[22m^[[39m
Owned Catalog, cutover and authority PostgreSQL	Run reader, cutover and authority tests in independently owned clusters	2026-09-08T11:14:05.4354806Z    ^[[33m^[[2m✓^[[22m^[[39m refuses column-only application write outside its read contract ^[[33m 311^[[2mms^[[22m^[[39m
Owned Catalog, cutover and authority PostgreSQL	Run reader, cutover and authority tests in independently owned clusters	2026-09-08T11:14:05.4355626Z    ^[[33m^[[2m✓^[[22m^[[39m refuses report grant option outside its read contract ^[[33m 328^[[2mms^[[22m^[[39m
Owned Catalog, cutover and authority PostgreSQL	Run reader, cutover and authority tests in independently owned clusters	2026-09-08T11:14:05.4356435Z    ^[[33m^[[2m✓^[[22m^[[39m refuses system function EXECUTE outside its read contract ^[[33m 328^[[2mms^[[22m^[[39m
Owned Catalog, cutover and authority PostgreSQL	Run reader, cutover and authority tests in independently owned clusters	2026-09-08T11:14:05.4357252Z    ^[[33m^[[2m✓^[[22m^[[39m refuses PUBLIC privileged parameter outside its read contract ^[[33m 327^[[2mms^[[22m^[[39m
Owned Catalog, cutover and authority PostgreSQL	Run reader, cutover and authority tests in independently owned clusters	2026-09-08T11:14:05.4358107Z    ^[[33m^[[2m✓^[[22m^[[39m refuses PUBLIC non-report Catalog SELECT outside its read contract ^[[33m 328^[[2mms^[[22m^[[39m
Owned Catalog, cutover and authority PostgreSQL	Run reader, cutover and authority tests in independently owned clusters	2026-09-08T11:14:05.4359000Z    ^[[33m^[[2m✓^[[22m^[[39m refuses PUBLIC non-report Catalog column SELECT outside its read contract ^[[33m 309^[[2mms^[[22m^[[39m
Owned Catalog, cutover and authority PostgreSQL	Run reader, cutover and authority tests in independently owned clusters	2026-09-08T11:14:05.4360140Z    ^[[33m^[[2m✓^[[22m^[[39m refuses a PUBLIC definer that delegates owner write capability ^[[33m 327^[[2mms^[[22m^[[39m
Owned Catalog, cutover and authority PostgreSQL	Run reader, cutover and authority tests in independently owned clusters	2026-09-08T11:14:05.4361005Z    ^[[33m^[[2m✓^[[22m^[[39m refuses actual PUBLIC system capability through builtin-execute ^[[33m 319^[[2mms^[[22m^[[39m
Owned Catalog, cutover and authority PostgreSQL	Run reader, cutover and authority tests in independently owned clusters	2026-09-08T11:14:05.4361858Z    ^[[33m^[[2m✓^[[22m^[[39m refuses actual PUBLIC system capability through new-system-definer ^[[33m 347^[[2mms^[[22m^[[39m
Owned Catalog, cutover and authority PostgreSQL	Run reader, cutover and authority tests in independently owned clusters	2026-09-08T11:14:05.4363331Z    ^[[33m^[[2m✓^[[22m^[[39m refuses a PUBLIC definer whose owner can only advance a sequence ^[[33m 350^[[2mms^[[22m^[[39m
Owned Catalog, cutover and authority PostgreSQL	Run reader, cutover and authority tests in independently owned clusters	2026-09-08T11:14:05.4364177Z    ^[[33m^[[2m✓^[[22m^[[39m refuses a PUBLIC definer delegating reader-member Catalog access ^[[33m 350^[[2mms^[[22m^[[39m
Owned Catalog, cutover and authority PostgreSQL	Run reader, cutover and authority tests in independently owned clusters	2026-09-08T11:14:05.4365006Z    ^[[33m^[[2m✓^[[22m^[[39m refuses a PUBLIC definer delegating column-only Catalog access ^[[33m 357^[[2mms^[[22m^[[39m
Owned Catalog, cutover and authority PostgreSQL	Run reader, cutover and authority tests in independently owned clusters	2026-09-08T11:14:05.4365831Z    ^[[33m^[[2m✓^[[22m^[[39m refuses a PUBLIC definer delegating function-only Catalog access ^[[33m 374^[[2mms^[[22m^[[39m
Owned Catalog, cutover and authority PostgreSQL	Run reader, cutover and authority tests in independently owned clusters	2026-09-08T11:14:05.4366767Z    ^[[33m^[[2m✓^[[22m^[[39m retains formal 0139 report reads with a definer owner limited to the same six tables ^[[33m 337^[[2mms^[[22m^[[39m
Owned Catalog, cutover and authority PostgreSQL	Run reader, cutover and authority tests in independently owned clusters	2026-09-08T11:14:05.4367652Z    ^[[33m^[[2m✓^[[22m^[[39m refuses owner-only delegation through public-function ^[[33m 369^[[2mms^[[22m^[[39m
Owned Catalog, cutover and authority PostgreSQL	Run reader, cutover and authority tests in independently owned clusters	2026-09-08T11:14:05.4368422Z    ^[[33m^[[2m✓^[[22m^[[39m refuses owner-only delegation through private-function ^[[33m 373^[[2mms^[[22m^[[39m
Owned Catalog, cutover and authority PostgreSQL	Run reader, cutover and authority tests in independently owned clusters	2026-09-08T11:14:05.4369220Z    ^[[33m^[[2m✓^[[22m^[[39m refuses owner-only delegation through private-view ^[[33m 355^[[2mms^[[22m^[[39m
Owned Catalog, cutover and authority PostgreSQL	Run reader, cutover and authority tests in independently owned clusters	2026-09-08T11:14:05.4370335Z    ^[[33m^[[2m✓^[[22m^[[39m refuses owner-only delegation through split-view-columns ^[[33m 361^[[2mms^[[22m^[[39m
Owned Catalog, cutover and authority PostgreSQL	Run reader, cutover and authority tests in independently owned clusters	2026-09-08T11:14:05.4370740Z 
Owned Catalog, cutover and authority PostgreSQL	Run reader, cutover and authority tests in independently owned clusters	2026-09-08T11:14:05.4371039Z ^[[2m Test Files ^[[22m ^[[1m^[[32m1 passed^[[39m^[[22m^[[90m (1)^[[39m
Owned Catalog, cutover and authority PostgreSQL	Run reader, cutover and authority tests in independently owned clusters	2026-09-08T11:14:05.4371564Z ^[[2m      Tests ^[[22m ^[[1m^[[32m36 passed^[[39m^[[22m^[[90m (36)^[[39m
Owned Catalog, cutover and authority PostgreSQL	Run reader, cutover and authority tests in independently owned clusters	2026-09-08T11:14:05.4371972Z ^[[2m   Start at ^[[22m 11:13:46
Owned Catalog, cutover and authority PostgreSQL	Run reader, cutover and authority tests in independently owned clusters	2026-09-08T11:14:05.4372623Z ^[[2m   Duration ^[[22m 18.50s^[[2m (transform 270ms, setup 0ms, import 339ms, tests 18.04s, environment 0ms)^[[22m
Owned Catalog, cutover and authority PostgreSQL	Run reader, cutover and authority tests in independently owned clusters	2026-09-08T11:14:05.4373021Z 
Owned Catalog, cutover and authority PostgreSQL	Run reader, cutover and authority tests in independently owned clusters	2026-09-08T11:14:06.0233727Z {"scope":"isolated-components-only","suite":"report-pg16","imageReference":"postgres:16-alpine","imageId":"sha256:75f5a96988cdf694a215073c3e9c001b706b371e2f94df3967f2efdec2787f6b","platform":"linux/amd64","containerId":"83070ca9a94fa28692c7f776ebac9ba755204a350b9eb6122e83f448fed24ba9","networkId":"6f392d0110553d6b73256a8f8f3a2291d58a1e9b52ea431882505d948554434e","exitCode":0,"runnerResourcesCleanupVerified":true,"cleanupVerified":true,"nestedCleanupOutcome":"not-applicable","privateEvidenceRetained":false,"releaseApproved":false}
Owned Catalog, cutover and authority PostgreSQL	Run reader, cutover and authority tests in independently owned clusters	2026-09-08T11:14:15.6454162Z {"evidence":"owned-service-profile","profile":"selfhost-postgres16-alpine-v1","imageId":"sha256:75f5a96988cdf694a215073c3e9c001b706b371e2f94df3967f2efdec2787f6b","databaseProperties":{"encoding":6,"datcollate":"en_US.utf8","datctype":"en_US.utf8","datlocprovider":"c","daticulocale":null,"daticurules":null,"datcollversion":null,"datconnlimit":-1,"datallowconn":true,"datistemplate":false}}
Owned Catalog, cutover and authority PostgreSQL	Run reader, cutover and authority tests in independently owned clusters	2026-09-08T11:14:47.4411199Z 
Owned Catalog, cutover and authority PostgreSQL	Run reader, cutover and authority tests in independently owned clusters	2026-09-08T11:14:47.4412457Z ^[[1m^[[30m^[[46m RUN ^[[49m^[[39m^[[22m ^[[36mv4.1.5 ^[[39m^[[90m/home/runner/work/WiseEff/WiseEff^[[39m
Owned Catalog, cutover and authority PostgreSQL	Run reader, cutover and authority tests in independently owned clusters	2026-09-08T11:14:47.4412861Z 
Owned Catalog, cutover and authority PostgreSQL	Run reader, cutover and authority tests in independently owned clusters	2026-09-08T11:14:47.4413690Z  ^[[32m✓^[[39m ops/self-hosted/scripts/parameter-catalog-upgrade/deploymentAuthority.integration.test.ts ^[[2m(^[[22m^[[2m81 tests^[[22m^[[2m)^[[22m^[[33m 30405^[[2mms^[[22m^[[39m
Owned Catalog, cutover and authority PostgreSQL	Run reader, cutover and authority tests in independently owned clusters	2026-09-08T11:14:47.4415032Z    ^[[33m^[[2m✓^[[22m^[[39m authenticates operator into a formal command without manufacturing report or target approval ^[[33m 395^[[2mms^[[22m^[[39m
Owned Catalog, cutover and authority PostgreSQL	Run reader, cutover and authority tests in independently owned clusters	2026-09-08T11:14:47.4416154Z    ^[[33m^[[2m✓^[[22m^[[39m authenticates owner into a formal command without manufacturing report or target approval ^[[33m 374^[[2mms^[[22m^[[39m
Owned Catalog, cutover and authority PostgreSQL	Run reader, cutover and authority tests in independently owned clusters	2026-09-08T11:14:47.4417277Z    ^[[33m^[[2m✓^[[22m^[[39m binds the actual restricted writer session to the management database and releases its challenge ^[[33m 5790^[[2mms^[[22m^[[39m
Owned Catalog, cutover and authority PostgreSQL	Run reader, cutover and authority tests in independently owned clusters	2026-09-08T11:14:47.4418390Z    ^[[33m^[[2m✓^[[22m^[[39m redacts and rejects loss of the actual management lease during writer admission ^[[33m 441^[[2mms^[[22m^[[39m
Owned Catalog, cutover and authority PostgreSQL	Run reader, cutover and authority tests in independently owned clusters	2026-09-08T11:14:47.4419572Z    ^[[33m^[[2m✓^[[22m^[[39m persists recovery approval from actual session and typed capture: valid ^[[33m 844^[[2mms^[[22m^[[39m
Owned Catalog, cutover and authority PostgreSQL	Run reader, cutover and authority tests in independently owned clusters	2026-09-08T11:14:47.4420970Z    ^[[33m^[[2m✓^[[22m^[[39m persists recovery approval from actual session and typed capture: forged-confirmation ^[[33m 397^[[2mms^[[22m^[[39m
Owned Catalog, cutover and authority PostgreSQL	Run reader, cutover and authority tests in independently owned clusters	2026-09-08T11:14:47.4422017Z    ^[[33m^[[2m✓^[[22m^[[39m persists recovery approval from actual session and typed capture: wrong-target ^[[33m 394^[[2mms^[[22m^[[39m
Owned Catalog, cutover and authority PostgreSQL	Run reader, cutover and authority tests in independently owned clusters	2026-09-08T11:14:47.4423386Z    ^[[33m^[[2m✓^[[22m^[[39m persists recovery approval from actual session and typed capture: released-lock ^[[33m 529^[[2mms^[[22m^[[39m
Owned Catalog, cutover and authority PostgreSQL	Run reader, cutover and authority tests in independently owned clusters	2026-09-08T11:14:47.4424364Z    ^[[33m^[[2m✓^[[22m^[[39m persists recovery approval from actual session and typed capture: wrong-lock ^[[33m 472^[[2mms^[[22m^[[39m
Owned Catalog, cutover and authority PostgreSQL	Run reader, cutover and authority tests in independently owned clusters	2026-09-08T11:14:47.4425327Z    ^[[33m^[[2m✓^[[22m^[[39m persists recovery approval from actual session and typed capture: missing-capture ^[[33m 483^[[2mms^[[22m^[[39m
Owned Catalog, cutover and authority PostgreSQL	Run reader, cutover and authority tests in independently owned clusters	2026-09-08T11:14:47.4426317Z    ^[[33m^[[2m✓^[[22m^[[39m persists recovery approval from actual session and typed capture: hash-only-capture ^[[33m 494^[[2mms^[[22m^[[39m
Owned Catalog, cutover and authority PostgreSQL	Run reader, cutover and authority tests in independently owned clusters	2026-09-08T11:14:47.4427313Z    ^[[33m^[[2m✓^[[22m^[[39m persists recovery approval from actual session and typed capture: package-drift ^[[33m 549^[[2mms^[[22m^[[39m
Owned Catalog, cutover and authority PostgreSQL	Run reader, cutover and authority tests in independently owned clusters	2026-09-08T11:14:47.4428318Z    ^[[33m^[[2m✓^[[22m^[[39m persists recovery approval from actual session and typed capture: directory-drift ^[[33m 526^[[2mms^[[22m^[[39m
Owned Catalog, cutover and authority PostgreSQL	Run reader, cutover and authority tests in independently owned clusters	2026-09-08T11:14:47.4429277Z    ^[[33m^[[2m✓^[[22m^[[39m persists recovery approval from actual session and typed capture: revoked ^[[33m 464^[[2mms^[[22m^[[39m
Owned Catalog, cutover and authority PostgreSQL	Run reader, cutover and authority tests in independently owned clusters	2026-09-08T11:14:47.4430600Z    ^[[33m^[[2m✓^[[22m^[[39m persists recovery approval from actual session and typed capture: expired ^[[33m 422^[[2mms^[[22m^[[39m
Owned Catalog, cutover and authority PostgreSQL	Run reader, cutover and authority tests in independently owned clusters	2026-09-08T11:14:47.4431587Z    ^[[33m^[[2m✓^[[22m^[[39m persists recovery approval from actual session and typed capture: assignment-drift ^[[33m 421^[[2mms^[[22m^[[39m
Owned Catalog, cutover and authority PostgreSQL	Run reader, cutover and authority tests in independently owned clusters	2026-09-08T11:14:47.4432548Z    ^[[33m^[[2m✓^[[22m^[[39m persists recovery approval from actual session and typed capture: wrong-run ^[[33m 520^[[2mms^[[22m^[[39m
Owned Catalog, cutover and authority PostgreSQL	Run reader, cutover and authority tests in independently owned clusters	2026-09-08T11:14:47.4433517Z    ^[[33m^[[2m✓^[[22m^[[39m persists recovery approval from actual session and typed capture: wrong-capture ^[[33m 552^[[2mms^[[22m^[[39m
Owned Catalog, cutover and authority PostgreSQL	Run reader, cutover and authority tests in independently owned clusters	2026-09-08T11:14:47.4434473Z    ^[[33m^[[2m✓^[[22m^[[39m persists recovery approval from actual session and typed capture: wrong-source ^[[33m 737^[[2mms^[[22m^[[39m
Owned Catalog, cutover and authority PostgreSQL	Run reader, cutover and authority tests in independently owned clusters	2026-09-08T11:14:47.4435624Z    ^[[33m^[[2m✓^[[22m^[[39m persists recovery approval from actual session and typed capture: started ^[[33m 563^[[2mms^[[22m^[[39m
Owned Catalog, cutover and authority PostgreSQL	Run reader, cutover and authority tests in independently owned clusters	2026-09-08T11:14:47.4436537Z    ^[[33m^[[2m✓^[[22m^[[39m persists recovery approval from actual session and typed capture: unknown ^[[33m 520^[[2mms^[[22m^[[39m
Owned Catalog, cutover and authority PostgreSQL	Run reader, cutover and authority tests in independently owned clusters	2026-09-08T11:14:47.4437462Z    ^[[33m^[[2m✓^[[22m^[[39m persists recovery approval from actual session and typed capture: wrong-token ^[[33m 485^[[2mms^[[22m^[[39m
Owned Catalog, cutover and authority PostgreSQL	Run reader, cutover and authority tests in independently owned clusters	2026-09-08T11:14:47.4437915Z 
Owned Catalog, cutover and authority PostgreSQL	Run reader, cutover and authority tests in independently owned clusters	2026-09-08T11:14:47.4438202Z ^[[2m Test Files ^[[22m ^[[1m^[[32m1 passed^[[39m^[[22m^[[90m (1)^[[39m
Owned Catalog, cutover and authority PostgreSQL	Run reader, cutover and authority tests in independently owned clusters	2026-09-08T11:14:47.4438720Z ^[[2m      Tests ^[[22m ^[[1m^[[32m81 passed^[[39m^[[22m^[[90m (81)^[[39m
Owned Catalog, cutover and authority PostgreSQL	Run reader, cutover and authority tests in independently owned clusters	2026-09-08T11:14:47.4439134Z ^[[2m   Start at ^[[22m 11:14:16
Owned Catalog, cutover and authority PostgreSQL	Run reader, cutover and authority tests in independently owned clusters	2026-09-08T11:14:47.4440110Z ^[[2m   Duration ^[[22m 31.19s^[[2m (transform 526ms, setup 0ms, import 657ms, tests 30.41s, environment 0ms)^[[22m
Owned Catalog, cutover and authority PostgreSQL	Run reader, cutover and authority tests in independently owned clusters	2026-09-08T11:14:47.4440707Z 
Owned Catalog, cutover and authority PostgreSQL	Run reader, cutover and authority tests in independently owned clusters	2026-09-08T11:14:47.9976981Z {"scope":"isolated-components-only","suite":"authority-pg16","imageReference":"postgres:16-alpine","imageId":"sha256:75f5a96988cdf694a215073c3e9c001b706b371e2f94df3967f2efdec2787f6b","platform":"linux/amd64","containerId":"8ddf77a79ecf108c39dd53103b7806350af2dad185429f2647c0e77db0c8f476","networkId":"c0a41de861c7e2a4679cb0b7741f2a28907a4a539fe9b4587290b7101ad0b2dd","exitCode":0,"runnerResourcesCleanupVerified":true,"cleanupVerified":true,"nestedCleanupOutcome":"not-applicable","privateEvidenceRetained":false,"releaseApproved":false}
Owned Catalog, cutover and authority PostgreSQL	Run reader, cutover and authority tests in independently owned clusters	2026-09-08T11:14:57.7439614Z {"evidence":"owned-service-profile","profile":"selfhost-postgres16-alpine-v1","imageId":"sha256:75f5a96988cdf694a215073c3e9c001b706b371e2f94df3967f2efdec2787f6b","databaseProperties":{"encoding":6,"datcollate":"en_US.utf8","datctype":"en_US.utf8","datlocprovider":"c","daticulocale":null,"daticurules":null,"datcollversion":null,"datconnlimit":-1,"datallowconn":true,"datistemplate":false}}
Owned Catalog, cutover and authority PostgreSQL	Run reader, cutover and authority tests in independently owned clusters	2026-09-08T11:16:16.8701124Z 
Owned Catalog, cutover and authority PostgreSQL	Run reader, cutover and authority tests in independently owned clusters	2026-09-08T11:16:16.8702541Z ^[[1m^[[30m^[[46m RUN ^[[49m^[[39m^[[22m ^[[36mv4.1.5 ^[[39m^[[90m/home/runner/work/WiseEff/WiseEff^[[39m
Owned Catalog, cutover and authority PostgreSQL	Run reader, cutover and authority tests in independently owned clusters	2026-09-08T11:16:16.8703520Z 
Owned Catalog, cutover and authority PostgreSQL	Run reader, cutover and authority tests in independently owned clusters	2026-09-08T11:16:16.8704950Z  ^[[32m✓^[[39m server/modules/catalog-cutover/bindingImportProducer.integration.test.ts ^[[2m(^[[22m^[[2m9 tests^[[22m^[[2m)^[[22m^[[33m 10758^[[2mms^[[22m^[[39m
Owned Catalog, cutover and authority PostgreSQL	Run reader, cutover and authority tests in independently owned clusters	2026-09-08T11:16:16.8706932Z      ^[[33m^[[2m✓^[[22m^[[39m rejects an independent database as the source before trying to lock its tables ^[[33m 2981^[[2mms^[[22m^[[39m
Owned Catalog, cutover and authority PostgreSQL	Run reader, cutover and authority tests in independently owned clusters	2026-09-08T11:16:16.8709475Z      ^[[33m^[[2m✓^[[22m^[[39m produces the receipt from real mappings/Archive/domain registration, then imports and checkpoints on the same restricted transaction ^[[33m 689^[[2mms^[[22m^[[39m
Owned Catalog, cutover and authority PostgreSQL	Run reader, cutover and authority tests in independently owned clusters	2026-09-08T11:16:16.8712753Z  ^[[32m✓^[[39m server/modules/catalog-cutover/archive/adapter.integration.test.ts ^[[2m(^[[22m^[[2m24 tests^[[22m^[[2m)^[[22m^[[33m 5564^[[2mms^[[22m^[[39m
Owned Catalog, cutover and authority PostgreSQL	Run reader, cutover and authority tests in independently owned clusters	2026-09-08T11:16:16.8715006Z  ^[[32m✓^[[39m server/modules/parameter-bindings/cutoverImport/import.integration.test.ts ^[[2m(^[[22m^[[2m5 tests^[[22m^[[2m)^[[22m^[[33m 7388^[[2mms^[[22m^[[39m
Owned Catalog, cutover and authority PostgreSQL	Run reader, cutover and authority tests in independently owned clusters	2026-09-08T11:16:16.8717261Z  ^[[32m✓^[[39m server/modules/catalog-cutover/sourceSnapshot.test.ts ^[[2m(^[[22m^[[2m10 tests^[[22m^[[2m)^[[22m^[[33m 18536^[[2mms^[[22m^[[39m
Owned Catalog, cutover and authority PostgreSQL	Run reader, cutover and authority tests in independently owned clusters	2026-09-08T11:16:16.8721955Z      ^[[33m^[[2m✓^[[22m^[[39m preserves the complete original projection while the actual candidate adds columns, tables and ledger entries ^[[33m 5054^[[2mms^[[22m^[[39m
Owned Catalog, cutover and authority PostgreSQL	Run reader, cutover and authority tests in independently owned clusters	2026-09-08T11:16:16.8724037Z      ^[[33m^[[2m✓^[[22m^[[39m inspects a known committed suffix prefix while full completion remains refused ^[[33m 6177^[[2mms^[[22m^[[39m
Owned Catalog, cutover and authority PostgreSQL	Run reader, cutover and authority tests in independently owned clusters	2026-09-08T11:16:16.8725898Z      ^[[33m^[[2m✓^[[22m^[[39m rejects a missing original column or relation even when its rows were empty ^[[33m 456^[[2mms^[[22m^[[39m
Owned Catalog, cutover and authority PostgreSQL	Run reader, cutover and authority tests in independently owned clusters	2026-09-08T11:16:16.8727820Z  ^[[32m✓^[[39m server/modules/catalog-cutover/orchestrator.test.ts ^[[2m(^[[22m^[[2m7 tests^[[22m^[[2m)^[[22m^[[33m 11778^[[2mms^[[22m^[[39m
Owned Catalog, cutover and authority PostgreSQL	Run reader, cutover and authority tests in independently owned clusters	2026-09-08T11:16:16.8732862Z      ^[[33m^[[2m✓^[[22m^[[39m rechecks P4 admission on partial resume and completed replay before writing a run ^[[33m 5599^[[2mms^[[22m^[[39m
Owned Catalog, cutover and authority PostgreSQL	Run reader, cutover and authority tests in independently owned clusters	2026-09-08T11:16:16.8735226Z  ^[[32m✓^[[39m server/modules/catalog-cutover/conversionManifest.integration.test.ts ^[[2m(^[[22m^[[2m6 tests^[[22m^[[2m)^[[22m^[[33m 7157^[[2mms^[[22m^[[39m
Owned Catalog, cutover and authority PostgreSQL	Run reader, cutover and authority tests in independently owned clusters	2026-09-08T11:16:16.8737234Z      ^[[33m^[[2m✓^[[22m^[[39m maps two formal identities to their explicitly bound targets, never the first head ^[[33m 680^[[2mms^[[22m^[[39m
Owned Catalog, cutover and authority PostgreSQL	Run reader, cutover and authority tests in independently owned clusters	2026-09-08T11:16:16.8739097Z  ^[[32m✓^[[39m server/modules/catalog-cutover/runtimeState.test.ts ^[[2m(^[[22m^[[2m7 tests^[[22m^[[2m)^[[22m^[[33m 6092^[[2mms^[[22m^[[39m
Owned Catalog, cutover and authority PostgreSQL	Run reader, cutover and authority tests in independently owned clusters	2026-09-08T11:16:16.8741251Z  ^[[32m✓^[[39m server/modules/catalog-cutover/managementStructure.test.ts ^[[2m(^[[22m^[[2m23 tests^[[22m^[[2m)^[[22m^[[33m 7148^[[2mms^[[22m^[[39m
Owned Catalog, cutover and authority PostgreSQL	Run reader, cutover and authority tests in independently owned clusters	2026-09-08T11:16:16.8743343Z      ^[[33m^[[2m✓^[[22m^[[39m has the same digest after equivalent DDL with different relation, constraint, trigger and database OIDs ^[[33m 2812^[[2mms^[[22m^[[39m
Owned Catalog, cutover and authority PostgreSQL	Run reader, cutover and authority tests in independently owned clusters	2026-09-08T11:16:16.8745365Z  ^[[32m✓^[[39m server/modules/catalog-cutover/archive/adapter.test.ts ^[[2m(^[[22m^[[2m7 tests^[[22m^[[2m)^[[22m^[[32m 12^[[2mms^[[22m^[[39m
Owned Catalog, cutover and authority PostgreSQL	Run reader, cutover and authority tests in independently owned clusters	2026-09-08T11:16:16.8746257Z 
Owned Catalog, cutover and authority PostgreSQL	Run reader, cutover and authority tests in independently owned clusters	2026-09-08T11:16:16.8746827Z ^[[2m Test Files ^[[22m ^[[1m^[[32m9 passed^[[39m^[[22m^[[90m (9)^[[39m
Owned Catalog, cutover and authority PostgreSQL	Run reader, cutover and authority tests in independently owned clusters	2026-09-08T11:16:16.8747768Z ^[[2m      Tests ^[[22m ^[[1m^[[32m98 passed^[[39m^[[22m^[[90m (98)^[[39m
Owned Catalog, cutover and authority PostgreSQL	Run reader, cutover and authority tests in independently owned clusters	2026-09-08T11:16:16.8748520Z ^[[2m   Start at ^[[22m 11:14:58
Owned Catalog, cutover and authority PostgreSQL	Run reader, cutover and authority tests in independently owned clusters	2026-09-08T11:16:16.8750534Z ^[[2m   Duration ^[[22m 78.58s^[[2m (transform 1.07s, setup 0ms, import 3.07s, tests 74.43s, environment 1ms)^[[22m
Owned Catalog, cutover and authority PostgreSQL	Run reader, cutover and authority tests in independently owned clusters	2026-09-08T11:16:16.8751341Z 
Owned Catalog, cutover and authority PostgreSQL	Run reader, cutover and authority tests in independently owned clusters	2026-09-08T11:16:17.4539421Z {"scope":"isolated-components-only","suite":"bindings-pg16","imageReference":"postgres:16-alpine","imageId":"sha256:75f5a96988cdf694a215073c3e9c001b706b371e2f94df3967f2efdec2787f6b","platform":"linux/amd64","containerId":"5d1a0d68ec1102471566f87b1bcc4ecc81b63e923e2fc16407ef73750f24d7e3","networkId":"b1f0c35a96bd0823dfd0eef0cd2b4f8f1f8d98905f8e2b40c007f8f205d5fa5d","exitCode":0,"runnerResourcesCleanupVerified":true,"cleanupVerified":true,"nestedCleanupOutcome":"not-applicable","privateEvidenceRetained":false,"releaseApproved":false}
Owned Catalog, cutover and authority PostgreSQL	Run reader, cutover and authority tests in independently owned clusters	2026-09-08T11:16:26.5115935Z {"evidence":"owned-service-profile","profile":"selfhost-redis7-aof-v1","imageId":"sha256:5509c0097c6064aa8a3b1df58f1d950e67090fffa6678ae8f3f1dc2385f12deb"}
Owned Catalog, cutover and authority PostgreSQL	Run reader, cutover and authority tests in independently owned clusters	2026-09-08T11:16:32.1660175Z 
Owned Catalog, cutover and authority PostgreSQL	Run reader, cutover and authority tests in independently owned clusters	2026-09-08T11:16:32.1661560Z ^[[1m^[[30m^[[46m RUN ^[[49m^[[39m^[[22m ^[[36mv4.1.5 ^[[39m^[[90m/home/runner/work/WiseEff/WiseEff^[[39m
Owned Catalog, cutover and authority PostgreSQL	Run reader, cutover and authority tests in independently owned clusters	2026-09-08T11:16:32.1661980Z 
Owned Catalog, cutover and authority PostgreSQL	Run reader, cutover and authority tests in independently owned clusters	2026-09-08T11:16:32.1662737Z ^[[90mstdout^[[2m | server/modules/logs/logAnalysisQueueRuntime.redis.integration.test.ts^[[2m > ^[[22m^[[2mowned Redis log worker lifecycle
Owned Catalog, cutover and authority PostgreSQL	Run reader, cutover and authority tests in independently owned clusters	2026-09-08T11:16:32.1664177Z ^[[22m^[[39m{"evidence":"owned-redis-lifecycle","imageId":"sha256:5509c0097c6064aa8a3b1df58f1d950e67090fffa6678ae8f3f1dc2385f12deb","persistence":"aof"}
Owned Catalog, cutover and authority PostgreSQL	Run reader, cutover and authority tests in independently owned clusters	2026-09-08T11:16:32.1664808Z 
Owned Catalog, cutover and authority PostgreSQL	Run reader, cutover and authority tests in independently owned clusters	2026-09-08T11:16:32.1665531Z  ^[[32m✓^[[39m server/modules/logs/logAnalysisQueueRuntime.redis.integration.test.ts ^[[2m(^[[22m^[[2m12 tests^[[22m^[[2m)^[[22m^[[33m 4710^[[2mms^[[22m^[[39m
Owned Catalog, cutover and authority PostgreSQL	Run reader, cutover and authority tests in independently owned clusters	2026-09-08T11:16:32.1666806Z      ^[[33m^[[2m✓^[[22m^[[39m drains an actual BullMQ task across repeated OS signals before closing its explicit database seam ^[[33m 2550^[[2mms^[[22m^[[39m
Owned Catalog, cutover and authority PostgreSQL	Run reader, cutover and authority tests in independently owned clusters	2026-09-08T11:16:32.1668048Z      ^[[33m^[[2m✓^[[22m^[[39m recovers real dropped connections and processes a subsequent job without poisoning close ^[[33m 1077^[[2mms^[[22m^[[39m
Owned Catalog, cutover and authority PostgreSQL	Run reader, cutover and authority tests in independently owned clusters	2026-09-08T11:16:32.1669127Z      ^[[33m^[[2m✓^[[22m^[[39m refuses a stopped owned Redis target without starting a consumer ^[[33m 549^[[2mms^[[22m^[[39m
Owned Catalog, cutover and authority PostgreSQL	Run reader, cutover and authority tests in independently owned clusters	2026-09-08T11:16:32.1669652Z 
Owned Catalog, cutover and authority PostgreSQL	Run reader, cutover and authority tests in independently owned clusters	2026-09-08T11:16:32.1670317Z ^[[2m Test Files ^[[22m ^[[1m^[[32m1 passed^[[39m^[[22m^[[90m (1)^[[39m
Owned Catalog, cutover and authority PostgreSQL	Run reader, cutover and authority tests in independently owned clusters	2026-09-08T11:16:32.1671005Z ^[[2m      Tests ^[[22m ^[[1m^[[32m12 passed^[[39m^[[22m^[[90m (12)^[[39m
Owned Catalog, cutover and authority PostgreSQL	Run reader, cutover and authority tests in independently owned clusters	2026-09-08T11:16:32.1671451Z ^[[2m   Start at ^[[22m 11:16:26
Owned Catalog, cutover and authority PostgreSQL	Run reader, cutover and authority tests in independently owned clusters	2026-09-08T11:16:32.1672172Z ^[[2m   Duration ^[[22m 5.29s^[[2m (transform 253ms, setup 0ms, import 451ms, tests 4.71s, environment 0ms)^[[22m
Owned Catalog, cutover and authority PostgreSQL	Run reader, cutover and authority tests in independently owned clusters	2026-09-08T11:16:32.1672610Z 
Owned Catalog, cutover and authority PostgreSQL	Run reader, cutover and authority tests in independently owned clusters	2026-09-08T11:16:32.6977416Z {"scope":"isolated-components-only","suite":"log-redis","imageReference":"redis:7-alpine","imageId":"sha256:5509c0097c6064aa8a3b1df58f1d950e67090fffa6678ae8f3f1dc2385f12deb","platform":"linux/amd64","containerId":"fd61c7c4b33574b241f4af699673fef6b25c6f3dcc1e6bc3e3ab73f306656bed","networkId":"c4321e54f69bb7387d52ee6f14ad6519cd32942f8d61c80a8b9ed3ad2c91fcfe","exitCode":0,"runnerResourcesCleanupVerified":true,"cleanupVerified":true,"nestedCleanupOutcome":"not-applicable","privateEvidenceRetained":false,"releaseApproved":false}
Owned Catalog, cutover and authority PostgreSQL	Run reader, cutover and authority tests in independently owned clusters	2026-09-08T11:16:42.2285852Z {"evidence":"owned-service-profile","profile":"selfhost-postgres16-alpine-v1","imageId":"sha256:75f5a96988cdf694a215073c3e9c001b706b371e2f94df3967f2efdec2787f6b","databaseProperties":{"encoding":6,"datcollate":"en_US.utf8","datctype":"en_US.utf8","datlocprovider":"c","daticulocale":null,"daticurules":null,"datcollversion":null,"datconnlimit":-1,"datallowconn":true,"datistemplate":false}}
Owned Catalog, cutover and authority PostgreSQL	Run reader, cutover and authority tests in independently owned clusters	2026-09-08T11:16:53.0419271Z 
Owned Catalog, cutover and authority PostgreSQL	Run reader, cutover and authority tests in independently owned clusters	2026-09-08T11:16:53.0420659Z ^[[1m^[[30m^[[46m RUN ^[[49m^[[39m^[[22m ^[[36mv4.1.5 ^[[39m^[[90m/home/runner/work/WiseEff/WiseEff^[[39m
Owned Catalog, cutover and authority PostgreSQL	Run reader, cutover and authority tests in independently owned clusters	2026-09-08T11:16:53.0421064Z 
Owned Catalog, cutover and authority PostgreSQL	Run reader, cutover and authority tests in independently owned clusters	2026-09-08T11:16:53.0422511Z ^[[90mstdout^[[2m | server/modules/catalog-cutover/activation/activation.integration.test.ts^[[2m > ^[[22m^[[2mexisting 0137 activation storage on independently owned PG16^[[2m > ^[[22m^[[2mrecords the existing privilege gates under the real SELECT-only verification login without adding capabilities
Owned Catalog, cutover and authority PostgreSQL	Run reader, cutover and authority tests in independently owned clusters	2026-09-08T11:16:53.0431275Z ^[[22m^[[39mACTIVATION_EXISTING_S6_OBSERVATION [{"managementMembership":true,"facts":{"read_only":"on","can_owner":false,"can_governance":false},"p01":{"gateId":"PCAT-DB-P01","status":"failed","failureCode":"PCAT-PRIV-CATALOG-IMMUTABILITY-BYPASS","evidenceDigest":"sha256:1f719d4ace76ebd3c6c55b1a9cfe3c63754281ef4f4027d55b0b64f83c53a10f","successorPurpose":null,"notApplicableProof":null},"p02":{"gateId":"PCAT-DB-P02","status":"passed","failureCode":null,"evidenceDigest":"sha256:c7f1447587dbeccf95c931c02b14fcbd4aeb18a493426f4888a678b54572a508","successorPurpose":null,"notApplicableProof":null},"p01DeniedRoleChanges":["42501","42501","42501","42501","42501","42501","42501"],"p02DeniedRoleChanges":["42501","42501","42501","42501","42501","42501","42501","42501","42501"]},{"managementMembership":false,"facts":{"read_only":"on","can_owner":false,"can_governance":false},"p01":{"gateId":"PCAT-DB-P01","status":"passed","failureCode":null,"evidenceDigest":"sha256:072d8521a6e0f58b0d2de33e9843167f73b1efe0320a0c67ea637bd4b04e22b3","successorPurpose":null,"notApplicableProof":null},"p02":{"gateId":"PCAT-DB-P02","status":"passed","failureCode":null,"evidenceDigest":"sha256:c7f1447587dbeccf95c931c02b14fcbd4aeb18a493426f4888a678b54572a508","successorPurpose":null,"notApplicableProof":null},"p01DeniedRoleChanges":["42501","42501","42501","42501","42501","42501","42501"],"p02DeniedRoleChanges":["42501","42501","42501","42501","42501","42501","42501","42501","42501"]}]
Owned Catalog, cutover and authority PostgreSQL	Run reader, cutover and authority tests in independently owned clusters	2026-09-08T11:16:53.0439442Z 
Owned Catalog, cutover and authority PostgreSQL	Run reader, cutover and authority tests in independently owned clusters	2026-09-08T11:16:53.0440734Z  ^[[32m✓^[[39m server/modules/catalog-cutover/activation/activation.integration.test.ts ^[[2m(^[[22m^[[2m22 tests^[[22m^[[2m)^[[22m^[[33m 7939^[[2mms^[[22m^[[39m
Owned Catalog, cutover and authority PostgreSQL	Run reader, cutover and authority tests in independently owned clusters	2026-09-08T11:16:53.0441982Z      ^[[33m^[[2m✓^[[22m^[[39m resolves a lost COMMIT acknowledgment by inspection without duplicating the mapping preparation event ^[[33m 352^[[2mms^[[22m^[[39m
Owned Catalog, cutover and authority PostgreSQL	Run reader, cutover and authority tests in independently owned clusters	2026-09-08T11:16:53.0442577Z 
Owned Catalog, cutover and authority PostgreSQL	Run reader, cutover and authority tests in independently owned clusters	2026-09-08T11:16:53.0442884Z ^[[2m Test Files ^[[22m ^[[1m^[[32m1 passed^[[39m^[[22m^[[90m (1)^[[39m
Owned Catalog, cutover and authority PostgreSQL	Run reader, cutover and authority tests in independently owned clusters	2026-09-08T11:16:53.0443425Z ^[[2m      Tests ^[[22m ^[[1m^[[32m22 passed^[[39m^[[22m^[[90m (22)^[[39m
Owned Catalog, cutover and authority PostgreSQL	Run reader, cutover and authority tests in independently owned clusters	2026-09-08T11:16:53.0443843Z ^[[2m   Start at ^[[22m 11:16:42
Owned Catalog, cutover and authority PostgreSQL	Run reader, cutover and authority tests in independently owned clusters	2026-09-08T11:16:53.0444503Z ^[[2m   Duration ^[[22m 10.26s^[[2m (transform 1.67s, setup 0ms, import 2.20s, tests 7.94s, environment 0ms)^[[22m
Owned Catalog, cutover and authority PostgreSQL	Run reader, cutover and authority tests in independently owned clusters	2026-09-08T11:16:53.0444936Z 
Owned Catalog, cutover and authority PostgreSQL	Run reader, cutover and authority tests in independently owned clusters	2026-09-08T11:16:53.6120215Z {"scope":"isolated-components-only","suite":"activation-existing-pg16","imageReference":"postgres:16-alpine","imageId":"sha256:75f5a96988cdf694a215073c3e9c001b706b371e2f94df3967f2efdec2787f6b","platform":"linux/amd64","containerId":"7db191a9b4c99d869c1294272cfe1cd73f776abe96171f230bc99d5ee6a953cf","networkId":"7279e0604d5e2347e75d6331e2e71341af47b8166caddf7ba5cc09735bf2a54d","exitCode":0,"runnerResourcesCleanupVerified":true,"cleanupVerified":true,"nestedCleanupOutcome":"not-applicable","privateEvidenceRetained":false,"releaseApproved":false}
Owned Catalog, cutover and authority PostgreSQL	Run reader, cutover and authority tests in independently owned clusters	2026-09-08T11:17:03.0617996Z {"evidence":"owned-service-profile","profile":"selfhost-postgres16-alpine-v1","imageId":"sha256:75f5a96988cdf694a215073c3e9c001b706b371e2f94df3967f2efdec2787f6b","databaseProperties":{"encoding":6,"datcollate":"en_US.utf8","datctype":"en_US.utf8","datlocprovider":"c","daticulocale":null,"daticurules":null,"datcollversion":null,"datconnlimit":-1,"datallowconn":true,"datistemplate":false}}
Owned Catalog, cutover and authority PostgreSQL	Run reader, cutover and authority tests in independently owned clusters	2026-09-08T11:17:35.1872737Z 
Owned Catalog, cutover and authority PostgreSQL	Run reader, cutover and authority tests in independently owned clusters	2026-09-08T11:17:35.1875838Z ^[[1m^[[30m^[[46m RUN ^[[49m^[[39m^[[22m ^[[36mv4.1.5 ^[[39m^[[90m/home/runner/work/WiseEff/WiseEff^[[39m
Owned Catalog, cutover and authority PostgreSQL	Run reader, cutover and authority tests in independently owned clusters	2026-09-08T11:17:35.1876525Z 
Owned Catalog, cutover and authority PostgreSQL	Run reader, cutover and authority tests in independently owned clusters	2026-09-08T11:17:35.1878520Z ^[[90mstdout^[[2m | server/modules/catalog-cutover/retirement/loginFence.integration.test.ts^[[2m > ^[[22m^[[2mowned Docker source endpoint observation, not an old API/worker startup
Owned Catalog, cutover and authority PostgreSQL	Run reader, cutover and authority tests in independently owned clusters	2026-09-08T11:17:35.1886690Z ^[[22m^[[39mRETIREMENT_ENDPOINT_COMPONENT {"ownerRunId":"495e6b735b104b1b1b0180ef","networkId":"8af65771c01bdbe6cdde68923c6782038ec69ea0708a91a76f3d160987d5d582","imageId":"sha256:75f5a96988cdf694a215073c3e9c001b706b371e2f94df3967f2efdec2787f6b","postgresIds":["4a459852d676954e0e8dd7356b214c98a45ce20159b66c05f8b837b7a598fb09","f53b20466d49115ed18dbfc2700560fb3006b30ba25a0a5c3b765100b39fb962"],"probeIds":["9a1605a13c769d86830e8a3162d9d985f165847a96b9b862da020f23db6c065b","9a688b033c68161f298fa0c826afc581aaa2d22006659aaa28202fd40774a240"],"scope":"database-probe-not-api-worker","resourceOwner":"parent-supervisor"}
Owned Catalog, cutover and authority PostgreSQL	Run reader, cutover and authority tests in independently owned clusters	2026-09-08T11:17:35.1889033Z 
Owned Catalog, cutover and authority PostgreSQL	Run reader, cutover and authority tests in independently owned clusters	2026-09-08T11:17:35.1890741Z ^[[90mstdout^[[2m | server/modules/catalog-cutover/retirement/loginFence.integration.test.ts^[[2m > ^[[22m^[[2mowned Docker source endpoint observation, not an old API/worker startup^[[2m > ^[[22m^[[2mrejects a same-username URL for the other real owned database before connecting
Owned Catalog, cutover and authority PostgreSQL	Run reader, cutover and authority tests in independently owned clusters	2026-09-08T11:17:35.1892089Z ^[[22m^[[39mRETIREMENT_ENDPOINT_REFUSAL {"stage":"source-alias","facts":{}}
Owned Catalog, cutover and authority PostgreSQL	Run reader, cutover and authority tests in independently owned clusters	2026-09-08T11:17:35.1892670Z RETIREMENT_ENDPOINT_REFUSAL {"stage":"published-port","facts":{}}
Owned Catalog, cutover and authority PostgreSQL	Run reader, cutover and authority tests in independently owned clusters	2026-09-08T11:17:35.1892968Z 
Owned Catalog, cutover and authority PostgreSQL	Run reader, cutover and authority tests in independently owned clusters	2026-09-08T11:17:35.1894101Z ^[[90mstdout^[[2m | server/modules/catalog-cutover/retirement/loginFence.integration.test.ts^[[2m > ^[[22m^[[2mowned Docker source endpoint observation, not an old API/worker startup^[[2m > ^[[22m^[[2mrejects an actual duplicate network alias
Owned Catalog, cutover and authority PostgreSQL	Run reader, cutover and authority tests in independently owned clusters	2026-09-08T11:17:35.1897030Z ^[[22m^[[39mRETIREMENT_ENDPOINT_REFUSAL {"stage":"source-alias","facts":{}}
Owned Catalog, cutover and authority PostgreSQL	Run reader, cutover and authority tests in independently owned clusters	2026-09-08T11:17:35.1897553Z 
Owned Catalog, cutover and authority PostgreSQL	Run reader, cutover and authority tests in independently owned clusters	2026-09-08T11:17:35.1899023Z ^[[90mstdout^[[2m | server/modules/catalog-cutover/retirement/loginFence.integration.test.ts^[[2m > ^[[22m^[[2mowned Docker source endpoint observation, not an old API/worker startup^[[2m > ^[[22m^[[2mrejects the stopped source after its real hosts file redirected the original URL to the second database
Owned Catalog, cutover and authority PostgreSQL	Run reader, cutover and authority tests in independently owned clusters	2026-09-08T11:17:35.1900875Z ^[[22m^[[39mRETIREMENT_ENDPOINT_REFUSAL {"stage":"hosts-routing","facts":{}}
Owned Catalog, cutover and authority PostgreSQL	Run reader, cutover and authority tests in independently owned clusters	2026-09-08T11:17:35.1901181Z 
Owned Catalog, cutover and authority PostgreSQL	Run reader, cutover and authority tests in independently owned clusters	2026-09-08T11:17:35.1902469Z ^[[90mstdout^[[2m | server/modules/catalog-cutover/retirement/loginFence.integration.test.ts^[[2m > ^[[22m^[[2mowned Docker source endpoint observation, not an old API/worker startup^[[2m > ^[[22m^[[2mrejects Docker's own hosts entry for a source hostname matching the database alias
Owned Catalog, cutover and authority PostgreSQL	Run reader, cutover and authority tests in independently owned clusters	2026-09-08T11:17:35.1903811Z ^[[22m^[[39mRETIREMENT_ENDPOINT_REFUSAL {"stage":"container-hostname","facts":{}}
Owned Catalog, cutover and authority PostgreSQL	Run reader, cutover and authority tests in independently owned clusters	2026-09-08T11:17:35.1904135Z 
Owned Catalog, cutover and authority PostgreSQL	Run reader, cutover and authority tests in independently owned clusters	2026-09-08T11:17:35.1904805Z  ^[[32m✓^[[39m server/modules/catalog-cutover/retirement/loginFence.integration.test.ts ^[[2m(^[[22m^[[2m15 tests^[[22m^[[2m)^[[22m^[[33m 15575^[[2mms^[[22m^[[39m
Owned Catalog, cutover and authority PostgreSQL	Run reader, cutover and authority tests in independently owned clusters	2026-09-08T11:17:35.1905892Z      ^[[33m^[[2m✓^[[22m^[[39m accepts only the actual original alias and the same container's published port ^[[33m 320^[[2mms^[[22m^[[39m
Owned Catalog, cutover and authority PostgreSQL	Run reader, cutover and authority tests in independently owned clusters	2026-09-08T11:17:35.1908211Z      ^[[33m^[[2m✓^[[22m^[[39m rejects a same-username URL for the other real owned database before connecting ^[[33m 912^[[2mms^[[22m^[[39m
Owned Catalog, cutover and authority PostgreSQL	Run reader, cutover and authority tests in independently owned clusters	2026-09-08T11:17:35.1909382Z      ^[[33m^[[2m✓^[[22m^[[39m rejects an actual duplicate network alias ^[[33m 1056^[[2mms^[[22m^[[39m
Owned Catalog, cutover and authority PostgreSQL	Run reader, cutover and authority tests in independently owned clusters	2026-09-08T11:17:35.1910673Z      ^[[33m^[[2m✓^[[22m^[[39m rejects the stopped source after its real hosts file redirected the original URL to the second database ^[[33m 3713^[[2mms^[[22m^[[39m
Owned Catalog, cutover and authority PostgreSQL	Run reader, cutover and authority tests in independently owned clusters	2026-09-08T11:17:35.1912034Z      ^[[33m^[[2m✓^[[22m^[[39m rejects Docker's own hosts entry for a source hostname matching the database alias ^[[33m 2025^[[2mms^[[22m^[[39m
Owned Catalog, cutover and authority PostgreSQL	Run reader, cutover and authority tests in independently owned clusters	2026-09-08T11:17:35.1914463Z  ^[[32m✓^[[39m scripts/retirement-endpoint-supervision.docker.test.ts ^[[2m(^[[22m^[[2m1 test^[[22m^[[2m)^[[22m^[[33m 1315^[[2mms^[[22m^[[39m
Owned Catalog, cutover and authority PostgreSQL	Run reader, cutover and authority tests in independently owned clusters	2026-09-08T11:17:35.1915627Z    ^[[33m^[[2m✓^[[22m^[[39m terminates a TERM-resistant group while the supervising parent retains endpoint ownership ^[[33m 1313^[[2mms^[[22m^[[39m
Owned Catalog, cutover and authority PostgreSQL	Run reader, cutover and authority tests in independently owned clusters	2026-09-08T11:17:35.1916153Z 
Owned Catalog, cutover and authority PostgreSQL	Run reader, cutover and authority tests in independently owned clusters	2026-09-08T11:17:35.1916448Z ^[[2m Test Files ^[[22m ^[[1m^[[32m2 passed^[[39m^[[22m^[[90m (2)^[[39m
Owned Catalog, cutover and authority PostgreSQL	Run reader, cutover and authority tests in independently owned clusters	2026-09-08T11:17:35.1916974Z ^[[2m      Tests ^[[22m ^[[1m^[[32m16 passed^[[39m^[[22m^[[90m (16)^[[39m
Owned Catalog, cutover and authority PostgreSQL	Run reader, cutover and authority tests in independently owned clusters	2026-09-08T11:17:35.1917386Z ^[[2m   Start at ^[[22m 11:17:17
Owned Catalog, cutover and authority PostgreSQL	Run reader, cutover and authority tests in independently owned clusters	2026-09-08T11:17:35.1918289Z ^[[2m   Duration ^[[22m 17.46s^[[2m (transform 259ms, setup 0ms, import 339ms, tests 16.89s, environment 0ms)^[[22m
Owned Catalog, cutover and authority PostgreSQL	Run reader, cutover and authority tests in independently owned clusters	2026-09-08T11:17:35.1918711Z 
Owned Catalog, cutover and authority PostgreSQL	Run reader, cutover and authority tests in independently owned clusters	2026-09-08T11:17:36.6755587Z {"scope":"isolated-components-only","suite":"retirement-existing-pg16","imageReference":"postgres:16-alpine","imageId":"sha256:75f5a96988cdf694a215073c3e9c001b706b371e2f94df3967f2efdec2787f6b","platform":"linux/amd64","containerId":"c7b08aaadcb19ad9c60b33b11a99fe0e9bdf8094da805da3e6b68979e1949b8f","networkId":"64b896221df659e80932ca6309c21a5bdf6f8d2c5d934e1bb6999b3569146b0e","exitCode":0,"runnerResourcesCleanupVerified":true,"cleanupVerified":true,"nestedCleanupOutcome":"not-applicable","privateEvidenceRetained":false,"releaseApproved":false}
Owned Catalog, cutover and authority PostgreSQL	Run reader, cutover and authority tests in independently owned clusters	2026-09-08T11:17:46.1515227Z {"evidence":"owned-service-profile","profile":"selfhost-postgres16-alpine-v1","imageId":"sha256:75f5a96988cdf694a215073c3e9c001b706b371e2f94df3967f2efdec2787f6b","databaseProperties":{"encoding":6,"datcollate":"en_US.utf8","datctype":"en_US.utf8","datlocprovider":"c","daticulocale":null,"daticurules":null,"datcollversion":null,"datconnlimit":-1,"datallowconn":true,"datistemplate":false}}
Owned Catalog, cutover and authority PostgreSQL	Run reader, cutover and authority tests in independently owned clusters	2026-09-08T11:18:24.0148360Z 
Owned Catalog, cutover and authority PostgreSQL	Run reader, cutover and authority tests in independently owned clusters	2026-09-08T11:18:24.0150205Z ^[[1m^[[30m^[[46m RUN ^[[49m^[[39m^[[22m ^[[36mv4.1.5 ^[[39m^[[90m/home/runner/work/WiseEff/WiseEff^[[39m
Owned Catalog, cutover and authority PostgreSQL	Run reader, cutover and authority tests in independently owned clusters	2026-09-08T11:18:24.0151080Z 
Owned Catalog, cutover and authority PostgreSQL	Run reader, cutover and authority tests in independently owned clusters	2026-09-08T11:18:24.0151958Z ^[[90mstdout^[[2m | server/modules/catalog-cutover/retirement/bootstrapCredentialFence.integration.test.ts^[[2m > ^[[22m^[[2mindependent custody transport lifecycle
Owned Catalog, cutover and authority PostgreSQL	Run reader, cutover and authority tests in independently owned clusters	2026-09-08T11:18:24.0153057Z ^[[22m^[[39m{"scope":"bootstrap-custody-timing","stage":"authentication-setup","elapsedMs":681}
Owned Catalog, cutover and authority PostgreSQL	Run reader, cutover and authority tests in independently owned clusters	2026-09-08T11:18:24.0153437Z 
Owned Catalog, cutover and authority PostgreSQL	Run reader, cutover and authority tests in independently owned clusters	2026-09-08T11:18:24.0154961Z ^[[90mstdout^[[2m | server/modules/catalog-cutover/retirement/bootstrapCredentialFence.integration.test.ts^[[2m > ^[[22m^[[2mindependent custody transport lifecycle^[[2m > ^[[22m^[[2mchecks original authentication selection exact in one independent process
Owned Catalog, cutover and authority PostgreSQL	Run reader, cutover and authority tests in independently owned clusters	2026-09-08T11:18:24.0156315Z ^[[22m^[[39m{"scope":"bootstrap-custody-timing","stage":"imports-ready","elapsedMs":845}
Owned Catalog, cutover and authority PostgreSQL	Run reader, cutover and authority tests in independently owned clusters	2026-09-08T11:18:24.0156672Z 
Owned Catalog, cutover and authority PostgreSQL	Run reader, cutover and authority tests in independently owned clusters	2026-09-08T11:18:24.0158174Z ^[[90mstdout^[[2m | server/modules/catalog-cutover/retirement/bootstrapCredentialFence.integration.test.ts^[[2m > ^[[22m^[[2mindependent custody transport lifecycle^[[2m > ^[[22m^[[2mchecks original authentication selection exact in one independent process
Owned Catalog, cutover and authority PostgreSQL	Run reader, cutover and authority tests in independently owned clusters	2026-09-08T11:18:24.0159504Z ^[[22m^[[39m{"scope":"bootstrap-custody-timing","stage":"manager-ready","elapsedMs":858}
Owned Catalog, cutover and authority PostgreSQL	Run reader, cutover and authority tests in independently owned clusters	2026-09-08T11:18:24.0160141Z 
Owned Catalog, cutover and authority PostgreSQL	Run reader, cutover and authority tests in independently owned clusters	2026-09-08T11:18:24.0161365Z ^[[90mstdout^[[2m | server/modules/catalog-cutover/retirement/bootstrapCredentialFence.integration.test.ts^[[2m > ^[[22m^[[2mindependent custody transport lifecycle^[[2m > ^[[22m^[[2mchecks original authentication selection exact in one independent process
Owned Catalog, cutover and authority PostgreSQL	Run reader, cutover and authority tests in independently owned clusters	2026-09-08T11:18:24.0162707Z ^[[22m^[[39m{"scope":"bootstrap-custody-timing","stage":"inspection-complete","elapsedMs":1164}
Owned Catalog, cutover and authority PostgreSQL	Run reader, cutover and authority tests in independently owned clusters	2026-09-08T11:18:24.0163078Z 
Owned Catalog, cutover and authority PostgreSQL	Run reader, cutover and authority tests in independently owned clusters	2026-09-08T11:18:24.0164266Z ^[[90mstdout^[[2m | server/modules/catalog-cutover/retirement/bootstrapCredentialFence.integration.test.ts^[[2m > ^[[22m^[[2mindependent custody transport lifecycle^[[2m > ^[[22m^[[2mchecks original authentication selection exact in one independent process
Owned Catalog, cutover and authority PostgreSQL	Run reader, cutover and authority tests in independently owned clusters	2026-09-08T11:18:24.0165790Z ^[[22m^[[39m{"scope":"bootstrap-custody-timing","stage":"child-settled","elapsedMs":1184}
Owned Catalog, cutover and authority PostgreSQL	Run reader, cutover and authority tests in independently owned clusters	2026-09-08T11:18:24.0166134Z 
Owned Catalog, cutover and authority PostgreSQL	Run reader, cutover and authority tests in independently owned clusters	2026-09-08T11:18:24.0167347Z ^[[90mstdout^[[2m | server/modules/catalog-cutover/retirement/bootstrapCredentialFence.integration.test.ts^[[2m > ^[[22m^[[2mindependent custody transport lifecycle^[[2m > ^[[22m^[[2mchecks original authentication selection cross-run in one independent process
Owned Catalog, cutover and authority PostgreSQL	Run reader, cutover and authority tests in independently owned clusters	2026-09-08T11:18:24.0168658Z ^[[22m^[[39m{"scope":"bootstrap-custody-timing","stage":"imports-ready","elapsedMs":731}
Owned Catalog, cutover and authority PostgreSQL	Run reader, cutover and authority tests in independently owned clusters	2026-09-08T11:18:24.0168988Z 
Owned Catalog, cutover and authority PostgreSQL	Run reader, cutover and authority tests in independently owned clusters	2026-09-08T11:18:24.0170563Z ^[[90mstdout^[[2m | server/modules/catalog-cutover/retirement/bootstrapCredentialFence.integration.test.ts^[[2m > ^[[22m^[[2mindependent custody transport lifecycle^[[2m > ^[[22m^[[2mchecks original authentication selection cross-run in one independent process
Owned Catalog, cutover and authority PostgreSQL	Run reader, cutover and authority tests in independently owned clusters	2026-09-08T11:18:24.0171919Z ^[[22m^[[39m{"scope":"bootstrap-custody-timing","stage":"manager-ready","elapsedMs":745}
Owned Catalog, cutover and authority PostgreSQL	Run reader, cutover and authority tests in independently owned clusters	2026-09-08T11:18:24.0172272Z 
Owned Catalog, cutover and authority PostgreSQL	Run reader, cutover and authority tests in independently owned clusters	2026-09-08T11:18:24.0173496Z ^[[90mstdout^[[2m | server/modules/catalog-cutover/retirement/bootstrapCredentialFence.integration.test.ts^[[2m > ^[[22m^[[2mindependent custody transport lifecycle^[[2m > ^[[22m^[[2mchecks original authentication selection cross-run in one independent process
Owned Catalog, cutover and authority PostgreSQL	Run reader, cutover and authority tests in independently owned clusters	2026-09-08T11:18:24.0174837Z ^[[22m^[[39m{"scope":"bootstrap-custody-timing","stage":"inspection-complete","elapsedMs":785}
Owned Catalog, cutover and authority PostgreSQL	Run reader, cutover and authority tests in independently owned clusters	2026-09-08T11:18:24.0175203Z 
Owned Catalog, cutover and authority PostgreSQL	Run reader, cutover and authority tests in independently owned clusters	2026-09-08T11:18:24.0176424Z ^[[90mstdout^[[2m | server/modules/catalog-cutover/retirement/bootstrapCredentialFence.integration.test.ts^[[2m > ^[[22m^[[2mindependent custody transport lifecycle^[[2m > ^[[22m^[[2mchecks original authentication selection cross-run in one independent process
Owned Catalog, cutover and authority PostgreSQL	Run reader, cutover and authority tests in independently owned clusters	2026-09-08T11:18:24.0177728Z ^[[22m^[[39m{"scope":"bootstrap-custody-timing","stage":"child-settled","elapsedMs":805}
Owned Catalog, cutover and authority PostgreSQL	Run reader, cutover and authority tests in independently owned clusters	2026-09-08T11:18:24.0178063Z 
Owned Catalog, cutover and authority PostgreSQL	Run reader, cutover and authority tests in independently owned clusters	2026-09-08T11:18:24.0179311Z ^[[90mstdout^[[2m | server/modules/catalog-cutover/retirement/bootstrapCredentialFence.integration.test.ts^[[2m > ^[[22m^[[2mindependent custody transport lifecycle^[[2m > ^[[22m^[[2mchecks original authentication selection package-drift in one independent process
Owned Catalog, cutover and authority PostgreSQL	Run reader, cutover and authority tests in independently owned clusters	2026-09-08T11:18:24.0181653Z ^[[22m^[[39m{"scope":"bootstrap-custody-timing","stage":"imports-ready","elapsedMs":721}
Owned Catalog, cutover and authority PostgreSQL	Run reader, cutover and authority tests in independently owned clusters	2026-09-08T11:18:24.0182017Z 
Owned Catalog, cutover and authority PostgreSQL	Run reader, cutover and authority tests in independently owned clusters	2026-09-08T11:18:24.0183268Z ^[[90mstdout^[[2m | server/modules/catalog-cutover/retirement/bootstrapCredentialFence.integration.test.ts^[[2m > ^[[22m^[[2mindependent custody transport lifecycle^[[2m > ^[[22m^[[2mchecks original authentication selection package-drift in one independent process
Owned Catalog, cutover and authority PostgreSQL	Run reader, cutover and authority tests in independently owned clusters	2026-09-08T11:18:24.0184603Z ^[[22m^[[39m{"scope":"bootstrap-custody-timing","stage":"manager-ready","elapsedMs":734}
Owned Catalog, cutover and authority PostgreSQL	Run reader, cutover and authority tests in independently owned clusters	2026-09-08T11:18:24.0184946Z 
Owned Catalog, cutover and authority PostgreSQL	Run reader, cutover and authority tests in independently owned clusters	2026-09-08T11:18:24.0186183Z ^[[90mstdout^[[2m | server/modules/catalog-cutover/retirement/bootstrapCredentialFence.integration.test.ts^[[2m > ^[[22m^[[2mindependent custody transport lifecycle^[[2m > ^[[22m^[[2mchecks original authentication selection package-drift in one independent process
Owned Catalog, cutover and authority PostgreSQL	Run reader, cutover and authority tests in independently owned clusters	2026-09-08T11:18:24.0187587Z ^[[22m^[[39m{"scope":"bootstrap-custody-timing","stage":"inspection-complete","elapsedMs":790}
Owned Catalog, cutover and authority PostgreSQL	Run reader, cutover and authority tests in independently owned clusters	2026-09-08T11:18:24.0187968Z 
Owned Catalog, cutover and authority PostgreSQL	Run reader, cutover and authority tests in independently owned clusters	2026-09-08T11:18:24.0189203Z ^[[90mstdout^[[2m | server/modules/catalog-cutover/retirement/bootstrapCredentialFence.integration.test.ts^[[2m > ^[[22m^[[2mindependent custody transport lifecycle^[[2m > ^[[22m^[[2mchecks original authentication selection package-drift in one independent process
Owned Catalog, cutover and authority PostgreSQL	Run reader, cutover and authority tests in independently owned clusters	2026-09-08T11:18:24.0190897Z ^[[22m^[[39m{"scope":"bootstrap-custody-timing","stage":"child-settled","elapsedMs":810}
Owned Catalog, cutover and authority PostgreSQL	Run reader, cutover and authority tests in independently owned clusters	2026-09-08T11:18:24.0191249Z 
Owned Catalog, cutover and authority PostgreSQL	Run reader, cutover and authority tests in independently owned clusters	2026-09-08T11:18:24.0192488Z ^[[90mstdout^[[2m | server/modules/catalog-cutover/retirement/bootstrapCredentialFence.integration.test.ts^[[2m > ^[[22m^[[2mindependent custody transport lifecycle^[[2m > ^[[22m^[[2mchecks original authentication selection guard-ended in one independent process
Owned Catalog, cutover and authority PostgreSQL	Run reader, cutover and authority tests in independently owned clusters	2026-09-08T11:18:24.0193797Z ^[[22m^[[39m{"scope":"bootstrap-custody-timing","stage":"imports-ready","elapsedMs":694}
Owned Catalog, cutover and authority PostgreSQL	Run reader, cutover and authority tests in independently owned clusters	2026-09-08T11:18:24.0194131Z 
Owned Catalog, cutover and authority PostgreSQL	Run reader, cutover and authority tests in independently owned clusters	2026-09-08T11:18:24.0195559Z ^[[90mstdout^[[2m | server/modules/catalog-cutover/retirement/bootstrapCredentialFence.integration.test.ts^[[2m > ^[[22m^[[2mindependent custody transport lifecycle^[[2m > ^[[22m^[[2mchecks original authentication selection guard-ended in one independent process
Owned Catalog, cutover and authority PostgreSQL	Run reader, cutover and authority tests in independently owned clusters	2026-09-08T11:18:24.0196982Z ^[[22m^[[39m{"scope":"bootstrap-custody-timing","stage":"manager-ready","elapsedMs":707}
Owned Catalog, cutover and authority PostgreSQL	Run reader, cutover and authority tests in independently owned clusters	2026-09-08T11:18:24.0197639Z 
Owned Catalog, cutover and authority PostgreSQL	Run reader, cutover and authority tests in independently owned clusters	2026-09-08T11:18:24.0199190Z ^[[90mstdout^[[2m | server/modules/catalog-cutover/retirement/bootstrapCredentialFence.integration.test.ts^[[2m > ^[[22m^[[2mindependent custody transport lifecycle^[[2m > ^[[22m^[[2mchecks original authentication selection guard-ended in one independent process
Owned Catalog, cutover and authority PostgreSQL	Run reader, cutover and authority tests in independently owned clusters	2026-09-08T11:18:24.0200953Z ^[[22m^[[39m{"scope":"bootstrap-custody-timing","stage":"inspection-complete","elapsedMs":794}
Owned Catalog, cutover and authority PostgreSQL	Run reader, cutover and authority tests in independently owned clusters	2026-09-08T11:18:24.0201325Z 
Owned Catalog, cutover and authority PostgreSQL	Run reader, cutover and authority tests in independently owned clusters	2026-09-08T11:18:24.0202737Z ^[[90mstdout^[[2m | server/modules/catalog-cutover/retirement/bootstrapCredentialFence.integration.test.ts^[[2m > ^[[22m^[[2mindependent custody transport lifecycle^[[2m > ^[[22m^[[2mchecks original authentication selection guard-ended in one independent process
Owned Catalog, cutover and authority PostgreSQL	Run reader, cutover and authority tests in independently owned clusters	2026-09-08T11:18:24.0204090Z ^[[22m^[[39m{"scope":"bootstrap-custody-timing","stage":"child-settled","elapsedMs":811}
Owned Catalog, cutover and authority PostgreSQL	Run reader, cutover and authority tests in independently owned clusters	2026-09-08T11:18:24.0204419Z 
Owned Catalog, cutover and authority PostgreSQL	Run reader, cutover and authority tests in independently owned clusters	2026-09-08T11:18:24.0205376Z ^[[90mstdout^[[2m | server/modules/catalog-cutover/retirement/bootstrapCredentialFence.integration.test.ts^[[2m > ^[[22m^[[2mindependent custody transport lifecycle^[[2m > ^[[22m^[[2mrecorded SQL successor
Owned Catalog, cutover and authority PostgreSQL	Run reader, cutover and authority tests in independently owned clusters	2026-09-08T11:18:24.0206516Z ^[[22m^[[39m{"scope":"bootstrap-custody-timing","stage":"sql-successor-setup","elapsedMs":202}
Owned Catalog, cutover and authority PostgreSQL	Run reader, cutover and authority tests in independently owned clusters	2026-09-08T11:18:24.0206875Z 
Owned Catalog, cutover and authority PostgreSQL	Run reader, cutover and authority tests in independently owned clusters	2026-09-08T11:18:24.0208233Z ^[[90mstdout^[[2m | server/modules/catalog-cutover/retirement/bootstrapCredentialFence.integration.test.ts^[[2m > ^[[22m^[[2mindependent custody transport lifecycle^[[2m > ^[[22m^[[2mrecorded SQL successor^[[2m > ^[[22m^[[2mchecks successor selection baseline with original custody and real locks
Owned Catalog, cutover and authority PostgreSQL	Run reader, cutover and authority tests in independently owned clusters	2026-09-08T11:18:24.0209615Z ^[[22m^[[39m{"scope":"bootstrap-custody-timing","stage":"imports-ready","elapsedMs":712}
Owned Catalog, cutover and authority PostgreSQL	Run reader, cutover and authority tests in independently owned clusters	2026-09-08T11:18:24.0210302Z 
Owned Catalog, cutover and authority PostgreSQL	Run reader, cutover and authority tests in independently owned clusters	2026-09-08T11:18:24.0211688Z ^[[90mstdout^[[2m | server/modules/catalog-cutover/retirement/bootstrapCredentialFence.integration.test.ts^[[2m > ^[[22m^[[2mindependent custody transport lifecycle^[[2m > ^[[22m^[[2mrecorded SQL successor^[[2m > ^[[22m^[[2mchecks successor selection baseline with original custody and real locks
Owned Catalog, cutover and authority PostgreSQL	Run reader, cutover and authority tests in independently owned clusters	2026-09-08T11:18:24.0213271Z ^[[22m^[[39m{"scope":"bootstrap-custody-timing","stage":"manager-ready","elapsedMs":725}
Owned Catalog, cutover and authority PostgreSQL	Run reader, cutover and authority tests in independently owned clusters	2026-09-08T11:18:24.0213607Z 
Owned Catalog, cutover and authority PostgreSQL	Run reader, cutover and authority tests in independently owned clusters	2026-09-08T11:18:24.0214961Z ^[[90mstdout^[[2m | server/modules/catalog-cutover/retirement/bootstrapCredentialFence.integration.test.ts^[[2m > ^[[22m^[[2mindependent custody transport lifecycle^[[2m > ^[[22m^[[2mrecorded SQL successor^[[2m > ^[[22m^[[2mchecks successor selection baseline with original custody and real locks
Owned Catalog, cutover and authority PostgreSQL	Run reader, cutover and authority tests in independently owned clusters	2026-09-08T11:18:24.0216385Z ^[[22m^[[39m{"scope":"bootstrap-custody-timing","stage":"inspection-complete","elapsedMs":1365}
Owned Catalog, cutover and authority PostgreSQL	Run reader, cutover and authority tests in independently owned clusters	2026-09-08T11:18:24.0216752Z 
Owned Catalog, cutover and authority PostgreSQL	Run reader, cutover and authority tests in independently owned clusters	2026-09-08T11:18:24.0218101Z ^[[90mstdout^[[2m | server/modules/catalog-cutover/retirement/bootstrapCredentialFence.integration.test.ts^[[2m > ^[[22m^[[2mindependent custody transport lifecycle^[[2m > ^[[22m^[[2mrecorded SQL successor^[[2m > ^[[22m^[[2mchecks successor selection baseline with original custody and real locks
Owned Catalog, cutover and authority PostgreSQL	Run reader, cutover and authority tests in independently owned clusters	2026-09-08T11:18:24.0219501Z ^[[22m^[[39m{"scope":"bootstrap-custody-timing","stage":"child-settled","elapsedMs":1385}
Owned Catalog, cutover and authority PostgreSQL	Run reader, cutover and authority tests in independently owned clusters	2026-09-08T11:18:24.0220163Z 
Owned Catalog, cutover and authority PostgreSQL	Run reader, cutover and authority tests in independently owned clusters	2026-09-08T11:18:24.0221575Z ^[[90mstdout^[[2m | server/modules/catalog-cutover/retirement/bootstrapCredentialFence.integration.test.ts^[[2m > ^[[22m^[[2mindependent custody transport lifecycle^[[2m > ^[[22m^[[2mrecorded SQL successor^[[2m > ^[[22m^[[2mchecks successor selection missing-host with original custody and real locks
Owned Catalog, cutover and authority PostgreSQL	Run reader, cutover and authority tests in independently owned clusters	2026-09-08T11:18:24.0222997Z ^[[22m^[[39m{"scope":"bootstrap-custody-timing","stage":"imports-ready","elapsedMs":731}
Owned Catalog, cutover and authority PostgreSQL	Run reader, cutover and authority tests in independently owned clusters	2026-09-08T11:18:24.0223339Z 
Owned Catalog, cutover and authority PostgreSQL	Run reader, cutover and authority tests in independently owned clusters	2026-09-08T11:18:24.0224710Z ^[[90mstdout^[[2m | server/modules/catalog-cutover/retirement/bootstrapCredentialFence.integration.test.ts^[[2m > ^[[22m^[[2mindependent custody transport lifecycle^[[2m > ^[[22m^[[2mrecorded SQL successor^[[2m > ^[[22m^[[2mchecks successor selection missing-host with original custody and real locks
Owned Catalog, cutover and authority PostgreSQL	Run reader, cutover and authority tests in independently owned clusters	2026-09-08T11:18:24.0226526Z ^[[22m^[[39m{"scope":"bootstrap-custody-timing","stage":"manager-ready","elapsedMs":744}
Owned Catalog, cutover and authority PostgreSQL	Run reader, cutover and authority tests in independently owned clusters	2026-09-08T11:18:24.0226874Z 
Owned Catalog, cutover and authority PostgreSQL	Run reader, cutover and authority tests in independently owned clusters	2026-09-08T11:18:24.0228256Z ^[[90mstdout^[[2m | server/modules/catalog-cutover/retirement/bootstrapCredentialFence.integration.test.ts^[[2m > ^[[22m^[[2mindependent custody transport lifecycle^[[2m > ^[[22m^[[2mrecorded SQL successor^[[2m > ^[[22m^[[2mchecks successor selection missing-host with original custody and real locks
Owned Catalog, cutover and authority PostgreSQL	Run reader, cutover and authority tests in independently owned clusters	2026-09-08T11:18:24.0230259Z ^[[22m^[[39m{"scope":"bootstrap-custody-timing","stage":"inspection-complete","elapsedMs":852}
Owned Catalog, cutover and authority PostgreSQL	Run reader, cutover and authority tests in independently owned clusters	2026-09-08T11:18:24.0230650Z 
Owned Catalog, cutover and authority PostgreSQL	Run reader, cutover and authority tests in independently owned clusters	2026-09-08T11:18:24.0232323Z ^[[90mstdout^[[2m | server/modules/catalog-cutover/retirement/bootstrapCredentialFence.integration.test.ts^[[2m > ^[[22m^[[2mindependent custody transport lifecycle^[[2m > ^[[22m^[[2mrecorded SQL successor^[[2m > ^[[22m^[[2mchecks successor selection missing-host with original custody and real locks
Owned Catalog, cutover and authority PostgreSQL	Run reader, cutover and authority tests in independently owned clusters	2026-09-08T11:18:24.0233865Z ^[[22m^[[39m{"scope":"bootstrap-custody-timing","stage":"child-settled","elapsedMs":871}
Owned Catalog, cutover and authority PostgreSQL	Run reader, cutover and authority tests in independently owned clusters	2026-09-08T11:18:24.0234209Z 
Owned Catalog, cutover and authority PostgreSQL	Run reader, cutover and authority tests in independently owned clusters	2026-09-08T11:18:24.0235602Z ^[[90mstdout^[[2m | server/modules/catalog-cutover/retirement/bootstrapCredentialFence.integration.test.ts^[[2m > ^[[22m^[[2mindependent custody transport lifecycle^[[2m > ^[[22m^[[2mrecorded SQL successor^[[2m > ^[[22m^[[2mchecks successor selection wrong-host-run with original custody and real locks
Owned Catalog, cutover and authority PostgreSQL	Run reader, cutover and authority tests in independently owned clusters	2026-09-08T11:18:24.0237008Z ^[[22m^[[39m{"scope":"bootstrap-custody-timing","stage":"imports-ready","elapsedMs":705}
Owned Catalog, cutover and authority PostgreSQL	Run reader, cutover and authority tests in independently owned clusters	2026-09-08T11:18:24.0237345Z 
Owned Catalog, cutover and authority PostgreSQL	Run reader, cutover and authority tests in independently owned clusters	2026-09-08T11:18:24.0238742Z ^[[90mstdout^[[2m | server/modules/catalog-cutover/retirement/bootstrapCredentialFence.integration.test.ts^[[2m > ^[[22m^[[2mindependent custody transport lifecycle^[[2m > ^[[22m^[[2mrecorded SQL successor^[[2m > ^[[22m^[[2mchecks successor selection wrong-host-run with original custody and real locks
Owned Catalog, cutover and authority PostgreSQL	Run reader, cutover and authority tests in independently owned clusters	2026-09-08T11:18:24.0241186Z ^[[22m^[[39m{"scope":"bootstrap-custody-timing","stage":"manager-ready","elapsedMs":718}
Owned Catalog, cutover and authority PostgreSQL	Run reader, cutover and authority tests in independently owned clusters	2026-09-08T11:18:24.0241874Z 
Owned Catalog, cutover and authority PostgreSQL	Run reader, cutover and authority tests in independently owned clusters	2026-09-08T11:18:24.0243651Z ^[[90mstdout^[[2m | server/modules/catalog-cutover/retirement/bootstrapCredentialFence.integration.test.ts^[[2m > ^[[22m^[[2mindependent custody transport lifecycle^[[2m > ^[[22m^[[2mrecorded SQL successor^[[2m > ^[[22m^[[2mchecks successor selection wrong-host-run with original custody and real locks
Owned Catalog, cutover and authority PostgreSQL	Run reader, cutover and authority tests in independently owned clusters	2026-09-08T11:18:24.0245162Z ^[[22m^[[39m{"scope":"bootstrap-custody-timing","stage":"inspection-complete","elapsedMs":831}
Owned Catalog, cutover and authority PostgreSQL	Run reader, cutover and authority tests in independently owned clusters	2026-09-08T11:18:24.0245542Z 
Owned Catalog, cutover and authority PostgreSQL	Run reader, cutover and authority tests in independently owned clusters	2026-09-08T11:18:24.0247205Z ^[[90mstdout^[[2m | server/modules/catalog-cutover/retirement/bootstrapCredentialFence.integration.test.ts^[[2m > ^[[22m^[[2mindependent custody transport lifecycle^[[2m > ^[[22m^[[2mrecorded SQL successor^[[2m > ^[[22m^[[2mchecks successor selection wrong-host-run with original custody and real locks
Owned Catalog, cutover and authority PostgreSQL	Run reader, cutover and authority tests in independently owned clusters	2026-09-08T11:18:24.0250118Z ^[[22m^[[39m{"scope":"bootstrap-custody-timing","stage":"child-settled","elapsedMs":851}
Owned Catalog, cutover and authority PostgreSQL	Run reader, cutover and authority tests in independently owned clusters	2026-09-08T11:18:24.0250757Z 
Owned Catalog, cutover and authority PostgreSQL	Run reader, cutover and authority tests in independently owned clusters	2026-09-08T11:18:24.0253416Z ^[[90mstdout^[[2m | server/modules/catalog-cutover/retirement/bootstrapCredentialFence.integration.test.ts^[[2m > ^[[22m^[[2mindependent custody transport lifecycle^[[2m > ^[[22m^[[2mrecorded SQL successor^[[2m > ^[[22m^[[2mchecks successor selection extra-acl with original custody and real locks
Owned Catalog, cutover and authority PostgreSQL	Run reader, cutover and authority tests in independently owned clusters	2026-09-08T11:18:24.0255174Z ^[[22m^[[39m{"scope":"bootstrap-custody-timing","stage":"imports-ready","elapsedMs":717}
Owned Catalog, cutover and authority PostgreSQL	Run reader, cutover and authority tests in independently owned clusters	2026-09-08T11:18:24.0255735Z 
Owned Catalog, cutover and authority PostgreSQL	Run reader, cutover and authority tests in independently owned clusters	2026-09-08T11:18:24.0258511Z ^[[90mstdout^[[2m | server/modules/catalog-cutover/retirement/bootstrapCredentialFence.integration.test.ts^[[2m > ^[[22m^[[2mindependent custody transport lifecycle^[[2m > ^[[22m^[[2mrecorded SQL successor^[[2m > ^[[22m^[[2mchecks successor selection extra-acl with original custody and real locks
Owned Catalog, cutover and authority PostgreSQL	Run reader, cutover and authority tests in independently owned clusters	2026-09-08T11:18:24.0261481Z ^[[22m^[[39m{"scope":"bootstrap-custody-timing","stage":"manager-ready","elapsedMs":731}
Owned Catalog, cutover and authority PostgreSQL	Run reader, cutover and authority tests in independently owned clusters	2026-09-08T11:18:24.0262156Z 
Owned Catalog, cutover and authority PostgreSQL	Run reader, cutover and authority tests in independently owned clusters	2026-09-08T11:18:24.0265050Z ^[[90mstdout^[[2m | server/modules/catalog-cutover/retirement/bootstrapCredentialFence.integration.test.ts^[[2m > ^[[22m^[[2mindependent custody transport lifecycle^[[2m > ^[[22m^[[2mrecorded SQL successor^[[2m > ^[[22m^[[2mchecks successor selection extra-acl with original custody and real locks
Owned Catalog, cutover and authority PostgreSQL	Run reader, cutover and authority tests in independently owned clusters	2026-09-08T11:18:24.0267934Z ^[[22m^[[39m{"scope":"bootstrap-custody-timing","stage":"inspection-complete","elapsedMs":875}
Owned Catalog, cutover and authority PostgreSQL	Run reader, cutover and authority tests in independently owned clusters	2026-09-08T11:18:24.0268622Z 
Owned Catalog, cutover and authority PostgreSQL	Run reader, cutover and authority tests in independently owned clusters	2026-09-08T11:18:24.0271489Z ^[[90mstdout^[[2m | server/modules/catalog-cutover/retirement/bootstrapCredentialFence.integration.test.ts^[[2m > ^[[22m^[[2mindependent custody transport lifecycle^[[2m > ^[[22m^[[2mrecorded SQL successor^[[2m > ^[[22m^[[2mchecks successor selection extra-acl with original custody and real locks
Owned Catalog, cutover and authority PostgreSQL	Run reader, cutover and authority tests in independently owned clusters	2026-09-08T11:18:24.0273847Z ^[[22m^[[39m{"scope":"bootstrap-custody-timing","stage":"child-settled","elapsedMs":895}
Owned Catalog, cutover and authority PostgreSQL	Run reader, cutover and authority tests in independently owned clusters	2026-09-08T11:18:24.0274494Z 
Owned Catalog, cutover and authority PostgreSQL	Run reader, cutover and authority tests in independently owned clusters	2026-09-08T11:18:24.0277122Z ^[[90mstdout^[[2m | server/modules/catalog-cutover/retirement/bootstrapCredentialFence.integration.test.ts^[[2m > ^[[22m^[[2mindependent custody transport lifecycle^[[2m > ^[[22m^[[2mrecorded SQL successor^[[2m > ^[[22m^[[2mchecks successor selection new-relation with original custody and real locks
Owned Catalog, cutover and authority PostgreSQL	Run reader, cutover and authority tests in independently owned clusters	2026-09-08T11:18:24.0280081Z ^[[22m^[[39m{"scope":"bootstrap-custody-timing","stage":"imports-ready","elapsedMs":709}
Owned Catalog, cutover and authority PostgreSQL	Run reader, cutover and authority tests in independently owned clusters	2026-09-08T11:18:24.0280709Z 
Owned Catalog, cutover and authority PostgreSQL	Run reader, cutover and authority tests in independently owned clusters	2026-09-08T11:18:24.0283354Z ^[[90mstdout^[[2m | server/modules/catalog-cutover/retirement/bootstrapCredentialFence.integration.test.ts^[[2m > ^[[22m^[[2mindependent custody transport lifecycle^[[2m > ^[[22m^[[2mrecorded SQL successor^[[2m > ^[[22m^[[2mchecks successor selection new-relation with original custody and real locks
Owned Catalog, cutover and authority PostgreSQL	Run reader, cutover and authority tests in independently owned clusters	2026-09-08T11:18:24.0286048Z ^[[22m^[[39m{"scope":"bootstrap-custody-timing","stage":"manager-ready","elapsedMs":722}
Owned Catalog, cutover and authority PostgreSQL	Run reader, cutover and authority tests in independently owned clusters	2026-09-08T11:18:24.0286672Z 
Owned Catalog, cutover and authority PostgreSQL	Run reader, cutover and authority tests in independently owned clusters	2026-09-08T11:18:24.0289332Z ^[[90mstdout^[[2m | server/modules/catalog-cutover/retirement/bootstrapCredentialFence.integration.test.ts^[[2m > ^[[22m^[[2mindependent custody transport lifecycle^[[2m > ^[[22m^[[2mrecorded SQL successor^[[2m > ^[[22m^[[2mchecks successor selection new-relation with original custody and real locks
Owned Catalog, cutover and authority PostgreSQL	Run reader, cutover and authority tests in independently owned clusters	2026-09-08T11:18:24.0292548Z ^[[22m^[[39m{"scope":"bootstrap-custody-timing","stage":"inspection-complete","elapsedMs":1164}
Owned Catalog, cutover and authority PostgreSQL	Run reader, cutover and authority tests in independently owned clusters	2026-09-08T11:18:24.0293239Z 
Owned Catalog, cutover and authority PostgreSQL	Run reader, cutover and authority tests in independently owned clusters	2026-09-08T11:18:24.0295956Z ^[[90mstdout^[[2m | server/modules/catalog-cutover/retirement/bootstrapCredentialFence.integration.test.ts^[[2m > ^[[22m^[[2mindependent custody transport lifecycle^[[2m > ^[[22m^[[2mrecorded SQL successor^[[2m > ^[[22m^[[2mchecks successor selection new-relation with original custody and real locks
Owned Catalog, cutover and authority PostgreSQL	Run reader, cutover and authority tests in independently owned clusters	2026-09-08T11:18:24.0300304Z ^[[22m^[[39m{"scope":"bootstrap-custody-timing","stage":"child-settled","elapsedMs":1186}
Owned Catalog, cutover and authority PostgreSQL	Run reader, cutover and authority tests in independently owned clusters	2026-09-08T11:18:24.0300944Z 
Owned Catalog, cutover and authority PostgreSQL	Run reader, cutover and authority tests in independently owned clusters	2026-09-08T11:18:24.0303599Z ^[[90mstdout^[[2m | server/modules/catalog-cutover/retirement/bootstrapCredentialFence.integration.test.ts^[[2m > ^[[22m^[[2mindependent custody transport lifecycle^[[2m > ^[[22m^[[2mrecorded SQL successor^[[2m > ^[[22m^[[2mchecks successor selection host-association with original custody and real locks
Owned Catalog, cutover and authority PostgreSQL	Run reader, cutover and authority tests in independently owned clusters	2026-09-08T11:18:24.0306415Z ^[[22m^[[39m{"scope":"bootstrap-custody-timing","stage":"imports-ready","elapsedMs":728}
Owned Catalog, cutover and authority PostgreSQL	Run reader, cutover and authority tests in independently owned clusters	2026-09-08T11:18:24.0307033Z 
Owned Catalog, cutover and authority PostgreSQL	Run reader, cutover and authority tests in independently owned clusters	2026-09-08T11:18:24.0310169Z ^[[90mstdout^[[2m | server/modules/catalog-cutover/retirement/bootstrapCredentialFence.integration.test.ts^[[2m > ^[[22m^[[2mindependent custody transport lifecycle^[[2m > ^[[22m^[[2mrecorded SQL successor^[[2m > ^[[22m^[[2mchecks successor selection host-association with original custody and real locks
Owned Catalog, cutover and authority PostgreSQL	Run reader, cutover and authority tests in independently owned clusters	2026-09-08T11:18:24.0313018Z ^[[22m^[[39m{"scope":"bootstrap-custody-timing","stage":"manager-ready","elapsedMs":741}
Owned Catalog, cutover and authority PostgreSQL	Run reader, cutover and authority tests in independently owned clusters	2026-09-08T11:18:24.0313640Z 
Owned Catalog, cutover and authority PostgreSQL	Run reader, cutover and authority tests in independently owned clusters	2026-09-08T11:18:24.0316511Z ^[[90mstdout^[[2m | server/modules/catalog-cutover/retirement/bootstrapCredentialFence.integration.test.ts^[[2m > ^[[22m^[[2mindependent custody transport lifecycle^[[2m > ^[[22m^[[2mrecorded SQL successor^[[2m > ^[[22m^[[2mchecks successor selection host-association with original custody and real locks
Owned Catalog, cutover and authority PostgreSQL	Run reader, cutover and authority tests in independently owned clusters	2026-09-08T11:18:24.0319533Z ^[[22m^[[39m{"scope":"bootstrap-custody-timing","stage":"inspection-complete","elapsedMs":853}
Owned Catalog, cutover and authority PostgreSQL	Run reader, cutover and authority tests in independently owned clusters	2026-09-08T11:18:24.0320729Z 
Owned Catalog, cutover and authority PostgreSQL	Run reader, cutover and authority tests in independently owned clusters	2026-09-08T11:18:24.0323507Z ^[[90mstdout^[[2m | server/modules/catalog-cutover/retirement/bootstrapCredentialFence.integration.test.ts^[[2m > ^[[22m^[[2mindependent custody transport lifecycle^[[2m > ^[[22m^[[2mrecorded SQL successor^[[2m > ^[[22m^[[2mchecks successor selection host-association with original custody and real locks
Owned Catalog, cutover and authority PostgreSQL	Run reader, cutover and authority tests in independently owned clusters	2026-09-08T11:18:24.0326335Z ^[[22m^[[39m{"scope":"bootstrap-custody-timing","stage":"child-settled","elapsedMs":873}
Owned Catalog, cutover and authority PostgreSQL	Run reader, cutover and authority tests in independently owned clusters	2026-09-08T11:18:24.0326985Z 
Owned Catalog, cutover and authority PostgreSQL	Run reader, cutover and authority tests in independently owned clusters	2026-09-08T11:18:24.0329959Z ^[[90mstdout^[[2m | server/modules/catalog-cutover/retirement/bootstrapCredentialFence.integration.test.ts^[[2m > ^[[22m^[[2mindependent custody transport lifecycle^[[2m > ^[[22m^[[2mrecorded SQL successor^[[2m > ^[[22m^[[2mchecks successor selection host-association with original custody and real locks
Owned Catalog, cutover and authority PostgreSQL	Run reader, cutover and authority tests in independently owned clusters	2026-09-08T11:18:24.0332713Z ^[[22m^[[39m{"scope":"bootstrap-custody-timing","stage":"imports-ready","elapsedMs":702}
Owned Catalog, cutover and authority PostgreSQL	Run reader, cutover and authority tests in independently owned clusters	2026-09-08T11:18:24.0333350Z 
Owned Catalog, cutover and authority PostgreSQL	Run reader, cutover and authority tests in independently owned clusters	2026-09-08T11:18:24.0336294Z ^[[90mstdout^[[2m | server/modules/catalog-cutover/retirement/bootstrapCredentialFence.integration.test.ts^[[2m > ^[[22m^[[2mindependent custody transport lifecycle^[[2m > ^[[22m^[[2mrecorded SQL successor^[[2m > ^[[22m^[[2mchecks successor selection host-association with original custody and real locks
Owned Catalog, cutover and authority PostgreSQL	Run reader, cutover and authority tests in independently owned clusters	2026-09-08T11:18:24.0339144Z ^[[22m^[[39m{"scope":"bootstrap-custody-timing","stage":"manager-ready","elapsedMs":716}
Owned Catalog, cutover and authority PostgreSQL	Run reader, cutover and authority tests in independently owned clusters	2026-09-08T11:18:24.0340089Z 
Owned Catalog, cutover and authority PostgreSQL	Run reader, cutover and authority tests in independently owned clusters	2026-09-08T11:18:24.0342905Z ^[[90mstdout^[[2m | server/modules/catalog-cutover/retirement/bootstrapCredentialFence.integration.test.ts^[[2m > ^[[22m^[[2mindependent custody transport lifecycle^[[2m > ^[[22m^[[2mrecorded SQL successor^[[2m > ^[[22m^[[2mchecks successor selection host-association with original custody and real locks
Owned Catalog, cutover and authority PostgreSQL	Run reader, cutover and authority tests in independently owned clusters	2026-09-08T11:18:24.0345799Z ^[[22m^[[39m{"scope":"bootstrap-custody-timing","stage":"inspection-complete","elapsedMs":824}
Owned Catalog, cutover and authority PostgreSQL	Run reader, cutover and authority tests in independently owned clusters	2026-09-08T11:18:24.0346502Z 
Owned Catalog, cutover and authority PostgreSQL	Run reader, cutover and authority tests in independently owned clusters	2026-09-08T11:18:24.0349298Z ^[[90mstdout^[[2m | server/modules/catalog-cutover/retirement/bootstrapCredentialFence.integration.test.ts^[[2m > ^[[22m^[[2mindependent custody transport lifecycle^[[2m > ^[[22m^[[2mrecorded SQL successor^[[2m > ^[[22m^[[2mchecks successor selection host-association with original custody and real locks
Owned Catalog, cutover and authority PostgreSQL	Run reader, cutover and authority tests in independently owned clusters	2026-09-08T11:18:24.0352998Z ^[[22m^[[39m{"scope":"bootstrap-custody-timing","stage":"child-settled","elapsedMs":843}
Owned Catalog, cutover and authority PostgreSQL	Run reader, cutover and authority tests in independently owned clusters	2026-09-08T11:18:24.0353660Z 
Owned Catalog, cutover and authority PostgreSQL	Run reader, cutover and authority tests in independently owned clusters	2026-09-08T11:18:24.0357088Z ^[[90mstdout^[[2m | server/modules/catalog-cutover/retirement/bootstrapCredentialFence.integration.test.ts^[[2m > ^[[22m^[[2mindependent custody transport lifecycle^[[2m > ^[[22m^[[2mrecorded SQL successor^[[2m > ^[[22m^[[2mchecks successor selection final-boundary-table-grant with original custody and real locks
Owned Catalog, cutover and authority PostgreSQL	Run reader, cutover and authority tests in independently owned clusters	2026-09-08T11:18:24.0360297Z ^[[22m^[[39m{"scope":"bootstrap-custody-timing","stage":"imports-ready","elapsedMs":716}
Owned Catalog, cutover and authority PostgreSQL	Run reader, cutover and authority tests in independently owned clusters	2026-09-08T11:18:24.0360976Z 
Owned Catalog, cutover and authority PostgreSQL	Run reader, cutover and authority tests in independently owned clusters	2026-09-08T11:18:24.0363825Z ^[[90mstdout^[[2m | server/modules/catalog-cutover/retirement/bootstrapCredentialFence.integration.test.ts^[[2m > ^[[22m^[[2mindependent custody transport lifecycle^[[2m > ^[[22m^[[2mrecorded SQL successor^[[2m > ^[[22m^[[2mchecks successor selection final-boundary-table-grant with original custody and real locks
Owned Catalog, cutover and authority PostgreSQL	Run reader, cutover and authority tests in independently owned clusters	2026-09-08T11:18:24.0366737Z ^[[22m^[[39m{"scope":"bootstrap-custody-timing","stage":"manager-ready","elapsedMs":729}
Owned Catalog, cutover and authority PostgreSQL	Run reader, cutover and authority tests in independently owned clusters	2026-09-08T11:18:24.0367386Z 
Owned Catalog, cutover and authority PostgreSQL	Run reader, cutover and authority tests in independently owned clusters	2026-09-08T11:18:24.0371642Z ^[[90mstdout^[[2m | server/modules/catalog-cutover/retirement/bootstrapCredentialFence.integration.test.ts^[[2m > ^[[22m^[[2mindependent custody transport lifecycle^[[2m > ^[[22m^[[2mrecorded SQL successor^[[2m > ^[[22m^[[2mchecks successor selection final-boundary-table-grant with original custody and real locks
Owned Catalog, cutover and authority PostgreSQL	Run reader, cutover and authority tests in independently owned clusters	2026-09-08T11:18:24.0374405Z ^[[22m^[[39m{"scope":"bootstrap-custody-timing","stage":"inspection-complete","elapsedMs":1418}
Owned Catalog, cutover and authority PostgreSQL	Run reader, cutover and authority tests in independently owned clusters	2026-09-08T11:18:24.0375105Z 
Owned Catalog, cutover and authority PostgreSQL	Run reader, cutover and authority tests in independently owned clusters	2026-09-08T11:18:24.0380693Z ^[[90mstdout^[[2m | server/modules/catalog-cutover/retirement/bootstrapCredentialFence.integration.test.ts^[[2m > ^[[22m^[[2mindependent custody transport lifecycle^[[2m > ^[[22m^[[2mrecorded SQL successor^[[2m > ^[[22m^[[2mchecks successor selection final-boundary-table-grant with original custody and real locks
Owned Catalog, cutover and authority PostgreSQL	Run reader, cutover and authority tests in independently owned clusters	2026-09-08T11:18:24.0383798Z ^[[22m^[[39m{"scope":"bootstrap-custody-timing","stage":"child-settled","elapsedMs":1438}
Owned Catalog, cutover and authority PostgreSQL	Run reader, cutover and authority tests in independently owned clusters	2026-09-08T11:18:24.0384675Z 
Owned Catalog, cutover and authority PostgreSQL	Run reader, cutover and authority tests in independently owned clusters	2026-09-08T11:18:24.0388126Z ^[[90mstdout^[[2m | server/modules/catalog-cutover/retirement/bootstrapCredentialFence.integration.test.ts^[[2m > ^[[22m^[[2mindependent custody transport lifecycle^[[2m > ^[[22m^[[2mrecorded SQL successor^[[2m > ^[[22m^[[2mchecks successor selection final-boundary-column-grant with original custody and real locks
Owned Catalog, cutover and authority PostgreSQL	Run reader, cutover and authority tests in independently owned clusters	2026-09-08T11:18:24.0391716Z ^[[22m^[[39m{"scope":"bootstrap-custody-timing","stage":"imports-ready","elapsedMs":723}
Owned Catalog, cutover and authority PostgreSQL	Run reader, cutover and authority tests in independently owned clusters	2026-09-08T11:18:24.0392301Z 
Owned Catalog, cutover and authority PostgreSQL	Run reader, cutover and authority tests in independently owned clusters	2026-09-08T11:18:24.0395532Z ^[[90mstdout^[[2m | server/modules/catalog-cutover/retirement/bootstrapCredentialFence.integration.test.ts^[[2m > ^[[22m^[[2mindependent custody transport lifecycle^[[2m > ^[[22m^[[2mrecorded SQL successor^[[2m > ^[[22m^[[2mchecks successor selection final-boundary-column-grant with original custody and real locks
Owned Catalog, cutover and authority PostgreSQL	Run reader, cutover and authority tests in independently owned clusters	2026-09-08T11:18:24.0398607Z ^[[22m^[[39m{"scope":"bootstrap-custody-timing","stage":"manager-ready","elapsedMs":736}
Owned Catalog, cutover and authority PostgreSQL	Run reader, cutover and authority tests in independently owned clusters	2026-09-08T11:18:24.0399268Z 
Owned Catalog, cutover and authority PostgreSQL	Run reader, cutover and authority tests in independently owned clusters	2026-09-08T11:18:24.0402500Z ^[[90mstdout^[[2m | server/modules/catalog-cutover/retirement/bootstrapCredentialFence.integration.test.ts^[[2m > ^[[22m^[[2mindependent custody transport lifecycle^[[2m > ^[[22m^[[2mrecorded SQL successor^[[2m > ^[[22m^[[2mchecks successor selection final-boundary-column-grant with original custody and real locks
Owned Catalog, cutover and authority PostgreSQL	Run reader, cutover and authority tests in independently owned clusters	2026-09-08T11:18:24.0405528Z ^[[22m^[[39m{"scope":"bootstrap-custody-timing","stage":"inspection-complete","elapsedMs":1451}
Owned Catalog, cutover and authority PostgreSQL	Run reader, cutover and authority tests in independently owned clusters	2026-09-08T11:18:24.0406226Z 
Owned Catalog, cutover and authority PostgreSQL	Run reader, cutover and authority tests in independently owned clusters	2026-09-08T11:18:24.0409193Z ^[[90mstdout^[[2m | server/modules/catalog-cutover/retirement/bootstrapCredentialFence.integration.test.ts^[[2m > ^[[22m^[[2mindependent custody transport lifecycle^[[2m > ^[[22m^[[2mrecorded SQL successor^[[2m > ^[[22m^[[2mchecks successor selection final-boundary-column-grant with original custody and real locks
Owned Catalog, cutover and authority PostgreSQL	Run reader, cutover and authority tests in independently owned clusters	2026-09-08T11:18:24.0412283Z ^[[22m^[[39m{"scope":"bootstrap-custody-timing","stage":"child-settled","elapsedMs":1472}
Owned Catalog, cutover and authority PostgreSQL	Run reader, cutover and authority tests in independently owned clusters	2026-09-08T11:18:24.0413156Z 
Owned Catalog, cutover and authority PostgreSQL	Run reader, cutover and authority tests in independently owned clusters	2026-09-08T11:18:24.0416090Z ^[[90mstdout^[[2m | server/modules/catalog-cutover/retirement/bootstrapCredentialFence.integration.test.ts^[[2m > ^[[22m^[[2mindependent custody transport lifecycle^[[2m > ^[[22m^[[2mrecorded SQL successor^[[2m > ^[[22m^[[2mchecks successor selection final-boundary-function with original custody and real locks
Owned Catalog, cutover and authority PostgreSQL	Run reader, cutover and authority tests in independently owned clusters	2026-09-08T11:18:24.0418996Z ^[[22m^[[39m{"scope":"bootstrap-custody-timing","stage":"imports-ready","elapsedMs":706}
Owned Catalog, cutover and authority PostgreSQL	Run reader, cutover and authority tests in independently owned clusters	2026-09-08T11:18:24.0419646Z 
Owned Catalog, cutover and authority PostgreSQL	Run reader, cutover and authority tests in independently owned clusters	2026-09-08T11:18:24.0421757Z ^[[90mstdout^[[2m | server/modules/catalog-cutover/retirement/bootstrapCredentialFence.integration.test.ts^[[2m > ^[[22m^[[2mindependent custody transport lifecycle^[[2m > ^[[22m^[[2mrecorded SQL successor^[[2m > ^[[22m^[[2mchecks successor selection final-boundary-function with original custody and real locks
Owned Catalog, cutover and authority PostgreSQL	Run reader, cutover and authority tests in independently owned clusters	2026-09-08T11:18:24.0423264Z ^[[22m^[[39m{"scope":"bootstrap-custody-timing","stage":"manager-ready","elapsedMs":720}
Owned Catalog, cutover and authority PostgreSQL	Run reader, cutover and authority tests in independently owned clusters	2026-09-08T11:18:24.0423619Z 
Owned Catalog, cutover and authority PostgreSQL	Run reader, cutover and authority tests in independently owned clusters	2026-09-08T11:18:24.0425066Z ^[[90mstdout^[[2m | server/modules/catalog-cutover/retirement/bootstrapCredentialFence.integration.test.ts^[[2m > ^[[22m^[[2mindependent custody transport lifecycle^[[2m > ^[[22m^[[2mrecorded SQL successor^[[2m > ^[[22m^[[2mchecks successor selection final-boundary-function with original custody and real locks
Owned Catalog, cutover and authority PostgreSQL	Run reader, cutover and authority tests in independently owned clusters	2026-09-08T11:18:24.0427409Z ^[[22m^[[39m{"scope":"bootstrap-custody-timing","stage":"inspection-complete","elapsedMs":1449}
Owned Catalog, cutover and authority PostgreSQL	Run reader, cutover and authority tests in independently owned clusters	2026-09-08T11:18:24.0428136Z 
Owned Catalog, cutover and authority PostgreSQL	Run reader, cutover and authority tests in independently owned clusters	2026-09-08T11:18:24.0431318Z ^[[90mstdout^[[2m | server/modules/catalog-cutover/retirement/bootstrapCredentialFence.integration.test.ts^[[2m > ^[[22m^[[2mindependent custody transport lifecycle^[[2m > ^[[22m^[[2mrecorded SQL successor^[[2m > ^[[22m^[[2mchecks successor selection final-boundary-function with original custody and real locks
Owned Catalog, cutover and authority PostgreSQL	Run reader, cutover and authority tests in independently owned clusters	2026-09-08T11:18:24.0435010Z ^[[22m^[[39m{"scope":"bootstrap-custody-timing","stage":"child-settled","elapsedMs":1471}
Owned Catalog, cutover and authority PostgreSQL	Run reader, cutover and authority tests in independently owned clusters	2026-09-08T11:18:24.0435978Z 
Owned Catalog, cutover and authority PostgreSQL	Run reader, cutover and authority tests in independently owned clusters	2026-09-08T11:18:24.0438948Z ^[[90mstdout^[[2m | server/modules/catalog-cutover/retirement/bootstrapCredentialFence.integration.test.ts^[[2m > ^[[22m^[[2mindependent custody transport lifecycle^[[2m > ^[[22m^[[2mrecorded SQL successor^[[2m > ^[[22m^[[2mchecks successor selection final-boundary-role-setting with original custody and real locks
Owned Catalog, cutover and authority PostgreSQL	Run reader, cutover and authority tests in independently owned clusters	2026-09-08T11:18:24.0442257Z ^[[22m^[[39m{"scope":"bootstrap-custody-timing","stage":"imports-ready","elapsedMs":742}
Owned Catalog, cutover and authority PostgreSQL	Run reader, cutover and authority tests in independently owned clusters	2026-09-08T11:18:24.0442925Z 
Owned Catalog, cutover and authority PostgreSQL	Run reader, cutover and authority tests in independently owned clusters	2026-09-08T11:18:24.0445848Z ^[[90mstdout^[[2m | server/modules/catalog-cutover/retirement/bootstrapCredentialFence.integration.test.ts^[[2m > ^[[22m^[[2mindependent custody transport lifecycle^[[2m > ^[[22m^[[2mrecorded SQL successor^[[2m > ^[[22m^[[2mchecks successor selection final-boundary-role-setting with original custody and real locks
Owned Catalog, cutover and authority PostgreSQL	Run reader, cutover and authority tests in independently owned clusters	2026-09-08T11:18:24.0448831Z ^[[22m^[[39m{"scope":"bootstrap-custody-timing","stage":"manager-ready","elapsedMs":756}
Owned Catalog, cutover and authority PostgreSQL	Run reader, cutover and authority tests in independently owned clusters	2026-09-08T11:18:24.0449507Z 
Owned Catalog, cutover and authority PostgreSQL	Run reader, cutover and authority tests in independently owned clusters	2026-09-08T11:18:24.0453902Z ^[[90mstdout^[[2m | server/modules/catalog-cutover/retirement/bootstrapCredentialFence.integration.test.ts^[[2m > ^[[22m^[[2mindependent custody transport lifecycle^[[2m > ^[[22m^[[2mrecorded SQL successor^[[2m > ^[[22m^[[2mchecks successor selection final-boundary-role-setting with original custody and real locks
Owned Catalog, cutover and authority PostgreSQL	Run reader, cutover and authority tests in independently owned clusters	2026-09-08T11:18:24.0457488Z ^[[22m^[[39m{"scope":"bootstrap-custody-timing","stage":"inspection-complete","elapsedMs":1479}
Owned Catalog, cutover and authority PostgreSQL	Run reader, cutover and authority tests in independently owned clusters	2026-09-08T11:18:24.0458485Z 
Owned Catalog, cutover and authority PostgreSQL	Run reader, cutover and authority tests in independently owned clusters	2026-09-08T11:18:24.0462009Z ^[[90mstdout^[[2m | server/modules/catalog-cutover/retirement/bootstrapCredentialFence.integration.test.ts^[[2m > ^[[22m^[[2mindependent custody transport lifecycle^[[2m > ^[[22m^[[2mrecorded SQL successor^[[2m > ^[[22m^[[2mchecks successor selection final-boundary-role-setting with original custody and real locks
Owned Catalog, cutover and authority PostgreSQL	Run reader, cutover and authority tests in independently owned clusters	2026-09-08T11:18:24.0465466Z ^[[22m^[[39m{"scope":"bootstrap-custody-timing","stage":"child-settled","elapsedMs":1501}
Owned Catalog, cutover and authority PostgreSQL	Run reader, cutover and authority tests in independently owned clusters	2026-09-08T11:18:24.0473705Z 
Owned Catalog, cutover and authority PostgreSQL	Run reader, cutover and authority tests in independently owned clusters	2026-09-08T11:18:24.0475890Z ^[[90mstdout^[[2m | server/modules/catalog-cutover/retirement/bootstrapCredentialFence.integration.test.ts^[[2m > ^[[22m^[[2mreopens only original private custody in a second process after actual commit 1 acknowledgment loss
Owned Catalog, cutover and authority PostgreSQL	Run reader, cutover and authority tests in independently owned clusters	2026-09-08T11:18:24.0478479Z ^[[22m^[[39m{"scope":"bootstrap-custody-timing","stage":"child-settled","elapsedMs":959}
Owned Catalog, cutover and authority PostgreSQL	Run reader, cutover and authority tests in independently owned clusters	2026-09-08T11:18:24.0479122Z 
Owned Catalog, cutover and authority PostgreSQL	Run reader, cutover and authority tests in independently owned clusters	2026-09-08T11:18:24.0481128Z ^[[90mstdout^[[2m | server/modules/catalog-cutover/retirement/bootstrapCredentialFence.integration.test.ts^[[2m > ^[[22m^[[2mreopens only original private custody in a second process after actual commit 2 acknowledgment loss
Owned Catalog, cutover and authority PostgreSQL	Run reader, cutover and authority tests in independently owned clusters	2026-09-08T11:18:24.0483499Z ^[[22m^[[39m{"scope":"bootstrap-custody-timing","stage":"child-settled","elapsedMs":942}
Owned Catalog, cutover and authority PostgreSQL	Run reader, cutover and authority tests in independently owned clusters	2026-09-08T11:18:24.0483875Z 
Owned Catalog, cutover and authority PostgreSQL	Run reader, cutover and authority tests in independently owned clusters	2026-09-08T11:18:24.0484929Z ^[[90mstdout^[[2m | server/modules/catalog-cutover/retirement/bootstrapCredentialFence.integration.test.ts^[[2m > ^[[22m^[[2mawaits native authentication probe termination before the next actual management guard
Owned Catalog, cutover and authority PostgreSQL	Run reader, cutover and authority tests in independently owned clusters	2026-09-08T11:18:24.0487038Z ^[[22m^[[39m{"scope":"bootstrap-custody-timing","stage":"child-settled","elapsedMs":965}
Owned Catalog, cutover and authority PostgreSQL	Run reader, cutover and authority tests in independently owned clusters	2026-09-08T11:18:24.0487700Z 
Owned Catalog, cutover and authority PostgreSQL	Run reader, cutover and authority tests in independently owned clusters	2026-09-08T11:18:24.0489682Z ^[[90mstdout^[[2m | server/modules/catalog-cutover/retirement/bootstrapCredentialFence.integration.test.ts^[[2m > ^[[22m^[[2mawaits native authentication probe termination before the next actual management guard
Owned Catalog, cutover and authority PostgreSQL	Run reader, cutover and authority tests in independently owned clusters	2026-09-08T11:18:24.0497076Z ^[[22m^[[39m{"scope":"bootstrap-parent-inspection-diagnostic","guardObservations":[{"sessions":0,"ended":[],"active":[]},{"sessions":0,"ended":[{"pid":447,"targetDatabase":false,"endEvent":true},{"pid":449,"targetDatabase":false,"endEvent":true},{"pid":450,"targetDatabase":true,"endEvent":true}],"active":[]}],"endObservations":[{"pid":447,"targetDatabase":false,"endEvent":true},{"pid":449,"targetDatabase":false,"endEvent":true},{"pid":450,"targetDatabase":true,"endEvent":true},{"pid":453,"targetDatabase":false,"endEvent":true},{"pid":455,"targetDatabase":false,"endEvent":true}],"sessions":[],"outcome":"not-applied"}
Owned Catalog, cutover and authority PostgreSQL	Run reader, cutover and authority tests in independently owned clusters	2026-09-08T11:18:24.0501329Z 
Owned Catalog, cutover and authority PostgreSQL	Run reader, cutover and authority tests in independently owned clusters	2026-09-08T11:18:24.0502749Z  ^[[32m✓^[[39m server/modules/catalog-cutover/retirement/bootstrapCredentialFence.integration.test.ts ^[[2m(^[[22m^[[2m44 tests^[[22m^[[2m)^[[22m^[[33m 34742^[[2mms^[[22m^[[39m
Owned Catalog, cutover and authority PostgreSQL	Run reader, cutover and authority tests in independently owned clusters	2026-09-08T11:18:24.0505242Z    ^[[33m^[[2m✓^[[22m^[[39m keeps the actual password statement invisible to an independently authenticated statistics reader ^[[33m 400^[[2mms^[[22m^[[39m
Owned Catalog, cutover and authority PostgreSQL	Run reader, cutover and authority tests in independently owned clusters	2026-09-08T11:18:24.0507507Z    ^[[33m^[[2m✓^[[22m^[[39m retires only the old TCP password, preserves bootstrap ownership/ACL/attributes, and reconciles the original private version ^[[33m 670^[[2mms^[[22m^[[39m
Owned Catalog, cutover and authority PostgreSQL	Run reader, cutover and authority tests in independently owned clusters	2026-09-08T11:18:24.0509533Z      ^[[33m^[[2m✓^[[22m^[[39m checks original authentication selection exact in one independent process ^[[33m 1185^[[2mms^[[22m^[[39m
Owned Catalog, cutover and authority PostgreSQL	Run reader, cutover and authority tests in independently owned clusters	2026-09-08T11:18:24.0511519Z      ^[[33m^[[2m✓^[[22m^[[39m checks original authentication selection cross-run in one independent process ^[[33m 806^[[2mms^[[22m^[[39m
Owned Catalog, cutover and authority PostgreSQL	Run reader, cutover and authority tests in independently owned clusters	2026-09-08T11:18:24.0513329Z      ^[[33m^[[2m✓^[[22m^[[39m checks original authentication selection package-drift in one independent process ^[[33m 811^[[2mms^[[22m^[[39m
Owned Catalog, cutover and authority PostgreSQL	Run reader, cutover and authority tests in independently owned clusters	2026-09-08T11:18:24.0515146Z      ^[[33m^[[2m✓^[[22m^[[39m checks original authentication selection guard-ended in one independent process ^[[33m 812^[[2mms^[[22m^[[39m
Owned Catalog, cutover and authority PostgreSQL	Run reader, cutover and authority tests in independently owned clusters	2026-09-08T11:18:24.0516963Z        ^[[33m^[[2m✓^[[22m^[[39m checks successor selection baseline with original custody and real locks ^[[33m 1386^[[2mms^[[22m^[[39m
Owned Catalog, cutover and authority PostgreSQL	Run reader, cutover and authority tests in independently owned clusters	2026-09-08T11:18:24.0518623Z        ^[[33m^[[2m✓^[[22m^[[39m checks successor selection missing-host with original custody and real locks ^[[33m 872^[[2mms^[[22m^[[39m
Owned Catalog, cutover and authority PostgreSQL	Run reader, cutover and authority tests in independently owned clusters	2026-09-08T11:18:24.0520684Z        ^[[33m^[[2m✓^[[22m^[[39m checks successor selection wrong-host-run with original custody and real locks ^[[33m 852^[[2mms^[[22m^[[39m
Owned Catalog, cutover and authority PostgreSQL	Run reader, cutover and authority tests in independently owned clusters	2026-09-08T11:18:24.0522375Z        ^[[33m^[[2m✓^[[22m^[[39m checks successor selection extra-acl with original custody and real locks ^[[33m 913^[[2mms^[[22m^[[39m
Owned Catalog, cutover and authority PostgreSQL	Run reader, cutover and authority tests in independently owned clusters	2026-09-08T11:18:24.0523398Z        ^[[33m^[[2m✓^[[22m^[[39m checks successor selection new-relation with original custody and real locks ^[[33m 1206^[[2mms^[[22m^[[39m
Owned Catalog, cutover and authority PostgreSQL	Run reader, cutover and authority tests in independently owned clusters	2026-09-08T11:18:24.0524402Z        ^[[33m^[[2m✓^[[22m^[[39m checks successor selection host-association with original custody and real locks ^[[33m 1787^[[2mms^[[22m^[[39m
Owned Catalog, cutover and authority PostgreSQL	Run reader, cutover and authority tests in independently owned clusters	2026-09-08T11:18:24.0525476Z        ^[[33m^[[2m✓^[[22m^[[39m checks successor selection final-boundary-table-grant with original custody and real locks ^[[33m 1457^[[2mms^[[22m^[[39m
Owned Catalog, cutover and authority PostgreSQL	Run reader, cutover and authority tests in independently owned clusters	2026-09-08T11:18:24.0526787Z        ^[[33m^[[2m✓^[[22m^[[39m checks successor selection final-boundary-column-grant with original custody and real locks ^[[33m 1494^[[2mms^[[22m^[[39m
Owned Catalog, cutover and authority PostgreSQL	Run reader, cutover and authority tests in independently owned clusters	2026-09-08T11:18:24.0527904Z        ^[[33m^[[2m✓^[[22m^[[39m checks successor selection final-boundary-function with original custody and real locks ^[[33m 1493^[[2mms^[[22m^[[39m
Owned Catalog, cutover and authority PostgreSQL	Run reader, cutover and authority tests in independently owned clusters	2026-09-08T11:18:24.0529022Z        ^[[33m^[[2m✓^[[22m^[[39m checks successor selection final-boundary-role-setting with original custody and real locks ^[[33m 1523^[[2mms^[[22m^[[39m
Owned Catalog, cutover and authority PostgreSQL	Run reader, cutover and authority tests in independently owned clusters	2026-09-08T11:18:24.0530435Z    ^[[33m^[[2m✓^[[22m^[[39m reconciles the original version after actual commit 1 acknowledgment loss and process exit ^[[33m 1326^[[2mms^[[22m^[[39m
Owned Catalog, cutover and authority PostgreSQL	Run reader, cutover and authority tests in independently owned clusters	2026-09-08T11:18:24.0531780Z    ^[[33m^[[2m✓^[[22m^[[39m reconciles the original version after actual commit 2 acknowledgment loss and process exit ^[[33m 1385^[[2mms^[[22m^[[39m
Owned Catalog, cutover and authority PostgreSQL	Run reader, cutover and authority tests in independently owned clusters	2026-09-08T11:18:24.0533916Z    ^[[33m^[[2m✓^[[22m^[[39m reopens only original private custody in a second process after actual commit 1 acknowledgment loss ^[[33m 2251^[[2mms^[[22m^[[39m
Owned Catalog, cutover and authority PostgreSQL	Run reader, cutover and authority tests in independently owned clusters	2026-09-08T11:18:24.0535988Z    ^[[33m^[[2m✓^[[22m^[[39m reopens only original private custody in a second process after actual commit 2 acknowledgment loss ^[[33m 2356^[[2mms^[[22m^[[39m
Owned Catalog, cutover and authority PostgreSQL	Run reader, cutover and authority tests in independently owned clusters	2026-09-08T11:18:24.0537979Z    ^[[33m^[[2m✓^[[22m^[[39m awaits native authentication probe termination before the next actual management guard ^[[33m 4247^[[2mms^[[22m^[[39m
Owned Catalog, cutover and authority PostgreSQL	Run reader, cutover and authority tests in independently owned clusters	2026-09-08T11:18:24.0540248Z    ^[[33m^[[2m✓^[[22m^[[39m holds the actual restricted root inventory guard across both authentication commits and readback ^[[33m 526^[[2mms^[[22m^[[39m
Owned Catalog, cutover and authority PostgreSQL	Run reader, cutover and authority tests in independently owned clusters	2026-09-08T11:18:24.0541804Z    ^[[33m^[[2m✓^[[22m^[[39m destroys the actual mutator after root guard termination and reconciles the same committed intent ^[[33m 357^[[2mms^[[22m^[[39m
Owned Catalog, cutover and authority PostgreSQL	Run reader, cutover and authority tests in independently owned clusters	2026-09-08T11:18:24.0542915Z    ^[[33m^[[2m✓^[[22m^[[39m refuses any password write after the actual issued host-lock holder exits following the first commit ^[[33m 377^[[2mms^[[22m^[[39m
Owned Catalog, cutover and authority PostgreSQL	Run reader, cutover and authority tests in independently owned clusters	2026-09-08T11:18:24.0543903Z 
Owned Catalog, cutover and authority PostgreSQL	Run reader, cutover and authority tests in independently owned clusters	2026-09-08T11:18:24.0544232Z ^[[2m Test Files ^[[22m ^[[1m^[[32m1 passed^[[39m^[[22m^[[90m (1)^[[39m
Owned Catalog, cutover and authority PostgreSQL	Run reader, cutover and authority tests in independently owned clusters	2026-09-08T11:18:24.0544768Z ^[[2m      Tests ^[[22m ^[[1m^[[32m44 passed^[[39m^[[22m^[[90m (44)^[[39m
Owned Catalog, cutover and authority PostgreSQL	Run reader, cutover and authority tests in independently owned clusters	2026-09-08T11:18:24.0545237Z ^[[2m   Start at ^[[22m 11:17:46
Owned Catalog, cutover and authority PostgreSQL	Run reader, cutover and authority tests in independently owned clusters	2026-09-08T11:18:24.0546333Z ^[[2m   Duration ^[[22m 37.29s^[[2m (transform 1.86s, setup 0ms, import 2.42s, tests 34.74s, environment 0ms)^[[22m
Owned Catalog, cutover and authority PostgreSQL	Run reader, cutover and authority tests in independently owned clusters	2026-09-08T11:18:24.0546830Z 
Owned Catalog, cutover and authority PostgreSQL	Run reader, cutover and authority tests in independently owned clusters	2026-09-08T11:18:24.6362451Z {"scope":"isolated-components-only","suite":"bootstrap-credential-pg16","imageReference":"postgres:16-alpine","imageId":"sha256:75f5a96988cdf694a215073c3e9c001b706b371e2f94df3967f2efdec2787f6b","platform":"linux/amd64","containerId":"df2b4bedf9472ca470f3af4a1133dc99b702afd92ffb27c459e383d3c291dc3a","networkId":"184718797e43cd7ee2481dac7205fb605f494611049fc53879befd5d8349ff71","exitCode":0,"runnerResourcesCleanupVerified":true,"cleanupVerified":true,"nestedCleanupOutcome":"not-applicable","privateEvidenceRetained":false,"releaseApproved":false}
Owned Catalog, cutover and authority PostgreSQL	Run reader, cutover and authority tests in independently owned clusters	2026-09-08T11:18:40.2409609Z {"evidence":"owned-service-profile","profile":"selfhost-postgres16-alpine-v1","imageId":"sha256:75f5a96988cdf694a215073c3e9c001b706b371e2f94df3967f2efdec2787f6b","databaseProperties":{"encoding":6,"datcollate":"en_US.utf8","datctype":"en_US.utf8","datlocprovider":"c","daticulocale":null,"daticurules":null,"datcollversion":null,"datconnlimit":-1,"datallowconn":true,"datistemplate":false}}
Owned Catalog, cutover and authority PostgreSQL	Run reader, cutover and authority tests in independently owned clusters	2026-09-08T11:22:27.0525503Z 
Owned Catalog, cutover and authority PostgreSQL	Run reader, cutover and authority tests in independently owned clusters	2026-09-08T11:22:27.0528521Z ^[[1m^[[30m^[[46m RUN ^[[49m^[[39m^[[22m ^[[36mv4.1.5 ^[[39m^[[90m/home/runner/work/WiseEff/WiseEff^[[39m
Owned Catalog, cutover and authority PostgreSQL	Run reader, cutover and authority tests in independently owned clusters	2026-09-08T11:22:27.0529206Z 
Owned Catalog, cutover and authority PostgreSQL	Run reader, cutover and authority tests in independently owned clusters	2026-09-08T11:22:27.0531684Z ^[[90mstdout^[[2m | scripts/rehearse-upgrade-recovery.test.ts^[[2m > ^[[22m^[[2mactual isolated three-store restore^[[2m > ^[[22m^[[2mbacks up and restores separate PostgreSQL, MinIO and persisted Redis targets
Owned Catalog, cutover and authority PostgreSQL	Run reader, cutover and authority tests in independently owned clusters	2026-09-08T11:22:27.0539177Z ^[[22m^[[39m{"scope":"synthetic-recovery-service-evidence","imageIdentities":{"postgres":"sha256:75f5a96988cdf694a215073c3e9c001b706b371e2f94df3967f2efdec2787f6b linux/amd64","redis":"sha256:5509c0097c6064aa8a3b1df58f1d950e67090fffa6678ae8f3f1dc2385f12deb linux/amd64","objects":"sha256:6aed1b6949018d1659310e66dc076711c9a9efeffa578b337ac3d1b82e0e9153 linux/amd64","objectClient":"sha256:45273e3a2aa358dd74b6c912e2e8aee649e15aef78e571d41eb10bb4be6dd744 linux/amd64"},"manifestDigest":"3145676eeb4a4f7511fd2c73660d0ce66c91c8512ebc621fcf3735007a38e05b","sourceStoppedBeforeRestore":true,"separateRestoreProcess":true,"redisPersistence":"AOF","actualQueueVerified":true,"cleanupVerified":true}
Owned Catalog, cutover and authority PostgreSQL	Run reader, cutover and authority tests in independently owned clusters	2026-09-08T11:22:27.0542524Z 
Owned Catalog, cutover and authority PostgreSQL	Run reader, cutover and authority tests in independently owned clusters	2026-09-08T11:22:27.0543161Z  ^[[32m✓^[[39m scripts/rehearse-upgrade-recovery.test.ts ^[[2m(^[[22m^[[2m16 tests^[[22m^[[2m)^[[22m^[[33m 225298^[[2mms^[[22m^[[39m
Owned Catalog, cutover and authority PostgreSQL	Run reader, cutover and authority tests in independently owned clusters	2026-09-08T11:22:27.0544175Z    ^[[33m^[[2m✓^[[22m^[[39m refuses external target and missing explicit synthetic mode before starting Docker ^[[33m 1019^[[2mms^[[22m^[[39m
Owned Catalog, cutover and authority PostgreSQL	Run reader, cutover and authority tests in independently owned clusters	2026-09-08T11:22:27.0545406Z      ^[[33m^[[2m✓^[[22m^[[39m retains actual PostgreSQL partial restore and unknown journal after a failed object write without starting Redis or consumers ^[[33m 31399^[[2mms^[[22m^[[39m
Owned Catalog, cutover and authority PostgreSQL	Run reader, cutover and authority tests in independently owned clusters	2026-09-08T11:22:27.0546687Z      ^[[33m^[[2m✓^[[22m^[[39m reconciles only the registered owned volume after an unknown create response and retains capture evidence ^[[33m 16068^[[2mms^[[22m^[[39m
Owned Catalog, cutover and authority PostgreSQL	Run reader, cutover and authority tests in independently owned clusters	2026-09-08T11:22:27.0547908Z      ^[[33m^[[2m✓^[[22m^[[39m reconciles only the registered owned container after an unknown create response and retains capture evidence ^[[33m 16209^[[2mms^[[22m^[[39m
Owned Catalog, cutover and authority PostgreSQL	Run reader, cutover and authority tests in independently owned clusters	2026-09-08T11:22:27.0549062Z      ^[[33m^[[2m✓^[[22m^[[39m refuses non-dump database-acl before capture without correcting or deleting source state ^[[33m 6441^[[2mms^[[22m^[[39m
Owned Catalog, cutover and authority PostgreSQL	Run reader, cutover and authority tests in independently owned clusters	2026-09-08T11:22:27.0551374Z      ^[[33m^[[2m✓^[[22m^[[39m refuses non-dump database-settings before capture without correcting or deleting source state ^[[33m 6700^[[2mms^[[22m^[[39m
Owned Catalog, cutover and authority PostgreSQL	Run reader, cutover and authority tests in independently owned clusters	2026-09-08T11:22:27.0553532Z      ^[[33m^[[2m✓^[[22m^[[39m refuses non-dump other-database-acl before capture without correcting or deleting source state ^[[33m 6500^[[2mms^[[22m^[[39m
Owned Catalog, cutover and authority PostgreSQL	Run reader, cutover and authority tests in independently owned clusters	2026-09-08T11:22:27.0555486Z      ^[[33m^[[2m✓^[[22m^[[39m refuses non-dump tablespace-acl before capture without correcting or deleting source state ^[[33m 6574^[[2mms^[[22m^[[39m
Owned Catalog, cutover and authority PostgreSQL	Run reader, cutover and authority tests in independently owned clusters	2026-09-08T11:22:27.0556622Z      ^[[33m^[[2m✓^[[22m^[[39m refuses non-dump parameter-acl before capture without correcting or deleting source state ^[[33m 6467^[[2mms^[[22m^[[39m
Owned Catalog, cutover and authority PostgreSQL	Run reader, cutover and authority tests in independently owned clusters	2026-09-08T11:22:27.0557733Z      ^[[33m^[[2m✓^[[22m^[[39m refuses non-dump builtin-function-acl before capture without correcting or deleting source state ^[[33m 6540^[[2mms^[[22m^[[39m
Owned Catalog, cutover and authority PostgreSQL	Run reader, cutover and authority tests in independently owned clusters	2026-09-08T11:22:27.0558793Z      ^[[33m^[[2m✓^[[22m^[[39m refuses stale-target-aof before package restore and leaves traffic isolated ^[[33m 30750^[[2mms^[[22m^[[39m
Owned Catalog, cutover and authority PostgreSQL	Run reader, cutover and authority tests in independently owned clusters	2026-09-08T11:22:27.0560545Z      ^[[33m^[[2m✓^[[22m^[[39m refuses missing-object before package restore and leaves traffic isolated ^[[33m 28691^[[2mms^[[22m^[[39m
Owned Catalog, cutover and authority PostgreSQL	Run reader, cutover and authority tests in independently owned clusters	2026-09-08T11:22:27.0561626Z      ^[[33m^[[2m✓^[[22m^[[39m refuses wrong-target before package restore and leaves traffic isolated ^[[33m 28975^[[2mms^[[22m^[[39m
Owned Catalog, cutover and authority PostgreSQL	Run reader, cutover and authority tests in independently owned clusters	2026-09-08T11:22:27.0562608Z      ^[[33m^[[2m✓^[[22m^[[39m backs up and restores separate PostgreSQL, MinIO and persisted Redis targets ^[[33m 32959^[[2mms^[[22m^[[39m
Owned Catalog, cutover and authority PostgreSQL	Run reader, cutover and authority tests in independently owned clusters	2026-09-08T11:22:27.0563079Z 
Owned Catalog, cutover and authority PostgreSQL	Run reader, cutover and authority tests in independently owned clusters	2026-09-08T11:22:27.0563390Z ^[[2m Test Files ^[[22m ^[[1m^[[32m1 passed^[[39m^[[22m^[[90m (1)^[[39m
Owned Catalog, cutover and authority PostgreSQL	Run reader, cutover and authority tests in independently owned clusters	2026-09-08T11:22:27.0563920Z ^[[2m      Tests ^[[22m ^[[1m^[[32m16 passed^[[39m^[[22m^[[90m (16)^[[39m
Owned Catalog, cutover and authority PostgreSQL	Run reader, cutover and authority tests in independently owned clusters	2026-09-08T11:22:27.0564355Z ^[[2m   Start at ^[[22m 11:18:40
Owned Catalog, cutover and authority PostgreSQL	Run reader, cutover and authority tests in independently owned clusters	2026-09-08T11:22:27.0565038Z ^[[2m   Duration ^[[22m 226.28s^[[2m (transform 455ms, setup 0ms, import 855ms, tests 225.30s, environment 0ms)^[[22m
Owned Catalog, cutover and authority PostgreSQL	Run reader, cutover and authority tests in independently owned clusters	2026-09-08T11:22:27.0565455Z 
Owned Catalog, cutover and authority PostgreSQL	Run reader, cutover and authority tests in independently owned clusters	2026-09-08T11:22:27.6109552Z {"scope":"isolated-components-only","suite":"recovery-three-store","imageReference":"postgres:16-alpine","imageId":"sha256:75f5a96988cdf694a215073c3e9c001b706b371e2f94df3967f2efdec2787f6b","platform":"linux/amd64","containerId":"a120d5f57a464a6badb0c24b7f609b1f06852b1146d03d92651c978bed9ae452","networkId":"9023109fce7d3b766c4da2bab1a51d5b939725d23e4c7a28cbff7886a4529703","exitCode":0,"runnerResourcesCleanupVerified":true,"cleanupVerified":true,"nestedCleanupOutcome":"verified-by-complete-suite","privateEvidenceRetained":true,"releaseApproved":false}
Owned Catalog, cutover and authority PostgreSQL	Run reader, cutover and authority tests in independently owned clusters	2026-09-08T11:22:40.9381911Z {"evidence":"owned-service-profile","profile":"selfhost-postgres16-alpine-v1","imageId":"sha256:75f5a96988cdf694a215073c3e9c001b706b371e2f94df3967f2efdec2787f6b","databaseProperties":{"encoding":6,"datcollate":"en_US.utf8","datctype":"en_US.utf8","datlocprovider":"c","daticulocale":null,"daticurules":null,"datcollversion":null,"datconnlimit":-1,"datallowconn":true,"datistemplate":false}}
Owned Catalog, cutover and authority PostgreSQL	Run reader, cutover and authority tests in independently owned clusters	2026-09-08T11:25:49.4937155Z 
Owned Catalog, cutover and authority PostgreSQL	Run reader, cutover and authority tests in independently owned clusters	2026-09-08T11:25:49.4938810Z ^[[1m^[[30m^[[46m RUN ^[[49m^[[39m^[[22m ^[[36mv4.1.5 ^[[39m^[[90m/home/runner/work/WiseEff/WiseEff^[[39m
Owned Catalog, cutover and authority PostgreSQL	Run reader, cutover and authority tests in independently owned clusters	2026-09-08T11:25:49.4939569Z 
Owned Catalog, cutover and authority PostgreSQL	Run reader, cutover and authority tests in independently owned clusters	2026-09-08T11:25:49.4941535Z ^[[90mstdout^[[2m | ops/self-hosted/storage/controlledRecovery.docker.integration.test.ts^[[2m > ^[[22m^[[2mcontrolled three-store Docker adapter^[[2m > ^[[22m^[[2m'postgres' bootstrap: 'package-only-restore' after source shutdown
Owned Catalog, cutover and authority PostgreSQL	Run reader, cutover and authority tests in independently owned clusters	2026-09-08T11:25:49.4943176Z ^[[22m^[[39m{"evidence":"owned-recovery-adapter","phase":"setup-source","state":"started"}
Owned Catalog, cutover and authority PostgreSQL	Run reader, cutover and authority tests in independently owned clusters	2026-09-08T11:25:49.4943722Z 
Owned Catalog, cutover and authority PostgreSQL	Run reader, cutover and authority tests in independently owned clusters	2026-09-08T11:25:49.4945186Z ^[[90mstdout^[[2m | ops/self-hosted/storage/controlledRecovery.docker.integration.test.ts^[[2m > ^[[22m^[[2mcontrolled three-store Docker adapter^[[2m > ^[[22m^[[2m'postgres' bootstrap: 'package-only-restore' after source shutdown
Owned Catalog, cutover and authority PostgreSQL	Run reader, cutover and authority tests in independently owned clusters	2026-09-08T11:25:49.4946733Z ^[[22m^[[39m{"evidence":"owned-recovery-adapter","phase":"setup-source","state":"returned","elapsedMs":3765}
Owned Catalog, cutover and authority PostgreSQL	Run reader, cutover and authority tests in independently owned clusters	2026-09-08T11:25:49.4947217Z 
Owned Catalog, cutover and authority PostgreSQL	Run reader, cutover and authority tests in independently owned clusters	2026-09-08T11:25:49.4948482Z ^[[90mstdout^[[2m | ops/self-hosted/storage/controlledRecovery.docker.integration.test.ts^[[2m > ^[[22m^[[2mcontrolled three-store Docker adapter^[[2m > ^[[22m^[[2m'postgres' bootstrap: 'package-only-restore' after source shutdown
Owned Catalog, cutover and authority PostgreSQL	Run reader, cutover and authority tests in independently owned clusters	2026-09-08T11:25:49.4950267Z ^[[22m^[[39m{"evidence":"owned-recovery-adapter","phase":"capture-active-writer-refusal","state":"started"}
Owned Catalog, cutover and authority PostgreSQL	Run reader, cutover and authority tests in independently owned clusters	2026-09-08T11:25:49.4950762Z 
Owned Catalog, cutover and authority PostgreSQL	Run reader, cutover and authority tests in independently owned clusters	2026-09-08T11:25:49.4952418Z ^[[90mstdout^[[2m | ops/self-hosted/storage/controlledRecovery.docker.integration.test.ts^[[2m > ^[[22m^[[2mcontrolled three-store Docker adapter^[[2m > ^[[22m^[[2m'postgres' bootstrap: 'package-only-restore' after source shutdown
Owned Catalog, cutover and authority PostgreSQL	Run reader, cutover and authority tests in independently owned clusters	2026-09-08T11:25:49.4954086Z ^[[22m^[[39m{"evidence":"owned-recovery-adapter","phase":"capture-active-writer-refusal","state":"returned","elapsedMs":335}
Owned Catalog, cutover and authority PostgreSQL	Run reader, cutover and authority tests in independently owned clusters	2026-09-08T11:25:49.4954561Z 
Owned Catalog, cutover and authority PostgreSQL	Run reader, cutover and authority tests in independently owned clusters	2026-09-08T11:25:49.4955621Z ^[[90mstdout^[[2m | ops/self-hosted/storage/controlledRecovery.docker.integration.test.ts^[[2m > ^[[22m^[[2mcontrolled three-store Docker adapter^[[2m > ^[[22m^[[2m'postgres' bootstrap: 'package-only-restore' after source shutdown
Owned Catalog, cutover and authority PostgreSQL	Run reader, cutover and authority tests in independently owned clusters	2026-09-08T11:25:49.4956876Z ^[[22m^[[39m{"evidence":"owned-recovery-adapter","phase":"capture-extra-acl-refusal","state":"started"}
Owned Catalog, cutover and authority PostgreSQL	Run reader, cutover and authority tests in independently owned clusters	2026-09-08T11:25:49.4957277Z 
Owned Catalog, cutover and authority PostgreSQL	Run reader, cutover and authority tests in independently owned clusters	2026-09-08T11:25:49.4958329Z ^[[90mstdout^[[2m | ops/self-hosted/storage/controlledRecovery.docker.integration.test.ts^[[2m > ^[[22m^[[2mcontrolled three-store Docker adapter^[[2m > ^[[22m^[[2m'postgres' bootstrap: 'package-only-restore' after source shutdown
Owned Catalog, cutover and authority PostgreSQL	Run reader, cutover and authority tests in independently owned clusters	2026-09-08T11:25:49.4959678Z ^[[22m^[[39m{"evidence":"owned-recovery-adapter","phase":"capture-extra-acl-refusal","state":"returned","elapsedMs":2828}
Owned Catalog, cutover and authority PostgreSQL	Run reader, cutover and authority tests in independently owned clusters	2026-09-08T11:25:49.4960544Z 
Owned Catalog, cutover and authority PostgreSQL	Run reader, cutover and authority tests in independently owned clusters	2026-09-08T11:25:49.4961667Z ^[[90mstdout^[[2m | ops/self-hosted/storage/controlledRecovery.docker.integration.test.ts^[[2m > ^[[22m^[[2mcontrolled three-store Docker adapter^[[2m > ^[[22m^[[2m'postgres' bootstrap: 'package-only-restore' after source shutdown
Owned Catalog, cutover and authority PostgreSQL	Run reader, cutover and authority tests in independently owned clusters	2026-09-08T11:25:49.4963009Z ^[[22m^[[39m{"evidence":"owned-recovery-adapter","phase":"capture-database-properties-refusal","state":"started"}
Owned Catalog, cutover and authority PostgreSQL	Run reader, cutover and authority tests in independently owned clusters	2026-09-08T11:25:49.4963452Z 
Owned Catalog, cutover and authority PostgreSQL	Run reader, cutover and authority tests in independently owned clusters	2026-09-08T11:25:49.4964506Z ^[[90mstdout^[[2m | ops/self-hosted/storage/controlledRecovery.docker.integration.test.ts^[[2m > ^[[22m^[[2mcontrolled three-store Docker adapter^[[2m > ^[[22m^[[2m'postgres' bootstrap: 'package-only-restore' after source shutdown
Owned Catalog, cutover and authority PostgreSQL	Run reader, cutover and authority tests in independently owned clusters	2026-09-08T11:25:49.4965914Z ^[[22m^[[39m{"evidence":"owned-recovery-adapter","phase":"capture-database-properties-refusal","state":"returned","elapsedMs":2986}
Owned Catalog, cutover and authority PostgreSQL	Run reader, cutover and authority tests in independently owned clusters	2026-09-08T11:25:49.4966425Z 
Owned Catalog, cutover and authority PostgreSQL	Run reader, cutover and authority tests in independently owned clusters	2026-09-08T11:25:49.4967708Z ^[[90mstdout^[[2m | ops/self-hosted/storage/controlledRecovery.docker.integration.test.ts^[[2m > ^[[22m^[[2mcontrolled three-store Docker adapter^[[2m > ^[[22m^[[2m'postgres' bootstrap: 'package-only-restore' after source shutdown
Owned Catalog, cutover and authority PostgreSQL	Run reader, cutover and authority tests in independently owned clusters	2026-09-08T11:25:49.4969426Z ^[[22m^[[39m{"evidence":"owned-recovery-adapter","phase":"capture-package","state":"started"}
Owned Catalog, cutover and authority PostgreSQL	Run reader, cutover and authority tests in independently owned clusters	2026-09-08T11:25:49.4971509Z 
Owned Catalog, cutover and authority PostgreSQL	Run reader, cutover and authority tests in independently owned clusters	2026-09-08T11:25:49.4974181Z ^[[90mstdout^[[2m | ops/self-hosted/storage/controlledRecovery.docker.integration.test.ts^[[2m > ^[[22m^[[2mcontrolled three-store Docker adapter^[[2m > ^[[22m^[[2m'postgres' bootstrap: 'package-only-restore' after source shutdown
Owned Catalog, cutover and authority PostgreSQL	Run reader, cutover and authority tests in independently owned clusters	2026-09-08T11:25:49.4979516Z ^[[22m^[[39m{"evidence":"owned-recovery-adapter","phase":"capture-package","state":"returned","elapsedMs":10624}
Owned Catalog, cutover and authority PostgreSQL	Run reader, cutover and authority tests in independently owned clusters	2026-09-08T11:25:49.4980545Z 
Owned Catalog, cutover and authority PostgreSQL	Run reader, cutover and authority tests in independently owned clusters	2026-09-08T11:25:49.4989403Z ^[[90mstdout^[[2m | ops/self-hosted/storage/controlledRecovery.docker.integration.test.ts^[[2m > ^[[22m^[[2mcontrolled three-store Docker adapter^[[2m > ^[[22m^[[2m'postgres' bootstrap: 'package-only-restore' after source shutdown
Owned Catalog, cutover and authority PostgreSQL	Run reader, cutover and authority tests in independently owned clusters	2026-09-08T11:25:49.4994702Z ^[[22m^[[39m{"evidence":"owned-recovery-adapter","phase":"setup-destination","state":"started"}
Owned Catalog, cutover and authority PostgreSQL	Run reader, cutover and authority tests in independently owned clusters	2026-09-08T11:25:49.4995109Z 
Owned Catalog, cutover and authority PostgreSQL	Run reader, cutover and authority tests in independently owned clusters	2026-09-08T11:25:49.4996210Z ^[[90mstdout^[[2m | ops/self-hosted/storage/controlledRecovery.docker.integration.test.ts^[[2m > ^[[22m^[[2mcontrolled three-store Docker adapter^[[2m > ^[[22m^[[2m'postgres' bootstrap: 'package-only-restore' after source shutdown
Owned Catalog, cutover and authority PostgreSQL	Run reader, cutover and authority tests in independently owned clusters	2026-09-08T11:25:49.4998000Z ^[[22m^[[39m{"evidence":"owned-recovery-adapter","phase":"setup-destination","state":"returned","elapsedMs":3727}
Owned Catalog, cutover and authority PostgreSQL	Run reader, cutover and authority tests in independently owned clusters	2026-09-08T11:25:49.5001341Z 
Owned Catalog, cutover and authority PostgreSQL	Run reader, cutover and authority tests in independently owned clusters	2026-09-08T11:25:49.5002540Z ^[[90mstdout^[[2m | ops/self-hosted/storage/controlledRecovery.docker.integration.test.ts^[[2m > ^[[22m^[[2mcontrolled three-store Docker adapter^[[2m > ^[[22m^[[2m'postgres' bootstrap: 'package-only-restore' after source shutdown
Owned Catalog, cutover and authority PostgreSQL	Run reader, cutover and authority tests in independently owned clusters	2026-09-08T11:25:49.5003884Z ^[[22m^[[39m{"evidence":"owned-recovery-adapter","phase":"authenticate-persist-approval","state":"started"}
Owned Catalog, cutover and authority PostgreSQL	Run reader, cutover and authority tests in independently owned clusters	2026-09-08T11:25:49.5004581Z 
Owned Catalog, cutover and authority PostgreSQL	Run reader, cutover and authority tests in independently owned clusters	2026-09-08T11:25:49.5005685Z ^[[90mstdout^[[2m | ops/self-hosted/storage/controlledRecovery.docker.integration.test.ts^[[2m > ^[[22m^[[2mcontrolled three-store Docker adapter^[[2m > ^[[22m^[[2m'postgres' bootstrap: 'package-only-restore' after source shutdown
Owned Catalog, cutover and authority PostgreSQL	Run reader, cutover and authority tests in independently owned clusters	2026-09-08T11:25:49.5007897Z ^[[22m^[[39m{"evidence":"owned-recovery-adapter","phase":"authenticate-persist-approval","state":"returned","elapsedMs":221}
Owned Catalog, cutover and authority PostgreSQL	Run reader, cutover and authority tests in independently owned clusters	2026-09-08T11:25:49.5008403Z 
Owned Catalog, cutover and authority PostgreSQL	Run reader, cutover and authority tests in independently owned clusters	2026-09-08T11:25:49.5010679Z ^[[90mstdout^[[2m | ops/self-hosted/storage/controlledRecovery.docker.integration.test.ts^[[2m > ^[[22m^[[2mcontrolled three-store Docker adapter^[[2m > ^[[22m^[[2m'postgres' bootstrap: 'package-only-restore' after source shutdown
Owned Catalog, cutover and authority PostgreSQL	Run reader, cutover and authority tests in independently owned clusters	2026-09-08T11:25:49.5012696Z ^[[22m^[[39m{"evidence":"owned-recovery-adapter","phase":"restore-package-child","state":"started"}
Owned Catalog, cutover and authority PostgreSQL	Run reader, cutover and authority tests in independently owned clusters	2026-09-08T11:25:49.5013093Z 
Owned Catalog, cutover and authority PostgreSQL	Run reader, cutover and authority tests in independently owned clusters	2026-09-08T11:25:49.5016155Z ^[[90mstdout^[[2m | ops/self-hosted/storage/controlledRecovery.docker.integration.test.ts^[[2m > ^[[22m^[[2mcontrolled three-store Docker adapter^[[2m > ^[[22m^[[2m'postgres' bootstrap: 'package-only-restore' after source shutdown
Owned Catalog, cutover and authority PostgreSQL	Run reader, cutover and authority tests in independently owned clusters	2026-09-08T11:25:49.5019550Z ^[[22m^[[39m{"evidence":"owned-recovery-adapter","phase":"restore-package-child","state":"returned","elapsedMs":7239}
Owned Catalog, cutover and authority PostgreSQL	Run reader, cutover and authority tests in independently owned clusters	2026-09-08T11:25:49.5020685Z 
Owned Catalog, cutover and authority PostgreSQL	Run reader, cutover and authority tests in independently owned clusters	2026-09-08T11:25:49.5022765Z ^[[90mstdout^[[2m | ops/self-hosted/storage/controlledRecovery.docker.integration.test.ts^[[2m > ^[[22m^[[2mcontrolled three-store Docker adapter^[[2m > ^[[22m^[[2m'postgres' bootstrap: 'package-only-restore' after source shutdown
Owned Catalog, cutover and authority PostgreSQL	Run reader, cutover and authority tests in independently owned clusters	2026-09-08T11:25:49.5025504Z ^[[22m^[[39m{"evidence":"private-synthetic-package-retained","locator":"controlled-recovery-live-DEUSFF/retained-evidence.json"}
Owned Catalog, cutover and authority PostgreSQL	Run reader, cutover and authority tests in independently owned clusters	2026-09-08T11:25:49.5026394Z 
Owned Catalog, cutover and authority PostgreSQL	Run reader, cutover and authority tests in independently owned clusters	2026-09-08T11:25:49.5028372Z ^[[90mstdout^[[2m | ops/self-hosted/storage/controlledRecovery.docker.integration.test.ts^[[2m > ^[[22m^[[2mcontrolled three-store Docker adapter^[[2m > ^[[22m^[[2m'postgres' bootstrap: 'nonempty-target-refusals' after source shutdown
Owned Catalog, cutover and authority PostgreSQL	Run reader, cutover and authority tests in independently owned clusters	2026-09-08T11:25:49.5031013Z ^[[22m^[[39m{"evidence":"owned-recovery-adapter","phase":"setup-source","state":"started"}
Owned Catalog, cutover and authority PostgreSQL	Run reader, cutover and authority tests in independently owned clusters	2026-09-08T11:25:49.5031933Z 
Owned Catalog, cutover and authority PostgreSQL	Run reader, cutover and authority tests in independently owned clusters	2026-09-08T11:25:49.5033950Z ^[[90mstdout^[[2m | ops/self-hosted/storage/controlledRecovery.docker.integration.test.ts^[[2m > ^[[22m^[[2mcontrolled three-store Docker adapter^[[2m > ^[[22m^[[2m'postgres' bootstrap: 'nonempty-target-refusals' after source shutdown
Owned Catalog, cutover and authority PostgreSQL	Run reader, cutover and authority tests in independently owned clusters	2026-09-08T11:25:49.5035682Z ^[[22m^[[39m{"evidence":"owned-recovery-adapter","phase":"setup-source","state":"returned","elapsedMs":3772}
Owned Catalog, cutover and authority PostgreSQL	Run reader, cutover and authority tests in independently owned clusters	2026-09-08T11:25:49.5036097Z 
Owned Catalog, cutover and authority PostgreSQL	Run reader, cutover and authority tests in independently owned clusters	2026-09-08T11:25:49.5037413Z ^[[90mstdout^[[2m | ops/self-hosted/storage/controlledRecovery.docker.integration.test.ts^[[2m > ^[[22m^[[2mcontrolled three-store Docker adapter^[[2m > ^[[22m^[[2m'postgres' bootstrap: 'nonempty-target-refusals' after source shutdown
Owned Catalog, cutover and authority PostgreSQL	Run reader, cutover and authority tests in independently owned clusters	2026-09-08T11:25:49.5039311Z ^[[22m^[[39m{"evidence":"owned-recovery-adapter","phase":"capture-active-writer-refusal","state":"started"}
Owned Catalog, cutover and authority PostgreSQL	Run reader, cutover and authority tests in independently owned clusters	2026-09-08T11:25:49.5039892Z 
Owned Catalog, cutover and authority PostgreSQL	Run reader, cutover and authority tests in independently owned clusters	2026-09-08T11:25:49.5041298Z ^[[90mstdout^[[2m | ops/self-hosted/storage/controlledRecovery.docker.integration.test.ts^[[2m > ^[[22m^[[2mcontrolled three-store Docker adapter^[[2m > ^[[22m^[[2m'postgres' bootstrap: 'nonempty-target-refusals' after source shutdown
Owned Catalog, cutover and authority PostgreSQL	Run reader, cutover and authority tests in independently owned clusters	2026-09-08T11:25:49.5042758Z ^[[22m^[[39m{"evidence":"owned-recovery-adapter","phase":"capture-active-writer-refusal","state":"returned","elapsedMs":319}
Owned Catalog, cutover and authority PostgreSQL	Run reader, cutover and authority tests in independently owned clusters	2026-09-08T11:25:49.5043480Z 
Owned Catalog, cutover and authority PostgreSQL	Run reader, cutover and authority tests in independently owned clusters	2026-09-08T11:25:49.5044785Z ^[[90mstdout^[[2m | ops/self-hosted/storage/controlledRecovery.docker.integration.test.ts^[[2m > ^[[22m^[[2mcontrolled three-store Docker adapter^[[2m > ^[[22m^[[2m'postgres' bootstrap: 'nonempty-target-refusals' after source shutdown
Owned Catalog, cutover and authority PostgreSQL	Run reader, cutover and authority tests in independently owned clusters	2026-09-08T11:25:49.5046276Z ^[[22m^[[39m{"evidence":"owned-recovery-adapter","phase":"capture-extra-acl-refusal","state":"started"}
Owned Catalog, cutover and authority PostgreSQL	Run reader, cutover and authority tests in independently owned clusters	2026-09-08T11:25:49.5046745Z 
Owned Catalog, cutover and authority PostgreSQL	Run reader, cutover and authority tests in independently owned clusters	2026-09-08T11:25:49.5048121Z ^[[90mstdout^[[2m | ops/self-hosted/storage/controlledRecovery.docker.integration.test.ts^[[2m > ^[[22m^[[2mcontrolled three-store Docker adapter^[[2m > ^[[22m^[[2m'postgres' bootstrap: 'nonempty-target-refusals' after source shutdown
Owned Catalog, cutover and authority PostgreSQL	Run reader, cutover and authority tests in independently owned clusters	2026-09-08T11:25:49.5050112Z ^[[22m^[[39m{"evidence":"owned-recovery-adapter","phase":"capture-extra-acl-refusal","state":"returned","elapsedMs":2814}
Owned Catalog, cutover and authority PostgreSQL	Run reader, cutover and authority tests in independently owned clusters	2026-09-08T11:25:49.5050908Z 
Owned Catalog, cutover and authority PostgreSQL	Run reader, cutover and authority tests in independently owned clusters	2026-09-08T11:25:49.5053031Z ^[[90mstdout^[[2m | ops/self-hosted/storage/controlledRecovery.docker.integration.test.ts^[[2m > ^[[22m^[[2mcontrolled three-store Docker adapter^[[2m > ^[[22m^[[2m'postgres' bootstrap: 'nonempty-target-refusals' after source shutdown
Owned Catalog, cutover and authority PostgreSQL	Run reader, cutover and authority tests in independently owned clusters	2026-09-08T11:25:49.5055679Z ^[[22m^[[39m{"evidence":"owned-recovery-adapter","phase":"capture-database-properties-refusal","state":"started"}
Owned Catalog, cutover and authority PostgreSQL	Run reader, cutover and authority tests in independently owned clusters	2026-09-08T11:25:49.5056486Z 
Owned Catalog, cutover and authority PostgreSQL	Run reader, cutover and authority tests in independently owned clusters	2026-09-08T11:25:49.5058492Z ^[[90mstdout^[[2m | ops/self-hosted/storage/controlledRecovery.docker.integration.test.ts^[[2m > ^[[22m^[[2mcontrolled three-store Docker adapter^[[2m > ^[[22m^[[2m'postgres' bootstrap: 'nonempty-target-refusals' after source shutdown
Owned Catalog, cutover and authority PostgreSQL	Run reader, cutover and authority tests in independently owned clusters	2026-09-08T11:25:49.5061432Z ^[[22m^[[39m{"evidence":"owned-recovery-adapter","phase":"capture-database-properties-refusal","state":"returned","elapsedMs":2976}
Owned Catalog, cutover and authority PostgreSQL	Run reader, cutover and authority tests in independently owned clusters	2026-09-08T11:25:49.5062419Z 
Owned Catalog, cutover and authority PostgreSQL	Run reader, cutover and authority tests in independently owned clusters	2026-09-08T11:25:49.5064580Z ^[[90mstdout^[[2m | ops/self-hosted/storage/controlledRecovery.docker.integration.test.ts^[[2m > ^[[22m^[[2mcontrolled three-store Docker adapter^[[2m > ^[[22m^[[2m'postgres' bootstrap: 'nonempty-target-refusals' after source shutdown
Owned Catalog, cutover and authority PostgreSQL	Run reader, cutover and authority tests in independently owned clusters	2026-09-08T11:25:49.5066942Z ^[[22m^[[39m{"evidence":"owned-recovery-adapter","phase":"capture-package","state":"started"}
Owned Catalog, cutover and authority PostgreSQL	Run reader, cutover and authority tests in independently owned clusters	2026-09-08T11:25:49.5067613Z 
Owned Catalog, cutover and authority PostgreSQL	Run reader, cutover and authority tests in independently owned clusters	2026-09-08T11:25:49.5069636Z ^[[90mstdout^[[2m | ops/self-hosted/storage/controlledRecovery.docker.integration.test.ts^[[2m > ^[[22m^[[2mcontrolled three-store Docker adapter^[[2m > ^[[22m^[[2m'postgres' bootstrap: 'nonempty-target-refusals' after source shutdown
Owned Catalog, cutover and authority PostgreSQL	Run reader, cutover and authority tests in independently owned clusters	2026-09-08T11:25:49.5072348Z ^[[22m^[[39m{"evidence":"owned-recovery-adapter","phase":"capture-package","state":"returned","elapsedMs":10829}
Owned Catalog, cutover and authority PostgreSQL	Run reader, cutover and authority tests in independently owned clusters	2026-09-08T11:25:49.5073121Z 
Owned Catalog, cutover and authority PostgreSQL	Run reader, cutover and authority tests in independently owned clusters	2026-09-08T11:25:49.5075007Z ^[[90mstdout^[[2m | ops/self-hosted/storage/controlledRecovery.docker.integration.test.ts^[[2m > ^[[22m^[[2mcontrolled three-store Docker adapter^[[2m > ^[[22m^[[2m'postgres' bootstrap: 'nonempty-target-refusals' after source shutdown
Owned Catalog, cutover and authority PostgreSQL	Run reader, cutover and authority tests in independently owned clusters	2026-09-08T11:25:49.5076541Z ^[[22m^[[39m{"evidence":"owned-recovery-adapter","phase":"setup-destination","state":"started"}
Owned Catalog, cutover and authority PostgreSQL	Run reader, cutover and authority tests in independently owned clusters	2026-09-08T11:25:49.5076914Z 
Owned Catalog, cutover and authority PostgreSQL	Run reader, cutover and authority tests in independently owned clusters	2026-09-08T11:25:49.5078008Z ^[[90mstdout^[[2m | ops/self-hosted/storage/controlledRecovery.docker.integration.test.ts^[[2m > ^[[22m^[[2mcontrolled three-store Docker adapter^[[2m > ^[[22m^[[2m'postgres' bootstrap: 'nonempty-target-refusals' after source shutdown
Owned Catalog, cutover and authority PostgreSQL	Run reader, cutover and authority tests in independently owned clusters	2026-09-08T11:25:49.5079613Z ^[[22m^[[39m{"evidence":"owned-recovery-adapter","phase":"setup-destination","state":"returned","elapsedMs":3721}
Owned Catalog, cutover and authority PostgreSQL	Run reader, cutover and authority tests in independently owned clusters	2026-09-08T11:25:49.5080672Z 
Owned Catalog, cutover and authority PostgreSQL	Run reader, cutover and authority tests in independently owned clusters	2026-09-08T11:25:49.5082813Z ^[[90mstdout^[[2m | ops/self-hosted/storage/controlledRecovery.docker.integration.test.ts^[[2m > ^[[22m^[[2mcontrolled three-store Docker adapter^[[2m > ^[[22m^[[2m'postgres' bootstrap: 'nonempty-target-refusals' after source shutdown
Owned Catalog, cutover and authority PostgreSQL	Run reader, cutover and authority tests in independently owned clusters	2026-09-08T11:25:49.5085934Z ^[[22m^[[39m{"evidence":"owned-recovery-adapter","phase":"authenticate-persist-approval","state":"started"}
Owned Catalog, cutover and authority PostgreSQL	Run reader, cutover and authority tests in independently owned clusters	2026-09-08T11:25:49.5086502Z 
Owned Catalog, cutover and authority PostgreSQL	Run reader, cutover and authority tests in independently owned clusters	2026-09-08T11:25:49.5087883Z ^[[90mstdout^[[2m | ops/self-hosted/storage/controlledRecovery.docker.integration.test.ts^[[2m > ^[[22m^[[2mcontrolled three-store Docker adapter^[[2m > ^[[22m^[[2m'postgres' bootstrap: 'nonempty-target-refusals' after source shutdown
Owned Catalog, cutover and authority PostgreSQL	Run reader, cutover and authority tests in independently owned clusters	2026-09-08T11:25:49.5089621Z ^[[22m^[[39m{"evidence":"owned-recovery-adapter","phase":"authenticate-persist-approval","state":"returned","elapsedMs":222}
Owned Catalog, cutover and authority PostgreSQL	Run reader, cutover and authority tests in independently owned clusters	2026-09-08T11:25:49.5090268Z 
Owned Catalog, cutover and authority PostgreSQL	Run reader, cutover and authority tests in independently owned clusters	2026-09-08T11:25:49.5091624Z ^[[90mstdout^[[2m | ops/self-hosted/storage/controlledRecovery.docker.integration.test.ts^[[2m > ^[[22m^[[2mcontrolled three-store Docker adapter^[[2m > ^[[22m^[[2m'postgres' bootstrap: 'nonempty-target-refusals' after source shutdown
Owned Catalog, cutover and authority PostgreSQL	Run reader, cutover and authority tests in independently owned clusters	2026-09-08T11:25:49.5093306Z ^[[22m^[[39m{"evidence":"owned-recovery-adapter","phase":"restore-nonempty-function-refusal","state":"started"}
Owned Catalog, cutover and authority PostgreSQL	Run reader, cutover and authority tests in independently owned clusters	2026-09-08T11:25:49.5093741Z 
Owned Catalog, cutover and authority PostgreSQL	Run reader, cutover and authority tests in independently owned clusters	2026-09-08T11:25:49.5095253Z ^[[90mstdout^[[2m | ops/self-hosted/storage/controlledRecovery.docker.integration.test.ts^[[2m > ^[[22m^[[2mcontrolled three-store Docker adapter^[[2m > ^[[22m^[[2m'postgres' bootstrap: 'nonempty-target-refusals' after source shutdown
Owned Catalog, cutover and authority PostgreSQL	Run reader, cutover and authority tests in independently owned clusters	2026-09-08T11:25:49.5097010Z ^[[22m^[[39m{"evidence":"owned-recovery-adapter","phase":"restore-nonempty-function-refusal","state":"returned","elapsedMs":1458}
Owned Catalog, cutover and authority PostgreSQL	Run reader, cutover and authority tests in independently owned clusters	2026-09-08T11:25:49.5097510Z 
Owned Catalog, cutover and authority PostgreSQL	Run reader, cutover and authority tests in independently owned clusters	2026-09-08T11:25:49.5098758Z ^[[90mstdout^[[2m | ops/self-hosted/storage/controlledRecovery.docker.integration.test.ts^[[2m > ^[[22m^[[2mcontrolled three-store Docker adapter^[[2m > ^[[22m^[[2m'postgres' bootstrap: 'nonempty-target-refusals' after source shutdown
Owned Catalog, cutover and authority PostgreSQL	Run reader, cutover and authority tests in independently owned clusters	2026-09-08T11:25:49.5100504Z ^[[22m^[[39m{"evidence":"owned-recovery-adapter","phase":"restore-nonempty-view-refusal","state":"started"}
Owned Catalog, cutover and authority PostgreSQL	Run reader, cutover and authority tests in independently owned clusters	2026-09-08T11:25:49.5100927Z 
Owned Catalog, cutover and authority PostgreSQL	Run reader, cutover and authority tests in independently owned clusters	2026-09-08T11:25:49.5102175Z ^[[90mstdout^[[2m | ops/self-hosted/storage/controlledRecovery.docker.integration.test.ts^[[2m > ^[[22m^[[2mcontrolled three-store Docker adapter^[[2m > ^[[22m^[[2m'postgres' bootstrap: 'nonempty-target-refusals' after source shutdown
Owned Catalog, cutover and authority PostgreSQL	Run reader, cutover and authority tests in independently owned clusters	2026-09-08T11:25:49.5104120Z ^[[22m^[[39m{"evidence":"owned-recovery-adapter","phase":"restore-nonempty-view-refusal","state":"returned","elapsedMs":1413}
Owned Catalog, cutover and authority PostgreSQL	Run reader, cutover and authority tests in independently owned clusters	2026-09-08T11:25:49.5104877Z 
Owned Catalog, cutover and authority PostgreSQL	Run reader, cutover and authority tests in independently owned clusters	2026-09-08T11:25:49.5106925Z ^[[90mstdout^[[2m | ops/self-hosted/storage/controlledRecovery.docker.integration.test.ts^[[2m > ^[[22m^[[2mcontrolled three-store Docker adapter^[[2m > ^[[22m^[[2m'postgres' bootstrap: 'nonempty-target-refusals' after source shutdown
Owned Catalog, cutover and authority PostgreSQL	Run reader, cutover and authority tests in independently owned clusters	2026-09-08T11:25:49.5108868Z ^[[22m^[[39m{"evidence":"owned-recovery-adapter","phase":"restore-nonempty-sequence-refusal","state":"started"}
Owned Catalog, cutover and authority PostgreSQL	Run reader, cutover and authority tests in independently owned clusters	2026-09-08T11:25:49.5109306Z 
Owned Catalog, cutover and authority PostgreSQL	Run reader, cutover and authority tests in independently owned clusters	2026-09-08T11:25:49.5110955Z ^[[90mstdout^[[2m | ops/self-hosted/storage/controlledRecovery.docker.integration.test.ts^[[2m > ^[[22m^[[2mcontrolled three-store Docker adapter^[[2m > ^[[22m^[[2m'postgres' bootstrap: 'nonempty-target-refusals' after source shutdown
Owned Catalog, cutover and authority PostgreSQL	Run reader, cutover and authority tests in independently owned clusters	2026-09-08T11:25:49.5112758Z ^[[22m^[[39m{"evidence":"owned-recovery-adapter","phase":"restore-nonempty-sequence-refusal","state":"returned","elapsedMs":1429}
Owned Catalog, cutover and authority PostgreSQL	Run reader, cutover and authority tests in independently owned clusters	2026-09-08T11:25:49.5113279Z 
Owned Catalog, cutover and authority PostgreSQL	Run reader, cutover and authority tests in independently owned clusters	2026-09-08T11:25:49.5114964Z ^[[90mstdout^[[2m | ops/self-hosted/storage/controlledRecovery.docker.integration.test.ts^[[2m > ^[[22m^[[2mcontrolled three-store Docker adapter^[[2m > ^[[22m^[[2m'postgres' bootstrap: 'nonempty-target-refusals' after source shutdown
Owned Catalog, cutover and authority PostgreSQL	Run reader, cutover and authority tests in independently owned clusters	2026-09-08T11:25:49.5116536Z ^[[22m^[[39m{"evidence":"owned-recovery-adapter","phase":"restore-nonempty-type-refusal","state":"started"}
Owned Catalog, cutover and authority PostgreSQL	Run reader, cutover and authority tests in independently owned clusters	2026-09-08T11:25:49.5116972Z 
Owned Catalog, cutover and authority PostgreSQL	Run reader, cutover and authority tests in independently owned clusters	2026-09-08T11:25:49.5118357Z ^[[90mstdout^[[2m | ops/self-hosted/storage/controlledRecovery.docker.integration.test.ts^[[2m > ^[[22m^[[2mcontrolled three-store Docker adapter^[[2m > ^[[22m^[[2m'postgres' bootstrap: 'nonempty-target-refusals' after source shutdown
Owned Catalog, cutover and authority PostgreSQL	Run reader, cutover and authority tests in independently owned clusters	2026-09-08T11:25:49.5120176Z ^[[22m^[[39m{"evidence":"owned-recovery-adapter","phase":"restore-nonempty-type-refusal","state":"returned","elapsedMs":1430}
Owned Catalog, cutover and authority PostgreSQL	Run reader, cutover and authority tests in independently owned clusters	2026-09-08T11:25:49.5120829Z 
Owned Catalog, cutover and authority PostgreSQL	Run reader, cutover and authority tests in independently owned clusters	2026-09-08T11:25:49.5122231Z ^[[90mstdout^[[2m | ops/self-hosted/storage/controlledRecovery.docker.integration.test.ts^[[2m > ^[[22m^[[2mcontrolled three-store Docker adapter^[[2m > ^[[22m^[[2m'postgres' bootstrap: 'nonempty-target-refusals' after source shutdown
Owned Catalog, cutover and authority PostgreSQL	Run reader, cutover and authority tests in independently owned clusters	2026-09-08T11:25:49.5123832Z ^[[22m^[[39m{"evidence":"owned-recovery-adapter","phase":"restore-nonempty-extension-refusal","state":"started"}
Owned Catalog, cutover and authority PostgreSQL	Run reader, cutover and authority tests in independently owned clusters	2026-09-08T11:25:49.5124275Z 
Owned Catalog, cutover and authority PostgreSQL	Run reader, cutover and authority tests in independently owned clusters	2026-09-08T11:25:49.5125647Z ^[[90mstdout^[[2m | ops/self-hosted/storage/controlledRecovery.docker.integration.test.ts^[[2m > ^[[22m^[[2mcontrolled three-store Docker adapter^[[2m > ^[[22m^[[2m'postgres' bootstrap: 'nonempty-target-refusals' after source shutdown
Owned Catalog, cutover and authority PostgreSQL	Run reader, cutover and authority tests in independently owned clusters	2026-09-08T11:25:49.5127370Z ^[[22m^[[39m{"evidence":"owned-recovery-adapter","phase":"restore-nonempty-extension-refusal","state":"returned","elapsedMs":1451}
Owned Catalog, cutover and authority PostgreSQL	Run reader, cutover and authority tests in independently owned clusters	2026-09-08T11:25:49.5128180Z 
Owned Catalog, cutover and authority PostgreSQL	Run reader, cutover and authority tests in independently owned clusters	2026-09-08T11:25:49.5129668Z ^[[90mstdout^[[2m | ops/self-hosted/storage/controlledRecovery.docker.integration.test.ts^[[2m > ^[[22m^[[2mcontrolled three-store Docker adapter^[[2m > ^[[22m^[[2m'postgres' bootstrap: 'nonempty-target-refusals' after source shutdown
Owned Catalog, cutover and authority PostgreSQL	Run reader, cutover and authority tests in independently owned clusters	2026-09-08T11:25:49.5132225Z ^[[22m^[[39m{"evidence":"owned-recovery-adapter","phase":"restore-nonempty-event-trigger-refusal","state":"started"}
Owned Catalog, cutover and authority PostgreSQL	Run reader, cutover and authority tests in independently owned clusters	2026-09-08T11:25:49.5132719Z 
Owned Catalog, cutover and authority PostgreSQL	Run reader, cutover and authority tests in independently owned clusters	2026-09-08T11:25:49.5134412Z ^[[90mstdout^[[2m | ops/self-hosted/storage/controlledRecovery.docker.integration.test.ts^[[2m > ^[[22m^[[2mcontrolled three-store Docker adapter^[[2m > ^[[22m^[[2m'postgres' bootstrap: 'nonempty-target-refusals' after source shutdown
Owned Catalog, cutover and authority PostgreSQL	Run reader, cutover and authority tests in independently owned clusters	2026-09-08T11:25:49.5136226Z ^[[22m^[[39m{"evidence":"owned-recovery-adapter","phase":"restore-nonempty-event-trigger-refusal","state":"returned","elapsedMs":1404}
Owned Catalog, cutover and authority PostgreSQL	Run reader, cutover and authority tests in independently owned clusters	2026-09-08T11:25:49.5137041Z 
Owned Catalog, cutover and authority PostgreSQL	Run reader, cutover and authority tests in independently owned clusters	2026-09-08T11:25:49.5138467Z ^[[90mstdout^[[2m | ops/self-hosted/storage/controlledRecovery.docker.integration.test.ts^[[2m > ^[[22m^[[2mcontrolled three-store Docker adapter^[[2m > ^[[22m^[[2m'postgres' bootstrap: 'nonempty-target-refusals' after source shutdown
Owned Catalog, cutover and authority PostgreSQL	Run reader, cutover and authority tests in independently owned clusters	2026-09-08T11:25:49.5140649Z ^[[22m^[[39m{"evidence":"private-synthetic-package-retained","locator":"controlled-recovery-live-gjoO6h/retained-evidence.json"}
Owned Catalog, cutover and authority PostgreSQL	Run reader, cutover and authority tests in independently owned clusters	2026-09-08T11:25:49.5141374Z 
Owned Catalog, cutover and authority PostgreSQL	Run reader, cutover and authority tests in independently owned clusters	2026-09-08T11:25:49.5142841Z ^[[90mstdout^[[2m | ops/self-hosted/storage/controlledRecovery.docker.integration.test.ts^[[2m > ^[[22m^[[2mcontrolled three-store Docker adapter^[[2m > ^[[22m^[[2m'wiseeff' bootstrap: 'package-only-restore' after source shutdown
Owned Catalog, cutover and authority PostgreSQL	Run reader, cutover and authority tests in independently owned clusters	2026-09-08T11:25:49.5144510Z ^[[22m^[[39m{"evidence":"owned-recovery-adapter","phase":"setup-source","state":"started"}
Owned Catalog, cutover and authority PostgreSQL	Run reader, cutover and authority tests in independently owned clusters	2026-09-08T11:25:49.5145008Z 
Owned Catalog, cutover and authority PostgreSQL	Run reader, cutover and authority tests in independently owned clusters	2026-09-08T11:25:49.5146470Z ^[[90mstdout^[[2m | ops/self-hosted/storage/controlledRecovery.docker.integration.test.ts^[[2m > ^[[22m^[[2mcontrolled three-store Docker adapter^[[2m > ^[[22m^[[2m'wiseeff' bootstrap: 'package-only-restore' after source shutdown
Owned Catalog, cutover and authority PostgreSQL	Run reader, cutover and authority tests in independently owned clusters	2026-09-08T11:25:49.5206025Z ^[[22m^[[39m{"evidence":"owned-recovery-adapter","phase":"setup-source","state":"returned","elapsedMs":3754}
Owned Catalog, cutover and authority PostgreSQL	Run reader, cutover and authority tests in independently owned clusters	2026-09-08T11:25:49.5206874Z 
Owned Catalog, cutover and authority PostgreSQL	Run reader, cutover and authority tests in independently owned clusters	2026-09-08T11:25:49.5208272Z ^[[90mstdout^[[2m | ops/self-hosted/storage/controlledRecovery.docker.integration.test.ts^[[2m > ^[[22m^[[2mcontrolled three-store Docker adapter^[[2m > ^[[22m^[[2m'wiseeff' bootstrap: 'package-only-restore' after source shutdown
Owned Catalog, cutover and authority PostgreSQL	Run reader, cutover and authority tests in independently owned clusters	2026-09-08T11:25:49.5210333Z ^[[22m^[[39m{"evidence":"owned-recovery-adapter","phase":"capture-active-writer-refusal","state":"started"}
Owned Catalog, cutover and authority PostgreSQL	Run reader, cutover and authority tests in independently owned clusters	2026-09-08T11:25:49.5210772Z 
Owned Catalog, cutover and authority PostgreSQL	Run reader, cutover and authority tests in independently owned clusters	2026-09-08T11:25:49.5212026Z ^[[90mstdout^[[2m | ops/self-hosted/storage/controlledRecovery.docker.integration.test.ts^[[2m > ^[[22m^[[2mcontrolled three-store Docker adapter^[[2m > ^[[22m^[[2m'wiseeff' bootstrap: 'package-only-restore' after source shutdown
Owned Catalog, cutover and authority PostgreSQL	Run reader, cutover and authority tests in independently owned clusters	2026-09-08T11:25:49.5213622Z ^[[22m^[[39m{"evidence":"owned-recovery-adapter","phase":"capture-active-writer-refusal","state":"returned","elapsedMs":316}
Owned Catalog, cutover and authority PostgreSQL	Run reader, cutover and authority tests in independently owned clusters	2026-09-08T11:25:49.5214459Z 
Owned Catalog, cutover and authority PostgreSQL	Run reader, cutover and authority tests in independently owned clusters	2026-09-08T11:25:49.5216525Z ^[[90mstdout^[[2m | ops/self-hosted/storage/controlledRecovery.docker.integration.test.ts^[[2m > ^[[22m^[[2mcontrolled three-store Docker adapter^[[2m > ^[[22m^[[2m'wiseeff' bootstrap: 'package-only-restore' after source shutdown
Owned Catalog, cutover and authority PostgreSQL	Run reader, cutover and authority tests in independently owned clusters	2026-09-08T11:25:49.5218963Z ^[[22m^[[39m{"evidence":"owned-recovery-adapter","phase":"capture-extra-acl-refusal","state":"started"}
Owned Catalog, cutover and authority PostgreSQL	Run reader, cutover and authority tests in independently owned clusters	2026-09-08T11:25:49.5219887Z 
Owned Catalog, cutover and authority PostgreSQL	Run reader, cutover and authority tests in independently owned clusters	2026-09-08T11:25:49.5221921Z ^[[90mstdout^[[2m | ops/self-hosted/storage/controlledRecovery.docker.integration.test.ts^[[2m > ^[[22m^[[2mcontrolled three-store Docker adapter^[[2m > ^[[22m^[[2m'wiseeff' bootstrap: 'package-only-restore' after source shutdown
Owned Catalog, cutover and authority PostgreSQL	Run reader, cutover and authority tests in independently owned clusters	2026-09-08T11:25:49.5224509Z ^[[22m^[[39m{"evidence":"owned-recovery-adapter","phase":"capture-extra-acl-refusal","state":"returned","elapsedMs":2787}
Owned Catalog, cutover and authority PostgreSQL	Run reader, cutover and authority tests in independently owned clusters	2026-09-08T11:25:49.5225360Z 
Owned Catalog, cutover and authority PostgreSQL	Run reader, cutover and authority tests in independently owned clusters	2026-09-08T11:25:49.5227398Z ^[[90mstdout^[[2m | ops/self-hosted/storage/controlledRecovery.docker.integration.test.ts^[[2m > ^[[22m^[[2mcontrolled three-store Docker adapter^[[2m > ^[[22m^[[2m'wiseeff' bootstrap: 'package-only-restore' after source shutdown
Owned Catalog, cutover and authority PostgreSQL	Run reader, cutover and authority tests in independently owned clusters	2026-09-08T11:25:49.5228788Z ^[[22m^[[39m{"evidence":"owned-recovery-adapter","phase":"capture-database-properties-refusal","state":"started"}
Owned Catalog, cutover and authority PostgreSQL	Run reader, cutover and authority tests in independently owned clusters	2026-09-08T11:25:49.5229230Z 
Owned Catalog, cutover and authority PostgreSQL	Run reader, cutover and authority tests in independently owned clusters	2026-09-08T11:25:49.5230574Z ^[[90mstdout^[[2m | ops/self-hosted/storage/controlledRecovery.docker.integration.test.ts^[[2m > ^[[22m^[[2mcontrolled three-store Docker adapter^[[2m > ^[[22m^[[2m'wiseeff' bootstrap: 'package-only-restore' after source shutdown
Owned Catalog, cutover and authority PostgreSQL	Run reader, cutover and authority tests in independently owned clusters	2026-09-08T11:25:49.5232264Z ^[[22m^[[39m{"evidence":"owned-recovery-adapter","phase":"capture-database-properties-refusal","state":"returned","elapsedMs":2945}
Owned Catalog, cutover and authority PostgreSQL	Run reader, cutover and authority tests in independently owned clusters	2026-09-08T11:25:49.5233018Z 
Owned Catalog, cutover and authority PostgreSQL	Run reader, cutover and authority tests in independently owned clusters	2026-09-08T11:25:49.5234094Z ^[[90mstdout^[[2m | ops/self-hosted/storage/controlledRecovery.docker.integration.test.ts^[[2m > ^[[22m^[[2mcontrolled three-store Docker adapter^[[2m > ^[[22m^[[2m'wiseeff' bootstrap: 'package-only-restore' after source shutdown
Owned Catalog, cutover and authority PostgreSQL	Run reader, cutover and authority tests in independently owned clusters	2026-09-08T11:25:49.5235319Z ^[[22m^[[39m{"evidence":"owned-recovery-adapter","phase":"capture-package","state":"started"}
Owned Catalog, cutover and authority PostgreSQL	Run reader, cutover and authority tests in independently owned clusters	2026-09-08T11:25:49.5235688Z 
Owned Catalog, cutover and authority PostgreSQL	Run reader, cutover and authority tests in independently owned clusters	2026-09-08T11:25:49.5236743Z ^[[90mstdout^[[2m | ops/self-hosted/storage/controlledRecovery.docker.integration.test.ts^[[2m > ^[[22m^[[2mcontrolled three-store Docker adapter^[[2m > ^[[22m^[[2m'wiseeff' bootstrap: 'package-only-restore' after source shutdown
Owned Catalog, cutover and authority PostgreSQL	Run reader, cutover and authority tests in independently owned clusters	2026-09-08T11:25:49.5238391Z ^[[22m^[[39m{"evidence":"owned-recovery-adapter","phase":"capture-package","state":"returned","elapsedMs":10768}
Owned Catalog, cutover and authority PostgreSQL	Run reader, cutover and authority tests in independently owned clusters	2026-09-08T11:25:49.5238994Z 
Owned Catalog, cutover and authority PostgreSQL	Run reader, cutover and authority tests in independently owned clusters	2026-09-08T11:25:49.5240325Z ^[[90mstdout^[[2m | ops/self-hosted/storage/controlledRecovery.docker.integration.test.ts^[[2m > ^[[22m^[[2mcontrolled three-store Docker adapter^[[2m > ^[[22m^[[2m'wiseeff' bootstrap: 'package-only-restore' after source shutdown
Owned Catalog, cutover and authority PostgreSQL	Run reader, cutover and authority tests in independently owned clusters	2026-09-08T11:25:49.5241727Z ^[[22m^[[39m{"evidence":"owned-recovery-adapter","phase":"setup-destination","state":"started"}
Owned Catalog, cutover and authority PostgreSQL	Run reader, cutover and authority tests in independently owned clusters	2026-09-08T11:25:49.5242165Z 
Owned Catalog, cutover and authority PostgreSQL	Run reader, cutover and authority tests in independently owned clusters	2026-09-08T11:25:49.5243429Z ^[[90mstdout^[[2m | ops/self-hosted/storage/controlledRecovery.docker.integration.test.ts^[[2m > ^[[22m^[[2mcontrolled three-store Docker adapter^[[2m > ^[[22m^[[2m'wiseeff' bootstrap: 'package-only-restore' after source shutdown
Owned Catalog, cutover and authority PostgreSQL	Run reader, cutover and authority tests in independently owned clusters	2026-09-08T11:25:49.5245233Z ^[[22m^[[39m{"evidence":"owned-recovery-adapter","phase":"setup-destination","state":"returned","elapsedMs":3783}
Owned Catalog, cutover and authority PostgreSQL	Run reader, cutover and authority tests in independently owned clusters	2026-09-08T11:25:49.5245677Z 
Owned Catalog, cutover and authority PostgreSQL	Run reader, cutover and authority tests in independently owned clusters	2026-09-08T11:25:49.5246745Z ^[[90mstdout^[[2m | ops/self-hosted/storage/controlledRecovery.docker.integration.test.ts^[[2m > ^[[22m^[[2mcontrolled three-store Docker adapter^[[2m > ^[[22m^[[2m'wiseeff' bootstrap: 'package-only-restore' after source shutdown
Owned Catalog, cutover and authority PostgreSQL	Run reader, cutover and authority tests in independently owned clusters	2026-09-08T11:25:49.5248204Z ^[[22m^[[39m{"evidence":"owned-recovery-adapter","phase":"authenticate-persist-approval","state":"started"}
Owned Catalog, cutover and authority PostgreSQL	Run reader, cutover and authority tests in independently owned clusters	2026-09-08T11:25:49.5248619Z 
Owned Catalog, cutover and authority PostgreSQL	Run reader, cutover and authority tests in independently owned clusters	2026-09-08T11:25:49.5249668Z ^[[90mstdout^[[2m | ops/self-hosted/storage/controlledRecovery.docker.integration.test.ts^[[2m > ^[[22m^[[2mcontrolled three-store Docker adapter^[[2m > ^[[22m^[[2m'wiseeff' bootstrap: 'package-only-restore' after source shutdown
Owned Catalog, cutover and authority PostgreSQL	Run reader, cutover and authority tests in independently owned clusters	2026-09-08T11:25:49.5251884Z ^[[22m^[[39m{"evidence":"owned-recovery-adapter","phase":"authenticate-persist-approval","state":"returned","elapsedMs":239}
Owned Catalog, cutover and authority PostgreSQL	Run reader, cutover and authority tests in independently owned clusters	2026-09-08T11:25:49.5252815Z 
Owned Catalog, cutover and authority PostgreSQL	Run reader, cutover and authority tests in independently owned clusters	2026-09-08T11:25:49.5254881Z ^[[90mstdout^[[2m | ops/self-hosted/storage/controlledRecovery.docker.integration.test.ts^[[2m > ^[[22m^[[2mcontrolled three-store Docker adapter^[[2m > ^[[22m^[[2m'wiseeff' bootstrap: 'package-only-restore' after source shutdown
Owned Catalog, cutover and authority PostgreSQL	Run reader, cutover and authority tests in independently owned clusters	2026-09-08T11:25:49.5257290Z ^[[22m^[[39m{"evidence":"owned-recovery-adapter","phase":"restore-package-child","state":"started"}
Owned Catalog, cutover and authority PostgreSQL	Run reader, cutover and authority tests in independently owned clusters	2026-09-08T11:25:49.5258090Z 
Owned Catalog, cutover and authority PostgreSQL	Run reader, cutover and authority tests in independently owned clusters	2026-09-08T11:25:49.5260077Z ^[[90mstdout^[[2m | ops/self-hosted/storage/controlledRecovery.docker.integration.test.ts^[[2m > ^[[22m^[[2mcontrolled three-store Docker adapter^[[2m > ^[[22m^[[2m'wiseeff' bootstrap: 'package-only-restore' after source shutdown
Owned Catalog, cutover and authority PostgreSQL	Run reader, cutover and authority tests in independently owned clusters	2026-09-08T11:25:49.5262633Z ^[[22m^[[39m{"evidence":"owned-recovery-adapter","phase":"restore-package-child","state":"returned","elapsedMs":7769}
Owned Catalog, cutover and authority PostgreSQL	Run reader, cutover and authority tests in independently owned clusters	2026-09-08T11:25:49.5263434Z 
Owned Catalog, cutover and authority PostgreSQL	Run reader, cutover and authority tests in independently owned clusters	2026-09-08T11:25:49.5265388Z ^[[90mstdout^[[2m | ops/self-hosted/storage/controlledRecovery.docker.integration.test.ts^[[2m > ^[[22m^[[2mcontrolled three-store Docker adapter^[[2m > ^[[22m^[[2m'wiseeff' bootstrap: 'package-only-restore' after source shutdown
Owned Catalog, cutover and authority PostgreSQL	Run reader, cutover and authority tests in independently owned clusters	2026-09-08T11:25:49.5267986Z ^[[22m^[[39m{"evidence":"private-synthetic-package-retained","locator":"controlled-recovery-live-u3mPBb/retained-evidence.json"}
Owned Catalog, cutover and authority PostgreSQL	Run reader, cutover and authority tests in independently owned clusters	2026-09-08T11:25:49.5269114Z 
Owned Catalog, cutover and authority PostgreSQL	Run reader, cutover and authority tests in independently owned clusters	2026-09-08T11:25:49.5271335Z ^[[90mstdout^[[2m | ops/self-hosted/storage/controlledRecovery.docker.integration.test.ts^[[2m > ^[[22m^[[2mcontrolled three-store Docker adapter^[[2m > ^[[22m^[[2m'wiseeff' bootstrap: 'nonempty-target-refusals' after source shutdown
Owned Catalog, cutover and authority PostgreSQL	Run reader, cutover and authority tests in independently owned clusters	2026-09-08T11:25:49.5273551Z ^[[22m^[[39m{"evidence":"owned-recovery-adapter","phase":"setup-source","state":"started"}
Owned Catalog, cutover and authority PostgreSQL	Run reader, cutover and authority tests in independently owned clusters	2026-09-08T11:25:49.5274164Z 
Owned Catalog, cutover and authority PostgreSQL	Run reader, cutover and authority tests in independently owned clusters	2026-09-08T11:25:49.5276200Z ^[[90mstdout^[[2m | ops/self-hosted/storage/controlledRecovery.docker.integration.test.ts^[[2m > ^[[22m^[[2mcontrolled three-store Docker adapter^[[2m > ^[[22m^[[2m'wiseeff' bootstrap: 'nonempty-target-refusals' after source shutdown
Owned Catalog, cutover and authority PostgreSQL	Run reader, cutover and authority tests in independently owned clusters	2026-09-08T11:25:49.5278580Z ^[[22m^[[39m{"evidence":"owned-recovery-adapter","phase":"setup-source","state":"returned","elapsedMs":3842}
Owned Catalog, cutover and authority PostgreSQL	Run reader, cutover and authority tests in independently owned clusters	2026-09-08T11:25:49.5279306Z 
Owned Catalog, cutover and authority PostgreSQL	Run reader, cutover and authority tests in independently owned clusters	2026-09-08T11:25:49.5281308Z ^[[90mstdout^[[2m | ops/self-hosted/storage/controlledRecovery.docker.integration.test.ts^[[2m > ^[[22m^[[2mcontrolled three-store Docker adapter^[[2m > ^[[22m^[[2m'wiseeff' bootstrap: 'nonempty-target-refusals' after source shutdown
Owned Catalog, cutover and authority PostgreSQL	Run reader, cutover and authority tests in independently owned clusters	2026-09-08T11:25:49.5282722Z ^[[22m^[[39m{"evidence":"owned-recovery-adapter","phase":"capture-active-writer-refusal","state":"started"}
Owned Catalog, cutover and authority PostgreSQL	Run reader, cutover and authority tests in independently owned clusters	2026-09-08T11:25:49.5283176Z 
Owned Catalog, cutover and authority PostgreSQL	Run reader, cutover and authority tests in independently owned clusters	2026-09-08T11:25:49.5284607Z ^[[90mstdout^[[2m | ops/self-hosted/storage/controlledRecovery.docker.integration.test.ts^[[2m > ^[[22m^[[2mcontrolled three-store Docker adapter^[[2m > ^[[22m^[[2m'wiseeff' bootstrap: 'nonempty-target-refusals' after source shutdown
Owned Catalog, cutover and authority PostgreSQL	Run reader, cutover and authority tests in independently owned clusters	2026-09-08T11:25:49.5286673Z ^[[22m^[[39m{"evidence":"owned-recovery-adapter","phase":"capture-active-writer-refusal","state":"returned","elapsedMs":327}
Owned Catalog, cutover and authority PostgreSQL	Run reader, cutover and authority tests in independently owned clusters	2026-09-08T11:25:49.5287195Z 
Owned Catalog, cutover and authority PostgreSQL	Run reader, cutover and authority tests in independently owned clusters	2026-09-08T11:25:49.5288318Z ^[[90mstdout^[[2m | ops/self-hosted/storage/controlledRecovery.docker.integration.test.ts^[[2m > ^[[22m^[[2mcontrolled three-store Docker adapter^[[2m > ^[[22m^[[2m'wiseeff' bootstrap: 'nonempty-target-refusals' after source shutdown
Owned Catalog, cutover and authority PostgreSQL	Run reader, cutover and authority tests in independently owned clusters	2026-09-08T11:25:49.5289605Z ^[[22m^[[39m{"evidence":"owned-recovery-adapter","phase":"capture-extra-acl-refusal","state":"started"}
Owned Catalog, cutover and authority PostgreSQL	Run reader, cutover and authority tests in independently owned clusters	2026-09-08T11:25:49.5290701Z 
Owned Catalog, cutover and authority PostgreSQL	Run reader, cutover and authority tests in independently owned clusters	2026-09-08T11:25:49.5293060Z ^[[90mstdout^[[2m | ops/self-hosted/storage/controlledRecovery.docker.integration.test.ts^[[2m > ^[[22m^[[2mcontrolled three-store Docker adapter^[[2m > ^[[22m^[[2m'wiseeff' bootstrap: 'nonempty-target-refusals' after source shutdown
Owned Catalog, cutover and authority PostgreSQL	Run reader, cutover and authority tests in independently owned clusters	2026-09-08T11:25:49.5295471Z ^[[22m^[[39m{"evidence":"owned-recovery-adapter","phase":"capture-extra-acl-refusal","state":"returned","elapsedMs":2842}
Owned Catalog, cutover and authority PostgreSQL	Run reader, cutover and authority tests in independently owned clusters	2026-09-08T11:25:49.5296267Z 
Owned Catalog, cutover and authority PostgreSQL	Run reader, cutover and authority tests in independently owned clusters	2026-09-08T11:25:49.5298437Z ^[[90mstdout^[[2m | ops/self-hosted/storage/controlledRecovery.docker.integration.test.ts^[[2m > ^[[22m^[[2mcontrolled three-store Docker adapter^[[2m > ^[[22m^[[2m'wiseeff' bootstrap: 'nonempty-target-refusals' after source shutdown
Owned Catalog, cutover and authority PostgreSQL	Run reader, cutover and authority tests in independently owned clusters	2026-09-08T11:25:49.5301214Z ^[[22m^[[39m{"evidence":"owned-recovery-adapter","phase":"capture-database-properties-refusal","state":"started"}
Owned Catalog, cutover and authority PostgreSQL	Run reader, cutover and authority tests in independently owned clusters	2026-09-08T11:25:49.5302059Z 
Owned Catalog, cutover and authority PostgreSQL	Run reader, cutover and authority tests in independently owned clusters	2026-09-08T11:25:49.5304104Z ^[[90mstdout^[[2m | ops/self-hosted/storage/controlledRecovery.docker.integration.test.ts^[[2m > ^[[22m^[[2mcontrolled three-store Docker adapter^[[2m > ^[[22m^[[2m'wiseeff' bootstrap: 'nonempty-target-refusals' after source shutdown
Owned Catalog, cutover and authority PostgreSQL	Run reader, cutover and authority tests in independently owned clusters	2026-09-08T11:25:49.5306839Z ^[[22m^[[39m{"evidence":"owned-recovery-adapter","phase":"capture-database-properties-refusal","state":"returned","elapsedMs":3026}
Owned Catalog, cutover and authority PostgreSQL	Run reader, cutover and authority tests in independently owned clusters	2026-09-08T11:25:49.5307811Z 
Owned Catalog, cutover and authority PostgreSQL	Run reader, cutover and authority tests in independently owned clusters	2026-09-08T11:25:49.5309557Z ^[[90mstdout^[[2m | ops/self-hosted/storage/controlledRecovery.docker.integration.test.ts^[[2m > ^[[22m^[[2mcontrolled three-store Docker adapter^[[2m > ^[[22m^[[2m'wiseeff' bootstrap: 'nonempty-target-refusals' after source shutdown
Owned Catalog, cutover and authority PostgreSQL	Run reader, cutover and authority tests in independently owned clusters	2026-09-08T11:25:49.5311858Z ^[[22m^[[39m{"evidence":"owned-recovery-adapter","phase":"capture-package","state":"started"}
Owned Catalog, cutover and authority PostgreSQL	Run reader, cutover and authority tests in independently owned clusters	2026-09-08T11:25:49.5312551Z 
Owned Catalog, cutover and authority PostgreSQL	Run reader, cutover and authority tests in independently owned clusters	2026-09-08T11:25:49.5314680Z ^[[90mstdout^[[2m | ops/self-hosted/storage/controlledRecovery.docker.integration.test.ts^[[2m > ^[[22m^[[2mcontrolled three-store Docker adapter^[[2m > ^[[22m^[[2m'wiseeff' bootstrap: 'nonempty-target-refusals' after source shutdown
Owned Catalog, cutover and authority PostgreSQL	Run reader, cutover and authority tests in independently owned clusters	2026-09-08T11:25:49.5317522Z ^[[22m^[[39m{"evidence":"owned-recovery-adapter","phase":"capture-package","state":"returned","elapsedMs":10927}
Owned Catalog, cutover and authority PostgreSQL	Run reader, cutover and authority tests in independently owned clusters	2026-09-08T11:25:49.5318298Z 
Owned Catalog, cutover and authority PostgreSQL	Run reader, cutover and authority tests in independently owned clusters	2026-09-08T11:25:49.5320575Z ^[[90mstdout^[[2m | ops/self-hosted/storage/controlledRecovery.docker.integration.test.ts^[[2m > ^[[22m^[[2mcontrolled three-store Docker adapter^[[2m > ^[[22m^[[2m'wiseeff' bootstrap: 'nonempty-target-refusals' after source shutdown
Owned Catalog, cutover and authority PostgreSQL	Run reader, cutover and authority tests in independently owned clusters	2026-09-08T11:25:49.5322966Z ^[[22m^[[39m{"evidence":"owned-recovery-adapter","phase":"setup-destination","state":"started"}
Owned Catalog, cutover and authority PostgreSQL	Run reader, cutover and authority tests in independently owned clusters	2026-09-08T11:25:49.5323654Z 
Owned Catalog, cutover and authority PostgreSQL	Run reader, cutover and authority tests in independently owned clusters	2026-09-08T11:25:49.5325698Z ^[[90mstdout^[[2m | ops/self-hosted/storage/controlledRecovery.docker.integration.test.ts^[[2m > ^[[22m^[[2mcontrolled three-store Docker adapter^[[2m > ^[[22m^[[2m'wiseeff' bootstrap: 'nonempty-target-refusals' after source shutdown
Owned Catalog, cutover and authority PostgreSQL	Run reader, cutover and authority tests in independently owned clusters	2026-09-08T11:25:49.5328196Z ^[[22m^[[39m{"evidence":"owned-recovery-adapter","phase":"setup-destination","state":"returned","elapsedMs":3837}
Owned Catalog, cutover and authority PostgreSQL	Run reader, cutover and authority tests in independently owned clusters	2026-09-08T11:25:49.5329015Z 
Owned Catalog, cutover and authority PostgreSQL	Run reader, cutover and authority tests in independently owned clusters	2026-09-08T11:25:49.5331309Z ^[[90mstdout^[[2m | ops/self-hosted/storage/controlledRecovery.docker.integration.test.ts^[[2m > ^[[22m^[[2mcontrolled three-store Docker adapter^[[2m > ^[[22m^[[2m'wiseeff' bootstrap: 'nonempty-target-refusals' after source shutdown
Owned Catalog, cutover and authority PostgreSQL	Run reader, cutover and authority tests in independently owned clusters	2026-09-08T11:25:49.5333849Z ^[[22m^[[39m{"evidence":"owned-recovery-adapter","phase":"authenticate-persist-approval","state":"started"}
Owned Catalog, cutover and authority PostgreSQL	Run reader, cutover and authority tests in independently owned clusters	2026-09-08T11:25:49.5334616Z 
Owned Catalog, cutover and authority PostgreSQL	Run reader, cutover and authority tests in independently owned clusters	2026-09-08T11:25:49.5336631Z ^[[90mstdout^[[2m | ops/self-hosted/storage/controlledRecovery.docker.integration.test.ts^[[2m > ^[[22m^[[2mcontrolled three-store Docker adapter^[[2m > ^[[22m^[[2m'wiseeff' bootstrap: 'nonempty-target-refusals' after source shutdown
Owned Catalog, cutover and authority PostgreSQL	Run reader, cutover and authority tests in independently owned clusters	2026-09-08T11:25:49.5339256Z ^[[22m^[[39m{"evidence":"owned-recovery-adapter","phase":"authenticate-persist-approval","state":"returned","elapsedMs":228}
Owned Catalog, cutover and authority PostgreSQL	Run reader, cutover and authority tests in independently owned clusters	2026-09-08T11:25:49.5340370Z 
Owned Catalog, cutover and authority PostgreSQL	Run reader, cutover and authority tests in independently owned clusters	2026-09-08T11:25:49.5341536Z ^[[90mstdout^[[2m | ops/self-hosted/storage/controlledRecovery.docker.integration.test.ts^[[2m > ^[[22m^[[2mcontrolled three-store Docker adapter^[[2m > ^[[22m^[[2m'wiseeff' bootstrap: 'nonempty-target-refusals' after source shutdown
Owned Catalog, cutover and authority PostgreSQL	Run reader, cutover and authority tests in independently owned clusters	2026-09-08T11:25:49.5344470Z ^[[22m^[[39m{"evidence":"owned-recovery-adapter","phase":"restore-nonempty-function-refusal","state":"started"}
Owned Catalog, cutover and authority PostgreSQL	Run reader, cutover and authority tests in independently owned clusters	2026-09-08T11:25:49.5345267Z 
Owned Catalog, cutover and authority PostgreSQL	Run reader, cutover and authority tests in independently owned clusters	2026-09-08T11:25:49.5347305Z ^[[90mstdout^[[2m | ops/self-hosted/storage/controlledRecovery.docker.integration.test.ts^[[2m > ^[[22m^[[2mcontrolled three-store Docker adapter^[[2m > ^[[22m^[[2m'wiseeff' bootstrap: 'nonempty-target-refusals' after source shutdown
Owned Catalog, cutover and authority PostgreSQL	Run reader, cutover and authority tests in independently owned clusters	2026-09-08T11:25:49.5350253Z ^[[22m^[[39m{"evidence":"owned-recovery-adapter","phase":"restore-nonempty-function-refusal","state":"returned","elapsedMs":2055}
Owned Catalog, cutover and authority PostgreSQL	Run reader, cutover and authority tests in independently owned clusters	2026-09-08T11:25:49.5351186Z 
Owned Catalog, cutover and authority PostgreSQL	Run reader, cutover and authority tests in independently owned clusters	2026-09-08T11:25:49.5353243Z ^[[90mstdout^[[2m | ops/self-hosted/storage/controlledRecovery.docker.integration.test.ts^[[2m > ^[[22m^[[2mcontrolled three-store Docker adapter^[[2m > ^[[22m^[[2m'wiseeff' bootstrap: 'nonempty-target-refusals' after source shutdown
Owned Catalog, cutover and authority PostgreSQL	Run reader, cutover and authority tests in independently owned clusters	2026-09-08T11:25:49.5355690Z ^[[22m^[[39m{"evidence":"owned-recovery-adapter","phase":"restore-nonempty-view-refusal","state":"started"}
Owned Catalog, cutover and authority PostgreSQL	Run reader, cutover and authority tests in independently owned clusters	2026-09-08T11:25:49.5356493Z 
Owned Catalog, cutover and authority PostgreSQL	Run reader, cutover and authority tests in independently owned clusters	2026-09-08T11:25:49.5358566Z ^[[90mstdout^[[2m | ops/self-hosted/storage/controlledRecovery.docker.integration.test.ts^[[2m > ^[[22m^[[2mcontrolled three-store Docker adapter^[[2m > ^[[22m^[[2m'wiseeff' bootstrap: 'nonempty-target-refusals' after source shutdown
Owned Catalog, cutover and authority PostgreSQL	Run reader, cutover and authority tests in independently owned clusters	2026-09-08T11:25:49.5361587Z ^[[22m^[[39m{"evidence":"owned-recovery-adapter","phase":"restore-nonempty-view-refusal","state":"returned","elapsedMs":2164}
Owned Catalog, cutover and authority PostgreSQL	Run reader, cutover and authority tests in independently owned clusters	2026-09-08T11:25:49.5362503Z 
Owned Catalog, cutover and authority PostgreSQL	Run reader, cutover and authority tests in independently owned clusters	2026-09-08T11:25:49.5364548Z ^[[90mstdout^[[2m | ops/self-hosted/storage/controlledRecovery.docker.integration.test.ts^[[2m > ^[[22m^[[2mcontrolled three-store Docker adapter^[[2m > ^[[22m^[[2m'wiseeff' bootstrap: 'nonempty-target-refusals' after source shutdown
Owned Catalog, cutover and authority PostgreSQL	Run reader, cutover and authority tests in independently owned clusters	2026-09-08T11:25:49.5367123Z ^[[22m^[[39m{"evidence":"owned-recovery-adapter","phase":"restore-nonempty-sequence-refusal","state":"started"}
Owned Catalog, cutover and authority PostgreSQL	Run reader, cutover and authority tests in independently owned clusters	2026-09-08T11:25:49.5367920Z 
Owned Catalog, cutover and authority PostgreSQL	Run reader, cutover and authority tests in independently owned clusters	2026-09-08T11:25:49.5370226Z ^[[90mstdout^[[2m | ops/self-hosted/storage/controlledRecovery.docker.integration.test.ts^[[2m > ^[[22m^[[2mcontrolled three-store Docker adapter^[[2m > ^[[22m^[[2m'wiseeff' bootstrap: 'nonempty-target-refusals' after source shutdown
Owned Catalog, cutover and authority PostgreSQL	Run reader, cutover and authority tests in independently owned clusters	2026-09-08T11:25:49.5373272Z ^[[22m^[[39m{"evidence":"owned-recovery-adapter","phase":"restore-nonempty-sequence-refusal","state":"returned","elapsedMs":2132}
Owned Catalog, cutover and authority PostgreSQL	Run reader, cutover and authority tests in independently owned clusters	2026-09-08T11:25:49.5374173Z 
Owned Catalog, cutover and authority PostgreSQL	Run reader, cutover and authority tests in independently owned clusters	2026-09-08T11:25:49.5376231Z ^[[90mstdout^[[2m | ops/self-hosted/storage/controlledRecovery.docker.integration.test.ts^[[2m > ^[[22m^[[2mcontrolled three-store Docker adapter^[[2m > ^[[22m^[[2m'wiseeff' bootstrap: 'nonempty-target-refusals' after source shutdown
Owned Catalog, cutover and authority PostgreSQL	Run reader, cutover and authority tests in independently owned clusters	2026-09-08T11:25:49.5378625Z ^[[22m^[[39m{"evidence":"owned-recovery-adapter","phase":"restore-nonempty-type-refusal","state":"started"}
Owned Catalog, cutover and authority PostgreSQL	Run reader, cutover and authority tests in independently owned clusters	2026-09-08T11:25:49.5379382Z 
Owned Catalog, cutover and authority PostgreSQL	Run reader, cutover and authority tests in independently owned clusters	2026-09-08T11:25:49.5381743Z ^[[90mstdout^[[2m | ops/self-hosted/storage/controlledRecovery.docker.integration.test.ts^[[2m > ^[[22m^[[2mcontrolled three-store Docker adapter^[[2m > ^[[22m^[[2m'wiseeff' bootstrap: 'nonempty-target-refusals' after source shutdown
Owned Catalog, cutover and authority PostgreSQL	Run reader, cutover and authority tests in independently owned clusters	2026-09-08T11:25:49.5384493Z ^[[22m^[[39m{"evidence":"owned-recovery-adapter","phase":"restore-nonempty-type-refusal","state":"returned","elapsedMs":2101}
Owned Catalog, cutover and authority PostgreSQL	Run reader, cutover and authority tests in independently owned clusters	2026-09-08T11:25:49.5385392Z 
Owned Catalog, cutover and authority PostgreSQL	Run reader, cutover and authority tests in independently owned clusters	2026-09-08T11:25:49.5387461Z ^[[90mstdout^[[2m | ops/self-hosted/storage/controlledRecovery.docker.integration.test.ts^[[2m > ^[[22m^[[2mcontrolled three-store Docker adapter^[[2m > ^[[22m^[[2m'wiseeff' bootstrap: 'nonempty-target-refusals' after source shutdown
Owned Catalog, cutover and authority PostgreSQL	Run reader, cutover and authority tests in independently owned clusters	2026-09-08T11:25:49.5390219Z ^[[22m^[[39m{"evidence":"owned-recovery-adapter","phase":"restore-nonempty-extension-refusal","state":"started"}
Owned Catalog, cutover and authority PostgreSQL	Run reader, cutover and authority tests in independently owned clusters	2026-09-08T11:25:49.5391073Z 
Owned Catalog, cutover and authority PostgreSQL	Run reader, cutover and authority tests in independently owned clusters	2026-09-08T11:25:49.5393120Z ^[[90mstdout^[[2m | ops/self-hosted/storage/controlledRecovery.docker.integration.test.ts^[[2m > ^[[22m^[[2mcontrolled three-store Docker adapter^[[2m > ^[[22m^[[2m'wiseeff' bootstrap: 'nonempty-target-refusals' after source shutdown
Owned Catalog, cutover and authority PostgreSQL	Run reader, cutover and authority tests in independently owned clusters	2026-09-08T11:25:49.5395750Z ^[[22m^[[39m{"evidence":"owned-recovery-adapter","phase":"restore-nonempty-extension-refusal","state":"returned","elapsedMs":2084}
Owned Catalog, cutover and authority PostgreSQL	Run reader, cutover and authority tests in independently owned clusters	2026-09-08T11:25:49.5396657Z 
Owned Catalog, cutover and authority PostgreSQL	Run reader, cutover and authority tests in independently owned clusters	2026-09-08T11:25:49.5398627Z ^[[90mstdout^[[2m | ops/self-hosted/storage/controlledRecovery.docker.integration.test.ts^[[2m > ^[[22m^[[2mcontrolled three-store Docker adapter^[[2m > ^[[22m^[[2m'wiseeff' bootstrap: 'nonempty-target-refusals' after source shutdown
Owned Catalog, cutover and authority PostgreSQL	Run reader, cutover and authority tests in independently owned clusters	2026-09-08T11:25:49.5401508Z ^[[22m^[[39m{"evidence":"owned-recovery-adapter","phase":"restore-nonempty-event-trigger-refusal","state":"started"}
Owned Catalog, cutover and authority PostgreSQL	Run reader, cutover and authority tests in independently owned clusters	2026-09-08T11:25:49.5402315Z 
Owned Catalog, cutover and authority PostgreSQL	Run reader, cutover and authority tests in independently owned clusters	2026-09-08T11:25:49.5404305Z ^[[90mstdout^[[2m | ops/self-hosted/storage/controlledRecovery.docker.integration.test.ts^[[2m > ^[[22m^[[2mcontrolled three-store Docker adapter^[[2m > ^[[22m^[[2m'wiseeff' bootstrap: 'nonempty-target-refusals' after source shutdown
Owned Catalog, cutover and authority PostgreSQL	Run reader, cutover and authority tests in independently owned clusters	2026-09-08T11:25:49.5406930Z ^[[22m^[[39m{"evidence":"owned-recovery-adapter","phase":"restore-nonempty-event-trigger-refusal","state":"returned","elapsedMs":2019}
Owned Catalog, cutover and authority PostgreSQL	Run reader, cutover and authority tests in independently owned clusters	2026-09-08T11:25:49.5407864Z 
Owned Catalog, cutover and authority PostgreSQL	Run reader, cutover and authority tests in independently owned clusters	2026-09-08T11:25:49.5409880Z ^[[90mstdout^[[2m | ops/self-hosted/storage/controlledRecovery.docker.integration.test.ts^[[2m > ^[[22m^[[2mcontrolled three-store Docker adapter^[[2m > ^[[22m^[[2m'wiseeff' bootstrap: 'nonempty-target-refusals' after source shutdown
Owned Catalog, cutover and authority PostgreSQL	Run reader, cutover and authority tests in independently owned clusters	2026-09-08T11:25:49.5412434Z ^[[22m^[[39m{"evidence":"private-synthetic-package-retained","locator":"controlled-recovery-live-0qexHs/retained-evidence.json"}
Owned Catalog, cutover and authority PostgreSQL	Run reader, cutover and authority tests in independently owned clusters	2026-09-08T11:25:49.5413378Z 
Owned Catalog, cutover and authority PostgreSQL	Run reader, cutover and authority tests in independently owned clusters	2026-09-08T11:25:49.5414270Z  ^[[32m✓^[[39m ops/self-hosted/storage/controlledRecovery.docker.integration.test.ts ^[[2m(^[[22m^[[2m4 tests^[[22m^[[2m)^[[22m^[[33m 187176^[[2mms^[[22m^[[39m
Owned Catalog, cutover and authority PostgreSQL	Run reader, cutover and authority tests in independently owned clusters	2026-09-08T11:25:49.5415439Z      ^[[33m^[[2m✓^[[22m^[[39m 'postgres' bootstrap: 'package-only-restore' after source shutdown ^[[33m 44051^[[2mms^[[22m^[[39m
Owned Catalog, cutover and authority PostgreSQL	Run reader, cutover and authority tests in independently owned clusters	2026-09-08T11:25:49.5416414Z      ^[[33m^[[2m✓^[[22m^[[39m 'postgres' bootstrap: 'nonempty-target-refusals' after source shutdown ^[[33m 46092^[[2mms^[[22m^[[39m
Owned Catalog, cutover and authority PostgreSQL	Run reader, cutover and authority tests in independently owned clusters	2026-09-08T11:25:49.5417586Z      ^[[33m^[[2m✓^[[22m^[[39m 'wiseeff' bootstrap: 'package-only-restore' after source shutdown ^[[33m 45290^[[2mms^[[22m^[[39m
Owned Catalog, cutover and authority PostgreSQL	Run reader, cutover and authority tests in independently owned clusters	2026-09-08T11:25:49.5419267Z      ^[[33m^[[2m✓^[[22m^[[39m 'wiseeff' bootstrap: 'nonempty-target-refusals' after source shutdown ^[[33m 51740^[[2mms^[[22m^[[39m
Owned Catalog, cutover and authority PostgreSQL	Run reader, cutover and authority tests in independently owned clusters	2026-09-08T11:25:49.5420693Z 
Owned Catalog, cutover and authority PostgreSQL	Run reader, cutover and authority tests in independently owned clusters	2026-09-08T11:25:49.5421260Z ^[[2m Test Files ^[[22m ^[[1m^[[32m1 passed^[[39m^[[22m^[[90m (1)^[[39m
Owned Catalog, cutover and authority PostgreSQL	Run reader, cutover and authority tests in independently owned clusters	2026-09-08T11:25:49.5422354Z ^[[2m      Tests ^[[22m ^[[1m^[[32m4 passed^[[39m^[[22m^[[90m (4)^[[39m
Owned Catalog, cutover and authority PostgreSQL	Run reader, cutover and authority tests in independently owned clusters	2026-09-08T11:25:49.5423082Z ^[[2m   Start at ^[[22m 11:22:41
Owned Catalog, cutover and authority PostgreSQL	Run reader, cutover and authority tests in independently owned clusters	2026-09-08T11:25:49.5424124Z ^[[2m   Duration ^[[22m 188.03s^[[2m (transform 463ms, setup 0ms, import 731ms, tests 187.18s, environment 0ms)^[[22m
Owned Catalog, cutover and authority PostgreSQL	Run reader, cutover and authority tests in independently owned clusters	2026-09-08T11:25:49.5424620Z 
Owned Catalog, cutover and authority PostgreSQL	Run reader, cutover and authority tests in independently owned clusters	2026-09-08T11:25:50.1016552Z {"scope":"isolated-components-only","suite":"controlled-recovery","imageReference":"postgres:16-alpine","imageId":"sha256:75f5a96988cdf694a215073c3e9c001b706b371e2f94df3967f2efdec2787f6b","platform":"linux/amd64","containerId":"c6ed5a631fc8acecbc81f2a449bb7143faa95625d183f330211323b2cd3088ac","networkId":"6d0a0043e2bcd790e817e3af05573bb8bc94040ea6b56188ef9425c08eb8a669","exitCode":0,"runnerResourcesCleanupVerified":true,"cleanupVerified":true,"nestedCleanupOutcome":"verified-by-complete-suite","privateEvidenceRetained":true,"releaseApproved":false}
Owned Catalog, cutover and authority PostgreSQL	Run reader, cutover and authority tests in independently owned clusters	2026-09-08T11:26:03.6699599Z {"evidence":"owned-service-profile","profile":"selfhost-postgres16-alpine-v1","imageId":"sha256:75f5a96988cdf694a215073c3e9c001b706b371e2f94df3967f2efdec2787f6b","databaseProperties":{"encoding":6,"datcollate":"en_US.utf8","datctype":"en_US.utf8","datlocprovider":"c","daticulocale":null,"daticurules":null,"datcollversion":null,"datconnlimit":-1,"datallowconn":true,"datistemplate":false}}
Owned Catalog, cutover and authority PostgreSQL	Run reader, cutover and authority tests in independently owned clusters	2026-09-08T11:27:12.2811667Z 
Owned Catalog, cutover and authority PostgreSQL	Run reader, cutover and authority tests in independently owned clusters	2026-09-08T11:27:12.2812993Z ^[[1m^[[30m^[[46m RUN ^[[49m^[[39m^[[22m ^[[36mv4.1.5 ^[[39m^[[90m/home/runner/work/WiseEff/WiseEff^[[39m
Owned Catalog, cutover and authority PostgreSQL	Run reader, cutover and authority tests in independently owned clusters	2026-09-08T11:27:12.2813406Z 
Owned Catalog, cutover and authority PostgreSQL	Run reader, cutover and authority tests in independently owned clusters	2026-09-08T11:27:12.2814113Z  ^[[32m✓^[[39m ops/self-hosted/scripts/parameter-catalog-upgrade/handoff.test.ts ^[[2m(^[[22m^[[2m9 tests^[[22m^[[2m)^[[22m^[[33m 67632^[[2mms^[[22m^[[39m
Owned Catalog, cutover and authority PostgreSQL	Run reader, cutover and authority tests in independently owned clusters	2026-09-08T11:27:12.2815385Z      ^[[33m^[[2m✓^[[22m^[[39m binds old checkout and actual Compose stores, dispatches inspect, and refuses wrong targets or changed plans ^[[33m 67195^[[2mms^[[22m^[[39m
Owned Catalog, cutover and authority PostgreSQL	Run reader, cutover and authority tests in independently owned clusters	2026-09-08T11:27:12.2816016Z 
Owned Catalog, cutover and authority PostgreSQL	Run reader, cutover and authority tests in independently owned clusters	2026-09-08T11:27:12.2816758Z ^[[2m Test Files ^[[22m ^[[1m^[[32m1 passed^[[39m^[[22m^[[90m (1)^[[39m
Owned Catalog, cutover and authority PostgreSQL	Run reader, cutover and authority tests in independently owned clusters	2026-09-08T11:27:12.2817290Z ^[[2m      Tests ^[[22m ^[[1m^[[32m9 passed^[[39m^[[22m^[[90m (9)^[[39m
Owned Catalog, cutover and authority PostgreSQL	Run reader, cutover and authority tests in independently owned clusters	2026-09-08T11:27:12.2817709Z ^[[2m   Start at ^[[22m 11:26:04
Owned Catalog, cutover and authority PostgreSQL	Run reader, cutover and authority tests in independently owned clusters	2026-09-08T11:27:12.2818390Z ^[[2m   Duration ^[[22m 68.07s^[[2m (transform 272ms, setup 0ms, import 320ms, tests 67.63s, environment 0ms)^[[22m
Owned Catalog, cutover and authority PostgreSQL	Run reader, cutover and authority tests in independently owned clusters	2026-09-08T11:27:12.2818902Z 
Owned Catalog, cutover and authority PostgreSQL	Run reader, cutover and authority tests in independently owned clusters	2026-09-08T11:27:12.8979043Z {"scope":"isolated-components-only","suite":"handoff-three-store","imageReference":"postgres:16-alpine","imageId":"sha256:75f5a96988cdf694a215073c3e9c001b706b371e2f94df3967f2efdec2787f6b","platform":"linux/amd64","containerId":"426c191909f08f52a31b30cfb5be2e18fdbfdd9f48e767adf8ad84dee7176049","networkId":"b73b24bcdb28387d92691431b375107824b87a77be4b43e5fd6c5e3eaabaeb04","exitCode":0,"runnerResourcesCleanupVerified":true,"cleanupVerified":true,"nestedCleanupOutcome":"verified-by-complete-suite","privateEvidenceRetained":false,"releaseApproved":false}
Owned Catalog, cutover and authority PostgreSQL	Post Set up Node.js	﻿2026-09-08T11:27:12.9293509Z Node 20 is being deprecated. This workflow is running with Node 24 by default. If you need to temporarily use Node 20, you can set the ACTIONS_ALLOW_USE_UNSECURE_NODE_VERSION=true environment variable. For more information see: https://github.blog/changelog/2025-09-19-deprecation-of-node-20-on-github-actions-runners/
Owned Catalog, cutover and authority PostgreSQL	Post Set up Node.js	2026-09-08T11:27:12.9294815Z Post job cleanup.
Owned Catalog, cutover and authority PostgreSQL	Post Set up Node.js	2026-09-08T11:27:13.0697783Z (node:389628) [DEP0040] DeprecationWarning: The `punycode` module is deprecated. Please use a userland alternative instead.
Owned Catalog, cutover and authority PostgreSQL	Post Set up Node.js	2026-09-08T11:27:13.0700085Z (Use `node --trace-deprecation ...` to show where the warning was created)
Owned Catalog, cutover and authority PostgreSQL	Post Set up Node.js	2026-09-08T11:27:13.0705262Z Cache hit occurred on the primary key node-cache-Linux-x64-npm-c3cc38b441dd1d644370ff722307f1f9f6940d55103e48c587f2408f2d652f89, not saving cache.
Owned Catalog, cutover and authority PostgreSQL	Post Check out exact CI candidate	﻿2026-09-08T11:27:13.0907492Z Node 20 is being deprecated. This workflow is running with Node 24 by default. If you need to temporarily use Node 20, you can set the ACTIONS_ALLOW_USE_UNSECURE_NODE_VERSION=true environment variable. For more information see: https://github.blog/changelog/2025-09-19-deprecation-of-node-20-on-github-actions-runners/
Owned Catalog, cutover and authority PostgreSQL	Post Check out exact CI candidate	2026-09-08T11:27:13.0908974Z Post job cleanup.
Owned Catalog, cutover and authority PostgreSQL	Post Check out exact CI candidate	2026-09-08T11:27:13.1793128Z [command]/usr/bin/git version
Owned Catalog, cutover and authority PostgreSQL	Post Check out exact CI candidate	2026-09-08T11:27:13.1834232Z git version 2.55.0
Owned Catalog, cutover and authority PostgreSQL	Post Check out exact CI candidate	2026-09-08T11:27:13.1875136Z Temporarily overriding HOME='/home/runner/work/_temp/c98aa3ab-db6a-4c8c-8b72-c36483406822' before making global git config changes
Owned Catalog, cutover and authority PostgreSQL	Post Check out exact CI candidate	2026-09-08T11:27:13.1876198Z Adding repository directory to the temporary git global config as a safe directory
Owned Catalog, cutover and authority PostgreSQL	Post Check out exact CI candidate	2026-09-08T11:27:13.1881096Z [command]/usr/bin/git config --global --add safe.directory /home/runner/work/WiseEff/WiseEff
Owned Catalog, cutover and authority PostgreSQL	Post Check out exact CI candidate	2026-09-08T11:27:13.1922873Z [command]/usr/bin/git config --local --name-only --get-regexp core\.sshCommand
Owned Catalog, cutover and authority PostgreSQL	Post Check out exact CI candidate	2026-09-08T11:27:13.1960719Z [command]/usr/bin/git submodule foreach --recursive sh -c "git config --local --name-only --get-regexp 'core\.sshCommand' && git config --local --unset-all 'core.sshCommand' || :"
Owned Catalog, cutover and authority PostgreSQL	Post Check out exact CI candidate	2026-09-08T11:27:13.2208341Z [command]/usr/bin/git config --local --name-only --get-regexp http\.https\:\/\/github\.com\/\.extraheader
Owned Catalog, cutover and authority PostgreSQL	Post Check out exact CI candidate	2026-09-08T11:27:13.2245840Z http.https://github.com/.extraheader
Owned Catalog, cutover and authority PostgreSQL	Post Check out exact CI candidate	2026-09-08T11:27:13.2258201Z [command]/usr/bin/git config --local --unset-all http.https://github.com/.extraheader
Owned Catalog, cutover and authority PostgreSQL	Post Check out exact CI candidate	2026-09-08T11:27:13.2300119Z [command]/usr/bin/git submodule foreach --recursive sh -c "git config --local --name-only --get-regexp 'http\.https\:\/\/github\.com\/\.extraheader' && git config --local --unset-all 'http.https://github.com/.extraheader' || :"
Owned Catalog, cutover and authority PostgreSQL	Post Check out exact CI candidate	2026-09-08T11:27:13.2567091Z [command]/usr/bin/git config --local --name-only --get-regexp ^includeIf\.gitdir:
Owned Catalog, cutover and authority PostgreSQL	Post Check out exact CI candidate	2026-09-08T11:27:13.2607656Z [command]/usr/bin/git submodule foreach --recursive git config --local --show-origin --name-only --get-regexp remote.origin.url
Owned Catalog, cutover and authority PostgreSQL	Complete job	﻿2026-09-08T11:27:13.3018397Z Cleaning up orphan processes
Owned Catalog, cutover and authority PostgreSQL	Complete job	2026-09-08T11:27:13.3454121Z ##[warning]Node.js 20 is deprecated. The following actions target Node.js 20 but are being forced to run on Node.js 24: actions/checkout@v4, actions/setup-node@v4. For more information see: https://github.blog/changelog/2025-09-19-deprecation-of-node-20-on-github-actions-runners/
