Owned Catalog, cutover and authority PostgreSQL	Set up job	﻿2026-09-08T10:09:14.0412547Z Current runner version: '2.337.0'
Owned Catalog, cutover and authority PostgreSQL	Set up job	2026-09-08T10:09:14.0439950Z ##[group]Runner Image Provisioner
Owned Catalog, cutover and authority PostgreSQL	Set up job	2026-09-08T10:09:14.0440817Z Hosted Compute Agent
Owned Catalog, cutover and authority PostgreSQL	Set up job	2026-09-08T10:09:14.0441493Z Version: 20260828.587
Owned Catalog, cutover and authority PostgreSQL	Set up job	2026-09-08T10:09:14.0442161Z Commit: abac92662cab4cc7352de4f9f9d2e2419aad9c29
Owned Catalog, cutover and authority PostgreSQL	Set up job	2026-09-08T10:09:14.0442874Z Build Date: 2026-08-28T16:44:25Z
Owned Catalog, cutover and authority PostgreSQL	Set up job	2026-09-08T10:09:14.0443623Z Worker ID: {fbcc28f9-3d3d-431a-8ffa-e133b617c271}
Owned Catalog, cutover and authority PostgreSQL	Set up job	2026-09-08T10:09:14.0444342Z Azure Region: eastus
Owned Catalog, cutover and authority PostgreSQL	Set up job	2026-09-08T10:09:14.0445363Z ##[endgroup]
Owned Catalog, cutover and authority PostgreSQL	Set up job	2026-09-08T10:09:14.0447039Z ##[group]Operating System
Owned Catalog, cutover and authority PostgreSQL	Set up job	2026-09-08T10:09:14.0447666Z Ubuntu
Owned Catalog, cutover and authority PostgreSQL	Set up job	2026-09-08T10:09:14.0448666Z 24.04.4
Owned Catalog, cutover and authority PostgreSQL	Set up job	2026-09-08T10:09:14.0449206Z LTS
Owned Catalog, cutover and authority PostgreSQL	Set up job	2026-09-08T10:09:14.0449979Z ##[endgroup]
Owned Catalog, cutover and authority PostgreSQL	Set up job	2026-09-08T10:09:14.0450610Z ##[group]Runner Image
Owned Catalog, cutover and authority PostgreSQL	Set up job	2026-09-08T10:09:14.0451212Z Image: ubuntu-24.04
Owned Catalog, cutover and authority PostgreSQL	Set up job	2026-09-08T10:09:14.0451824Z Version: 20260831.293.1
Owned Catalog, cutover and authority PostgreSQL	Set up job	2026-09-08T10:09:14.0452888Z Included Software: https://github.com/actions/runner-images/blob/ubuntu24/20260831.293/images/ubuntu/Ubuntu2404-Readme.md
Owned Catalog, cutover and authority PostgreSQL	Set up job	2026-09-08T10:09:14.0454781Z Image Release: https://github.com/actions/runner-images/releases/tag/ubuntu24%2F20260831.293
Owned Catalog, cutover and authority PostgreSQL	Set up job	2026-09-08T10:09:14.0455741Z ##[endgroup]
Owned Catalog, cutover and authority PostgreSQL	Set up job	2026-09-08T10:09:14.0456939Z ##[group]GITHUB_TOKEN Permissions
Owned Catalog, cutover and authority PostgreSQL	Set up job	2026-09-08T10:09:14.0459383Z Contents: read
Owned Catalog, cutover and authority PostgreSQL	Set up job	2026-09-08T10:09:14.0460201Z Metadata: read
Owned Catalog, cutover and authority PostgreSQL	Set up job	2026-09-08T10:09:14.0460795Z ##[endgroup]
Owned Catalog, cutover and authority PostgreSQL	Set up job	2026-09-08T10:09:14.0463240Z Secret source: Actions
Owned Catalog, cutover and authority PostgreSQL	Set up job	2026-09-08T10:09:14.0464676Z Prepare workflow directory
Owned Catalog, cutover and authority PostgreSQL	Set up job	2026-09-08T10:09:14.0802396Z Prepare all required actions
Owned Catalog, cutover and authority PostgreSQL	Set up job	2026-09-08T10:09:14.0851768Z Getting action download info
Owned Catalog, cutover and authority PostgreSQL	Set up job	2026-09-08T10:09:14.3113420Z Download action repository 'actions/checkout@v4' (SHA:11d5960a326750d5838078e36cf38b85af677262)
Owned Catalog, cutover and authority PostgreSQL	Set up job	2026-09-08T10:09:14.4423938Z Download action repository 'actions/setup-node@v4' (SHA:49933ea5288caeca8642d1e84afbd3f7d6820020)
Owned Catalog, cutover and authority PostgreSQL	Set up job	2026-09-08T10:09:14.6428637Z Complete job name: Owned Catalog, cutover and authority PostgreSQL
Owned Catalog, cutover and authority PostgreSQL	Check out exact CI candidate	﻿2026-09-08T10:09:14.7192239Z Node 20 is being deprecated. This workflow is running with Node 24 by default. If you need to temporarily use Node 20, you can set the ACTIONS_ALLOW_USE_UNSECURE_NODE_VERSION=true environment variable. For more information see: https://github.blog/changelog/2025-09-19-deprecation-of-node-20-on-github-actions-runners/
Owned Catalog, cutover and authority PostgreSQL	Check out exact CI candidate	2026-09-08T10:09:14.7200915Z ##[group]Run actions/checkout@v4
Owned Catalog, cutover and authority PostgreSQL	Check out exact CI candidate	2026-09-08T10:09:14.7201674Z with:
Owned Catalog, cutover and authority PostgreSQL	Check out exact CI candidate	2026-09-08T10:09:14.7202105Z   fetch-depth: 0
Owned Catalog, cutover and authority PostgreSQL	Check out exact CI candidate	2026-09-08T10:09:14.7202570Z   repository: tzrea1-Q/WiseEff
Owned Catalog, cutover and authority PostgreSQL	Check out exact CI candidate	2026-09-08T10:09:14.7206263Z   token: ***
Owned Catalog, cutover and authority PostgreSQL	Check out exact CI candidate	2026-09-08T10:09:14.7206704Z   ssh-strict: true
Owned Catalog, cutover and authority PostgreSQL	Check out exact CI candidate	2026-09-08T10:09:14.7207146Z   ssh-user: git
Owned Catalog, cutover and authority PostgreSQL	Check out exact CI candidate	2026-09-08T10:09:14.7207586Z   persist-credentials: true
Owned Catalog, cutover and authority PostgreSQL	Check out exact CI candidate	2026-09-08T10:09:14.7208265Z   clean: true
Owned Catalog, cutover and authority PostgreSQL	Check out exact CI candidate	2026-09-08T10:09:14.7208732Z   sparse-checkout-cone-mode: true
Owned Catalog, cutover and authority PostgreSQL	Check out exact CI candidate	2026-09-08T10:09:14.7209262Z   fetch-tags: false
Owned Catalog, cutover and authority PostgreSQL	Check out exact CI candidate	2026-09-08T10:09:14.7209711Z   show-progress: true
Owned Catalog, cutover and authority PostgreSQL	Check out exact CI candidate	2026-09-08T10:09:14.7210155Z   lfs: false
Owned Catalog, cutover and authority PostgreSQL	Check out exact CI candidate	2026-09-08T10:09:14.7210570Z   submodules: false
Owned Catalog, cutover and authority PostgreSQL	Check out exact CI candidate	2026-09-08T10:09:14.7211063Z   set-safe-directory: true
Owned Catalog, cutover and authority PostgreSQL	Check out exact CI candidate	2026-09-08T10:09:14.7211564Z   allow-unsafe-pr-checkout: false
Owned Catalog, cutover and authority PostgreSQL	Check out exact CI candidate	2026-09-08T10:09:14.7212378Z ##[endgroup]
Owned Catalog, cutover and authority PostgreSQL	Check out exact CI candidate	2026-09-08T10:09:14.8236088Z Syncing repository: tzrea1-Q/WiseEff
Owned Catalog, cutover and authority PostgreSQL	Check out exact CI candidate	2026-09-08T10:09:14.8237947Z ##[group]Getting Git version info
Owned Catalog, cutover and authority PostgreSQL	Check out exact CI candidate	2026-09-08T10:09:14.8239045Z Working directory is '/home/runner/work/WiseEff/WiseEff'
Owned Catalog, cutover and authority PostgreSQL	Check out exact CI candidate	2026-09-08T10:09:14.8240274Z [command]/usr/bin/git version
Owned Catalog, cutover and authority PostgreSQL	Check out exact CI candidate	2026-09-08T10:09:14.8333437Z git version 2.55.0
Owned Catalog, cutover and authority PostgreSQL	Check out exact CI candidate	2026-09-08T10:09:14.8355525Z ##[endgroup]
Owned Catalog, cutover and authority PostgreSQL	Check out exact CI candidate	2026-09-08T10:09:14.8370483Z Temporarily overriding HOME='/home/runner/work/_temp/82ecb127-28e9-4db2-aec9-dc4b1761e9b6' before making global git config changes
Owned Catalog, cutover and authority PostgreSQL	Check out exact CI candidate	2026-09-08T10:09:14.8372822Z Adding repository directory to the temporary git global config as a safe directory
Owned Catalog, cutover and authority PostgreSQL	Check out exact CI candidate	2026-09-08T10:09:14.8375955Z [command]/usr/bin/git config --global --add safe.directory /home/runner/work/WiseEff/WiseEff
Owned Catalog, cutover and authority PostgreSQL	Check out exact CI candidate	2026-09-08T10:09:14.8434539Z Deleting the contents of '/home/runner/work/WiseEff/WiseEff'
Owned Catalog, cutover and authority PostgreSQL	Check out exact CI candidate	2026-09-08T10:09:14.8438915Z ##[group]Initializing the repository
Owned Catalog, cutover and authority PostgreSQL	Check out exact CI candidate	2026-09-08T10:09:14.8442933Z [command]/usr/bin/git init /home/runner/work/WiseEff/WiseEff
Owned Catalog, cutover and authority PostgreSQL	Check out exact CI candidate	2026-09-08T10:09:14.8574372Z hint: Using 'master' as the name for the initial branch. This default branch name
Owned Catalog, cutover and authority PostgreSQL	Check out exact CI candidate	2026-09-08T10:09:14.8575883Z hint: will change to "main" in Git 3.0. To configure the initial branch name
Owned Catalog, cutover and authority PostgreSQL	Check out exact CI candidate	2026-09-08T10:09:14.8577556Z hint: to use in all of your new repositories, which will suppress this warning,
Owned Catalog, cutover and authority PostgreSQL	Check out exact CI candidate	2026-09-08T10:09:14.8579252Z hint: call:
Owned Catalog, cutover and authority PostgreSQL	Check out exact CI candidate	2026-09-08T10:09:14.8580436Z hint:
Owned Catalog, cutover and authority PostgreSQL	Check out exact CI candidate	2026-09-08T10:09:14.8581865Z hint: 	git config --global init.defaultBranch <name>
Owned Catalog, cutover and authority PostgreSQL	Check out exact CI candidate	2026-09-08T10:09:14.8583415Z hint:
Owned Catalog, cutover and authority PostgreSQL	Check out exact CI candidate	2026-09-08T10:09:14.8584904Z hint: Names commonly chosen instead of 'master' are 'main', 'trunk' and
Owned Catalog, cutover and authority PostgreSQL	Check out exact CI candidate	2026-09-08T10:09:14.8587303Z hint: 'development'. The just-created branch can be renamed via this command:
Owned Catalog, cutover and authority PostgreSQL	Check out exact CI candidate	2026-09-08T10:09:14.8589473Z hint:
Owned Catalog, cutover and authority PostgreSQL	Check out exact CI candidate	2026-09-08T10:09:14.8590451Z hint: 	git branch -m <name>
Owned Catalog, cutover and authority PostgreSQL	Check out exact CI candidate	2026-09-08T10:09:14.8591646Z hint:
Owned Catalog, cutover and authority PostgreSQL	Check out exact CI candidate	2026-09-08T10:09:14.8593061Z hint: Disable this message with "git config set advice.defaultBranchName false"
Owned Catalog, cutover and authority PostgreSQL	Check out exact CI candidate	2026-09-08T10:09:14.8595064Z Initialized empty Git repository in /home/runner/work/WiseEff/WiseEff/.git/
Owned Catalog, cutover and authority PostgreSQL	Check out exact CI candidate	2026-09-08T10:09:14.8598541Z [command]/usr/bin/git remote add origin https://github.com/tzrea1-Q/WiseEff
Owned Catalog, cutover and authority PostgreSQL	Check out exact CI candidate	2026-09-08T10:09:14.8646466Z ##[endgroup]
Owned Catalog, cutover and authority PostgreSQL	Check out exact CI candidate	2026-09-08T10:09:14.8647870Z ##[group]Disabling automatic garbage collection
Owned Catalog, cutover and authority PostgreSQL	Check out exact CI candidate	2026-09-08T10:09:14.8651739Z [command]/usr/bin/git config --local gc.auto 0
Owned Catalog, cutover and authority PostgreSQL	Check out exact CI candidate	2026-09-08T10:09:14.8681492Z ##[endgroup]
Owned Catalog, cutover and authority PostgreSQL	Check out exact CI candidate	2026-09-08T10:09:14.8682846Z ##[group]Setting up auth
Owned Catalog, cutover and authority PostgreSQL	Check out exact CI candidate	2026-09-08T10:09:14.8688965Z [command]/usr/bin/git config --local --name-only --get-regexp core\.sshCommand
Owned Catalog, cutover and authority PostgreSQL	Check out exact CI candidate	2026-09-08T10:09:14.8720529Z [command]/usr/bin/git submodule foreach --recursive sh -c "git config --local --name-only --get-regexp 'core\.sshCommand' && git config --local --unset-all 'core.sshCommand' || :"
Owned Catalog, cutover and authority PostgreSQL	Check out exact CI candidate	2026-09-08T10:09:14.9090685Z [command]/usr/bin/git config --local --name-only --get-regexp http\.https\:\/\/github\.com\/\.extraheader
Owned Catalog, cutover and authority PostgreSQL	Check out exact CI candidate	2026-09-08T10:09:14.9123831Z [command]/usr/bin/git submodule foreach --recursive sh -c "git config --local --name-only --get-regexp 'http\.https\:\/\/github\.com\/\.extraheader' && git config --local --unset-all 'http.https://github.com/.extraheader' || :"
Owned Catalog, cutover and authority PostgreSQL	Check out exact CI candidate	2026-09-08T10:09:14.9344396Z [command]/usr/bin/git config --local --name-only --get-regexp ^includeIf\.gitdir:
Owned Catalog, cutover and authority PostgreSQL	Check out exact CI candidate	2026-09-08T10:09:14.9374010Z [command]/usr/bin/git submodule foreach --recursive git config --local --show-origin --name-only --get-regexp remote.origin.url
Owned Catalog, cutover and authority PostgreSQL	Check out exact CI candidate	2026-09-08T10:09:14.9594210Z [command]/usr/bin/git config --local http.https://github.com/.extraheader AUTHORIZATION: basic ***
Owned Catalog, cutover and authority PostgreSQL	Check out exact CI candidate	2026-09-08T10:09:14.9627779Z ##[endgroup]
Owned Catalog, cutover and authority PostgreSQL	Check out exact CI candidate	2026-09-08T10:09:14.9628969Z ##[group]Fetching the repository
Owned Catalog, cutover and authority PostgreSQL	Check out exact CI candidate	2026-09-08T10:09:14.9637154Z [command]/usr/bin/git -c protocol.version=2 fetch --prune --no-recurse-submodules origin +refs/heads/*:refs/remotes/origin/* +refs/tags/*:refs/tags/* +e3fb8ebe295762237f8696eee4d684187f4093f4:refs/remotes/pull/824/merge
Owned Catalog, cutover and authority PostgreSQL	Check out exact CI candidate	2026-09-08T10:09:23.6248916Z From https://github.com/tzrea1-Q/WiseEff
Owned Catalog, cutover and authority PostgreSQL	Check out exact CI candidate	2026-09-08T10:09:23.6250615Z  * [new branch]        codex/populated-upgrade-candidate        -> origin/codex/populated-upgrade-candidate
Owned Catalog, cutover and authority PostgreSQL	Check out exact CI candidate	2026-09-08T10:09:23.6252415Z  * [new branch]        codex/populated-upgrade-delivery-20260906 -> origin/codex/populated-upgrade-delivery-20260906
Owned Catalog, cutover and authority PostgreSQL	Check out exact CI candidate	2026-09-08T10:09:23.6253854Z  * [new branch]        codex/populated-upgrade-m1               -> origin/codex/populated-upgrade-m1
Owned Catalog, cutover and authority PostgreSQL	Check out exact CI candidate	2026-09-08T10:09:23.6255224Z  * [new branch]        codex/populated-upgrade-runtime-proposal -> origin/codex/populated-upgrade-runtime-proposal
Owned Catalog, cutover and authority PostgreSQL	Check out exact CI candidate	2026-09-08T10:09:23.6256667Z  * [new branch]        codex/pr824-activation-existing-storage  -> origin/codex/pr824-activation-existing-storage
Owned Catalog, cutover and authority PostgreSQL	Check out exact CI candidate	2026-09-08T10:09:23.6258230Z  * [new branch]        codex/pr824-followup-delivery            -> origin/codex/pr824-followup-delivery
Owned Catalog, cutover and authority PostgreSQL	Check out exact CI candidate	2026-09-08T10:09:23.6259648Z  * [new branch]        codex/pr824-knowledge-audit-natural      -> origin/codex/pr824-knowledge-audit-natural
Owned Catalog, cutover and authority PostgreSQL	Check out exact CI candidate	2026-09-08T10:09:23.6261108Z  * [new branch]        codex/pr824-p12-contract-scratch         -> origin/codex/pr824-p12-contract-scratch
Owned Catalog, cutover and authority PostgreSQL	Check out exact CI candidate	2026-09-08T10:09:23.6262906Z  * [new branch]        codex/pr824-retirement-contract-scratch  -> origin/codex/pr824-retirement-contract-scratch
Owned Catalog, cutover and authority PostgreSQL	Check out exact CI candidate	2026-09-08T10:09:23.6264872Z  * [new branch]        codex/prototype-parameter-definition-single-page-20260831 -> origin/codex/prototype-parameter-definition-single-page-20260831
Owned Catalog, cutover and authority PostgreSQL	Check out exact CI candidate	2026-09-08T10:09:23.6267155Z  * [new branch]        codex/upg-activation-journal             -> origin/codex/upg-activation-journal
Owned Catalog, cutover and authority PostgreSQL	Check out exact CI candidate	2026-09-08T10:09:23.6269625Z  * [new branch]        codex/wayfinder-ri-01                    -> origin/codex/wayfinder-ri-01
Owned Catalog, cutover and authority PostgreSQL	Check out exact CI candidate	2026-09-08T10:09:23.6271681Z  * [new branch]        main                                     -> origin/main
Owned Catalog, cutover and authority PostgreSQL	Check out exact CI candidate	2026-09-08T10:09:23.6273582Z  * [new ref]           e3fb8ebe295762237f8696eee4d684187f4093f4 -> pull/824/merge
Owned Catalog, cutover and authority PostgreSQL	Check out exact CI candidate	2026-09-08T10:09:23.6277767Z ##[endgroup]
Owned Catalog, cutover and authority PostgreSQL	Check out exact CI candidate	2026-09-08T10:09:23.6280076Z ##[group]Determining the checkout info
Owned Catalog, cutover and authority PostgreSQL	Check out exact CI candidate	2026-09-08T10:09:23.6281932Z ##[endgroup]
Owned Catalog, cutover and authority PostgreSQL	Check out exact CI candidate	2026-09-08T10:09:23.6282780Z [command]/usr/bin/git sparse-checkout disable
Owned Catalog, cutover and authority PostgreSQL	Check out exact CI candidate	2026-09-08T10:09:23.6341094Z [command]/usr/bin/git config --local --unset-all extensions.worktreeConfig
Owned Catalog, cutover and authority PostgreSQL	Check out exact CI candidate	2026-09-08T10:09:23.6373963Z ##[group]Checking out the ref
Owned Catalog, cutover and authority PostgreSQL	Check out exact CI candidate	2026-09-08T10:09:23.6378395Z [command]/usr/bin/git checkout --progress --force refs/remotes/pull/824/merge
Owned Catalog, cutover and authority PostgreSQL	Check out exact CI candidate	2026-09-08T10:09:24.2595790Z Note: switching to 'refs/remotes/pull/824/merge'.
Owned Catalog, cutover and authority PostgreSQL	Check out exact CI candidate	2026-09-08T10:09:24.2597324Z 
Owned Catalog, cutover and authority PostgreSQL	Check out exact CI candidate	2026-09-08T10:09:24.2598658Z You are in 'detached HEAD' state. You can look around, make experimental
Owned Catalog, cutover and authority PostgreSQL	Check out exact CI candidate	2026-09-08T10:09:24.2600969Z changes and commit them, and you can discard any commits you make in this
Owned Catalog, cutover and authority PostgreSQL	Check out exact CI candidate	2026-09-08T10:09:24.2603046Z state without impacting any branches by switching back to a branch.
Owned Catalog, cutover and authority PostgreSQL	Check out exact CI candidate	2026-09-08T10:09:24.2604267Z 
Owned Catalog, cutover and authority PostgreSQL	Check out exact CI candidate	2026-09-08T10:09:24.2605159Z If you want to create a new branch to retain commits you create, you may
Owned Catalog, cutover and authority PostgreSQL	Check out exact CI candidate	2026-09-08T10:09:24.2607301Z do so (now or later) by using -c with the switch command. Example:
Owned Catalog, cutover and authority PostgreSQL	Check out exact CI candidate	2026-09-08T10:09:24.2609214Z 
Owned Catalog, cutover and authority PostgreSQL	Check out exact CI candidate	2026-09-08T10:09:24.2609817Z   git switch -c <new-branch-name>
Owned Catalog, cutover and authority PostgreSQL	Check out exact CI candidate	2026-09-08T10:09:24.2610710Z 
Owned Catalog, cutover and authority PostgreSQL	Check out exact CI candidate	2026-09-08T10:09:24.2611301Z Or undo this operation with:
Owned Catalog, cutover and authority PostgreSQL	Check out exact CI candidate	2026-09-08T10:09:24.2612150Z 
Owned Catalog, cutover and authority PostgreSQL	Check out exact CI candidate	2026-09-08T10:09:24.2612640Z   git switch -
Owned Catalog, cutover and authority PostgreSQL	Check out exact CI candidate	2026-09-08T10:09:24.2613267Z 
Owned Catalog, cutover and authority PostgreSQL	Check out exact CI candidate	2026-09-08T10:09:24.2614433Z Turn off this advice by setting config variable advice.detachedHead to false
Owned Catalog, cutover and authority PostgreSQL	Check out exact CI candidate	2026-09-08T10:09:24.2616031Z 
Owned Catalog, cutover and authority PostgreSQL	Check out exact CI candidate	2026-09-08T10:09:24.2617943Z HEAD is now at e3fb8ebe Merge 6d8fbe2bf0b751617839ca6da8bf7f9c5195c325 into cda6737a8f177a8bbd2f3bc7d195f8e3037bfa74
Owned Catalog, cutover and authority PostgreSQL	Check out exact CI candidate	2026-09-08T10:09:24.2654281Z ##[endgroup]
Owned Catalog, cutover and authority PostgreSQL	Check out exact CI candidate	2026-09-08T10:09:24.2701038Z [command]/usr/bin/git log -1 --format=%H
Owned Catalog, cutover and authority PostgreSQL	Check out exact CI candidate	2026-09-08T10:09:24.2730177Z e3fb8ebe295762237f8696eee4d684187f4093f4
Owned Catalog, cutover and authority PostgreSQL	Set up Node.js	﻿2026-09-08T10:09:24.3183972Z Node 20 is being deprecated. This workflow is running with Node 24 by default. If you need to temporarily use Node 20, you can set the ACTIONS_ALLOW_USE_UNSECURE_NODE_VERSION=true environment variable. For more information see: https://github.blog/changelog/2025-09-19-deprecation-of-node-20-on-github-actions-runners/
Owned Catalog, cutover and authority PostgreSQL	Set up Node.js	2026-09-08T10:09:24.3190692Z ##[group]Run actions/setup-node@v4
Owned Catalog, cutover and authority PostgreSQL	Set up Node.js	2026-09-08T10:09:24.3191813Z with:
Owned Catalog, cutover and authority PostgreSQL	Set up Node.js	2026-09-08T10:09:24.3192650Z   node-version-file: .nvmrc
Owned Catalog, cutover and authority PostgreSQL	Set up Node.js	2026-09-08T10:09:24.3193635Z   cache: npm
Owned Catalog, cutover and authority PostgreSQL	Set up Node.js	2026-09-08T10:09:24.3194463Z   always-auth: false
Owned Catalog, cutover and authority PostgreSQL	Set up Node.js	2026-09-08T10:09:24.3195376Z   check-latest: false
Owned Catalog, cutover and authority PostgreSQL	Set up Node.js	2026-09-08T10:09:24.3205013Z   token: ***
Owned Catalog, cutover and authority PostgreSQL	Set up Node.js	2026-09-08T10:09:24.3205863Z ##[endgroup]
Owned Catalog, cutover and authority PostgreSQL	Set up Node.js	2026-09-08T10:09:24.4574016Z Resolved .nvmrc as 22
Owned Catalog, cutover and authority PostgreSQL	Set up Node.js	2026-09-08T10:09:24.4630598Z Found in cache @ /opt/hostedtoolcache/node/22.23.2/x64
Owned Catalog, cutover and authority PostgreSQL	Set up Node.js	2026-09-08T10:09:24.4635417Z (node:2251) [DEP0040] DeprecationWarning: The `punycode` module is deprecated. Please use a userland alternative instead.
Owned Catalog, cutover and authority PostgreSQL	Set up Node.js	2026-09-08T10:09:24.4641140Z ##[group]Environment details
Owned Catalog, cutover and authority PostgreSQL	Set up Node.js	2026-09-08T10:09:24.4644025Z (Use `node --trace-deprecation ...` to show where the warning was created)
Owned Catalog, cutover and authority PostgreSQL	Set up Node.js	2026-09-08T10:09:24.9124914Z node: v22.23.2
Owned Catalog, cutover and authority PostgreSQL	Set up Node.js	2026-09-08T10:09:24.9125566Z npm: 10.9.8
Owned Catalog, cutover and authority PostgreSQL	Set up Node.js	2026-09-08T10:09:24.9125900Z yarn: 1.22.22
Owned Catalog, cutover and authority PostgreSQL	Set up Node.js	2026-09-08T10:09:24.9127196Z ##[endgroup]
Owned Catalog, cutover and authority PostgreSQL	Set up Node.js	2026-09-08T10:09:24.9147078Z [command]/opt/hostedtoolcache/node/22.23.2/x64/bin/npm config get cache
Owned Catalog, cutover and authority PostgreSQL	Set up Node.js	2026-09-08T10:09:25.0244558Z /home/runner/.npm
Owned Catalog, cutover and authority PostgreSQL	Set up Node.js	2026-09-08T10:09:25.1115495Z Cache hit for: node-cache-Linux-x64-npm-c3cc38b441dd1d644370ff722307f1f9f6940d55103e48c587f2408f2d652f89
Owned Catalog, cutover and authority PostgreSQL	Set up Node.js	2026-09-08T10:09:25.1212150Z (node:2251) [DEP0169] DeprecationWarning: `url.parse()` behavior is not standardized and prone to errors that have security implications. Use the WHATWG URL API instead. CVEs are not issued for `url.parse()` vulnerabilities.
Owned Catalog, cutover and authority PostgreSQL	Set up Node.js	2026-09-08T10:09:26.0072863Z Received 187089509 of 187089509 (100.0%), 206.7 MBs/sec
Owned Catalog, cutover and authority PostgreSQL	Set up Node.js	2026-09-08T10:09:26.0074638Z Cache Size: ~178 MB (187089509 B)
Owned Catalog, cutover and authority PostgreSQL	Set up Node.js	2026-09-08T10:09:26.0161751Z [command]/usr/bin/tar -xf /home/runner/work/_temp/35ed9078-e370-4e90-b9b8-5d1594368fbe/cache.tzst -P -C /home/runner/work/WiseEff/WiseEff --use-compress-program unzstd
Owned Catalog, cutover and authority PostgreSQL	Set up Node.js	2026-09-08T10:09:26.4864292Z Cache restored successfully
Owned Catalog, cutover and authority PostgreSQL	Set up Node.js	2026-09-08T10:09:26.4953183Z Cache restored from key: node-cache-Linux-x64-npm-c3cc38b441dd1d644370ff722307f1f9f6940d55103e48c587f2408f2d652f89
Owned Catalog, cutover and authority PostgreSQL	Install dependencies	﻿2026-09-08T10:09:26.5167875Z ##[group]Run npm ci
Owned Catalog, cutover and authority PostgreSQL	Install dependencies	2026-09-08T10:09:26.5168565Z ^[[36;1mnpm ci^[[0m
Owned Catalog, cutover and authority PostgreSQL	Install dependencies	2026-09-08T10:09:26.5217439Z shell: /usr/bin/bash -e {0}
Owned Catalog, cutover and authority PostgreSQL	Install dependencies	2026-09-08T10:09:26.5217764Z ##[endgroup]
Owned Catalog, cutover and authority PostgreSQL	Install dependencies	2026-09-08T10:09:33.4777308Z npm warn deprecated hast@1.0.0: Renamed to rehype
Owned Catalog, cutover and authority PostgreSQL	Install dependencies	2026-09-08T10:09:51.1954473Z 
Owned Catalog, cutover and authority PostgreSQL	Install dependencies	2026-09-08T10:09:51.1957687Z added 1641 packages, and audited 1645 packages in 25s
Owned Catalog, cutover and authority PostgreSQL	Install dependencies	2026-09-08T10:09:51.1958569Z 
Owned Catalog, cutover and authority PostgreSQL	Install dependencies	2026-09-08T10:09:51.1958967Z 411 packages are looking for funding
Owned Catalog, cutover and authority PostgreSQL	Install dependencies	2026-09-08T10:09:51.1959582Z   run `npm fund` for details
Owned Catalog, cutover and authority PostgreSQL	Install dependencies	2026-09-08T10:09:51.2276241Z 
Owned Catalog, cutover and authority PostgreSQL	Install dependencies	2026-09-08T10:09:51.2277170Z 19 vulnerabilities (2 low, 7 moderate, 10 high)
Owned Catalog, cutover and authority PostgreSQL	Install dependencies	2026-09-08T10:09:51.2277564Z 
Owned Catalog, cutover and authority PostgreSQL	Install dependencies	2026-09-08T10:09:51.2277851Z To address issues that do not require attention, run:
Owned Catalog, cutover and authority PostgreSQL	Install dependencies	2026-09-08T10:09:51.2278561Z   npm audit fix
Owned Catalog, cutover and authority PostgreSQL	Install dependencies	2026-09-08T10:09:51.2278775Z 
Owned Catalog, cutover and authority PostgreSQL	Install dependencies	2026-09-08T10:09:51.2279720Z Some issues need review, and may require choosing
Owned Catalog, cutover and authority PostgreSQL	Install dependencies	2026-09-08T10:09:51.2280354Z a different dependency.
Owned Catalog, cutover and authority PostgreSQL	Install dependencies	2026-09-08T10:09:51.2280677Z 
Owned Catalog, cutover and authority PostgreSQL	Install dependencies	2026-09-08T10:09:51.2280916Z Run `npm audit` for details.
Owned Catalog, cutover and authority PostgreSQL	Run reader, cutover and authority tests in independently owned clusters	﻿2026-09-08T10:09:51.3821299Z ##[group]Run set -euo pipefail
Owned Catalog, cutover and authority PostgreSQL	Run reader, cutover and authority tests in independently owned clusters	2026-09-08T10:09:51.3821691Z ^[[36;1mset -euo pipefail^[[0m
Owned Catalog, cutover and authority PostgreSQL	Run reader, cutover and authority tests in independently owned clusters	2026-09-08T10:09:51.3822010Z ^[[36;1mdaemon_id="$(docker info --format '{{.ID}}')"^[[0m
Owned Catalog, cutover and authority PostgreSQL	Run reader, cutover and authority tests in independently owned clusters	2026-09-08T10:09:51.3822434Z ^[[36;1mnpx tsx scripts/run-upgrade-component-tests.ts \^[[0m
Owned Catalog, cutover and authority PostgreSQL	Run reader, cutover and authority tests in independently owned clusters	2026-09-08T10:09:51.3822923Z ^[[36;1m  --expected-daemon-id "$daemon_id" --suite reader-pg16 --github-hosted^[[0m
Owned Catalog, cutover and authority PostgreSQL	Run reader, cutover and authority tests in independently owned clusters	2026-09-08T10:09:51.3823426Z ^[[36;1mnpx tsx scripts/run-upgrade-component-tests.ts \^[[0m
Owned Catalog, cutover and authority PostgreSQL	Run reader, cutover and authority tests in independently owned clusters	2026-09-08T10:09:51.3823933Z ^[[36;1m  --expected-daemon-id "$daemon_id" --suite writer-reachability-pg16 --github-hosted^[[0m
Owned Catalog, cutover and authority PostgreSQL	Run reader, cutover and authority tests in independently owned clusters	2026-09-08T10:09:51.3824490Z ^[[36;1mnode --import tsx scripts/run-upgrade-component-tests.ts \^[[0m
Owned Catalog, cutover and authority PostgreSQL	Run reader, cutover and authority tests in independently owned clusters	2026-09-08T10:09:51.3825017Z ^[[36;1m  --expected-daemon-id "$daemon_id" --suite runtime-identity-pg16 --github-hosted^[[0m
Owned Catalog, cutover and authority PostgreSQL	Run reader, cutover and authority tests in independently owned clusters	2026-09-08T10:09:51.3825529Z ^[[36;1mnpx tsx scripts/run-upgrade-component-tests.ts \^[[0m
Owned Catalog, cutover and authority PostgreSQL	Run reader, cutover and authority tests in independently owned clusters	2026-09-08T10:09:51.3826082Z ^[[36;1m  --expected-daemon-id "$daemon_id" --suite runtime-role-source-pg16 --github-hosted^[[0m
Owned Catalog, cutover and authority PostgreSQL	Run reader, cutover and authority tests in independently owned clusters	2026-09-08T10:09:51.3826646Z ^[[36;1mnpx tsx scripts/run-upgrade-component-tests.ts \^[[0m
Owned Catalog, cutover and authority PostgreSQL	Run reader, cutover and authority tests in independently owned clusters	2026-09-08T10:09:51.3827161Z ^[[36;1m  --expected-daemon-id "$daemon_id" --suite legacy-sql-privileges-pg16 --github-hosted^[[0m
Owned Catalog, cutover and authority PostgreSQL	Run reader, cutover and authority tests in independently owned clusters	2026-09-08T10:09:51.3827690Z ^[[36;1mnpx tsx scripts/run-upgrade-component-tests.ts \^[[0m
Owned Catalog, cutover and authority PostgreSQL	Run reader, cutover and authority tests in independently owned clusters	2026-09-08T10:09:51.3828450Z ^[[36;1m  --expected-daemon-id "$daemon_id" --suite read-projections-pg16 --github-hosted^[[0m
Owned Catalog, cutover and authority PostgreSQL	Run reader, cutover and authority tests in independently owned clusters	2026-09-08T10:09:51.3828958Z ^[[36;1mnpx tsx scripts/run-upgrade-component-tests.ts \^[[0m
Owned Catalog, cutover and authority PostgreSQL	Run reader, cutover and authority tests in independently owned clusters	2026-09-08T10:09:51.3829416Z ^[[36;1m  --expected-daemon-id "$daemon_id" --suite report-pg16 --github-hosted^[[0m
Owned Catalog, cutover and authority PostgreSQL	Run reader, cutover and authority tests in independently owned clusters	2026-09-08T10:09:51.3829895Z ^[[36;1mnpx tsx scripts/run-upgrade-component-tests.ts \^[[0m
Owned Catalog, cutover and authority PostgreSQL	Run reader, cutover and authority tests in independently owned clusters	2026-09-08T10:09:51.3830353Z ^[[36;1m  --expected-daemon-id "$daemon_id" --suite authority-pg16 --github-hosted^[[0m
Owned Catalog, cutover and authority PostgreSQL	Run reader, cutover and authority tests in independently owned clusters	2026-09-08T10:09:51.3830829Z ^[[36;1mnpx tsx scripts/run-upgrade-component-tests.ts \^[[0m
Owned Catalog, cutover and authority PostgreSQL	Run reader, cutover and authority tests in independently owned clusters	2026-09-08T10:09:51.3831478Z ^[[36;1m  --expected-daemon-id "$daemon_id" --suite bindings-pg16 --github-hosted^[[0m
Owned Catalog, cutover and authority PostgreSQL	Run reader, cutover and authority tests in independently owned clusters	2026-09-08T10:09:51.3831954Z ^[[36;1mnpx tsx scripts/run-upgrade-component-tests.ts \^[[0m
Owned Catalog, cutover and authority PostgreSQL	Run reader, cutover and authority tests in independently owned clusters	2026-09-08T10:09:51.3832404Z ^[[36;1m  --expected-daemon-id "$daemon_id" --suite log-redis --github-hosted^[[0m
Owned Catalog, cutover and authority PostgreSQL	Run reader, cutover and authority tests in independently owned clusters	2026-09-08T10:09:51.3832859Z ^[[36;1mnpx tsx scripts/run-upgrade-component-tests.ts \^[[0m
Owned Catalog, cutover and authority PostgreSQL	Run reader, cutover and authority tests in independently owned clusters	2026-09-08T10:09:51.3833362Z ^[[36;1m  --expected-daemon-id "$daemon_id" --suite activation-existing-pg16 --github-hosted^[[0m
Owned Catalog, cutover and authority PostgreSQL	Run reader, cutover and authority tests in independently owned clusters	2026-09-08T10:09:51.3833878Z ^[[36;1mnpx tsx scripts/run-upgrade-component-tests.ts \^[[0m
Owned Catalog, cutover and authority PostgreSQL	Run reader, cutover and authority tests in independently owned clusters	2026-09-08T10:09:51.3834408Z ^[[36;1m  --expected-daemon-id "$daemon_id" --suite retirement-existing-pg16 --github-hosted^[[0m
Owned Catalog, cutover and authority PostgreSQL	Run reader, cutover and authority tests in independently owned clusters	2026-09-08T10:09:51.3834916Z ^[[36;1mnpx tsx scripts/run-upgrade-component-tests.ts \^[[0m
Owned Catalog, cutover and authority PostgreSQL	Run reader, cutover and authority tests in independently owned clusters	2026-09-08T10:09:51.3835419Z ^[[36;1m  --expected-daemon-id "$daemon_id" --suite bootstrap-credential-pg16 --github-hosted^[[0m
Owned Catalog, cutover and authority PostgreSQL	Run reader, cutover and authority tests in independently owned clusters	2026-09-08T10:09:51.3835930Z ^[[36;1mnpx tsx scripts/run-upgrade-component-tests.ts \^[[0m
Owned Catalog, cutover and authority PostgreSQL	Run reader, cutover and authority tests in independently owned clusters	2026-09-08T10:09:51.3836408Z ^[[36;1m  --expected-daemon-id "$daemon_id" --suite recovery-three-store --github-hosted^[[0m
Owned Catalog, cutover and authority PostgreSQL	Run reader, cutover and authority tests in independently owned clusters	2026-09-08T10:09:51.3836947Z ^[[36;1mnpx tsx scripts/run-upgrade-component-tests.ts \^[[0m
Owned Catalog, cutover and authority PostgreSQL	Run reader, cutover and authority tests in independently owned clusters	2026-09-08T10:09:51.3837440Z ^[[36;1m  --expected-daemon-id "$daemon_id" --suite controlled-recovery --github-hosted^[[0m
Owned Catalog, cutover and authority PostgreSQL	Run reader, cutover and authority tests in independently owned clusters	2026-09-08T10:09:51.3837932Z ^[[36;1mnpx tsx scripts/run-upgrade-component-tests.ts \^[[0m
Owned Catalog, cutover and authority PostgreSQL	Run reader, cutover and authority tests in independently owned clusters	2026-09-08T10:09:51.3838683Z ^[[36;1m  --expected-daemon-id "$daemon_id" --suite handoff-three-store --github-hosted^[[0m
Owned Catalog, cutover and authority PostgreSQL	Run reader, cutover and authority tests in independently owned clusters	2026-09-08T10:09:51.3877335Z shell: /usr/bin/bash --noprofile --norc -e -o pipefail {0}
Owned Catalog, cutover and authority PostgreSQL	Run reader, cutover and authority tests in independently owned clusters	2026-09-08T10:09:51.3877716Z ##[endgroup]
Owned Catalog, cutover and authority PostgreSQL	Run reader, cutover and authority tests in independently owned clusters	2026-09-08T10:10:02.8675965Z {"evidence":"owned-service-profile","profile":"selfhost-postgres16-alpine-v1","imageId":"sha256:75f5a96988cdf694a215073c3e9c001b706b371e2f94df3967f2efdec2787f6b","databaseProperties":{"encoding":6,"datcollate":"en_US.utf8","datctype":"en_US.utf8","datlocprovider":"c","daticulocale":null,"daticurules":null,"datcollversion":null,"datconnlimit":-1,"datallowconn":true,"datistemplate":false}}
Owned Catalog, cutover and authority PostgreSQL	Run reader, cutover and authority tests in independently owned clusters	2026-09-08T10:10:21.7225932Z 
Owned Catalog, cutover and authority PostgreSQL	Run reader, cutover and authority tests in independently owned clusters	2026-09-08T10:10:21.7227314Z ^[[1m^[[30m^[[46m RUN ^[[49m^[[39m^[[22m ^[[36mv4.1.5 ^[[39m^[[90m/home/runner/work/WiseEff/WiseEff^[[39m
Owned Catalog, cutover and authority PostgreSQL	Run reader, cutover and authority tests in independently owned clusters	2026-09-08T10:10:21.7227821Z 
Owned Catalog, cutover and authority PostgreSQL	Run reader, cutover and authority tests in independently owned clusters	2026-09-08T10:10:21.7230096Z  ^[[32m✓^[[39m server/modules/catalog-kernel/security/catalogReader.integration.test.ts ^[[2m(^[[22m^[[2m49 tests^[[22m^[[2m)^[[22m^[[33m 17607^[[2mms^[[22m^[[39m
Owned Catalog, cutover and authority PostgreSQL	Run reader, cutover and authority tests in independently owned clusters	2026-09-08T10:10:21.7232050Z      ^[[33m^[[2m✓^[[22m^[[39m grants precisely ten SELECTs, no DML, extra-domain reads or function EXECUTE ^[[33m 1436^[[2mms^[[22m^[[39m
Owned Catalog, cutover and authority PostgreSQL	Run reader, cutover and authority tests in independently owned clusters	2026-09-08T10:10:21.7233501Z      ^[[33m^[[2m✓^[[22m^[[39m reuses the audited cluster role in another database and makes committed retries no-op ^[[33m 9163^[[2mms^[[22m^[[39m
Owned Catalog, cutover and authority PostgreSQL	Run reader, cutover and authority tests in independently owned clusters	2026-09-08T10:10:21.7234012Z 
Owned Catalog, cutover and authority PostgreSQL	Run reader, cutover and authority tests in independently owned clusters	2026-09-08T10:10:21.7234455Z ^[[2m Test Files ^[[22m ^[[1m^[[32m1 passed^[[39m^[[22m^[[90m (1)^[[39m
Owned Catalog, cutover and authority PostgreSQL	Run reader, cutover and authority tests in independently owned clusters	2026-09-08T10:10:21.7235176Z ^[[2m      Tests ^[[22m ^[[1m^[[32m49 passed^[[39m^[[22m^[[90m (49)^[[39m
Owned Catalog, cutover and authority PostgreSQL	Run reader, cutover and authority tests in independently owned clusters	2026-09-08T10:10:21.7235648Z ^[[2m   Start at ^[[22m 10:10:03
Owned Catalog, cutover and authority PostgreSQL	Run reader, cutover and authority tests in independently owned clusters	2026-09-08T10:10:21.7236347Z ^[[2m   Duration ^[[22m 18.32s^[[2m (transform 345ms, setup 0ms, import 591ms, tests 17.61s, environment 0ms)^[[22m
Owned Catalog, cutover and authority PostgreSQL	Run reader, cutover and authority tests in independently owned clusters	2026-09-08T10:10:21.7236768Z 
Owned Catalog, cutover and authority PostgreSQL	Run reader, cutover and authority tests in independently owned clusters	2026-09-08T10:10:22.3403464Z {"scope":"isolated-components-only","suite":"reader-pg16","imageReference":"postgres:16-alpine","imageId":"sha256:75f5a96988cdf694a215073c3e9c001b706b371e2f94df3967f2efdec2787f6b","platform":"linux/amd64","containerId":"eb599b9bfdc8de60fe8f4791628e1c711d68fca24e14b74aefafe583f1884648","networkId":"32ee5f6133e09c3bc179e7d2b00abd8aaf4774001e131ee6ac4632c93908996c","exitCode":0,"runnerResourcesCleanupVerified":true,"cleanupVerified":true,"nestedCleanupOutcome":"not-applicable","privateEvidenceRetained":false,"releaseApproved":false}
Owned Catalog, cutover and authority PostgreSQL	Run reader, cutover and authority tests in independently owned clusters	2026-09-08T10:10:28.7082249Z {"evidence":"owned-service-profile","profile":"selfhost-postgres16-alpine-v1","imageId":"sha256:75f5a96988cdf694a215073c3e9c001b706b371e2f94df3967f2efdec2787f6b","databaseProperties":{"encoding":6,"datcollate":"en_US.utf8","datctype":"en_US.utf8","datlocprovider":"c","daticulocale":null,"daticurules":null,"datcollversion":null,"datconnlimit":-1,"datallowconn":true,"datistemplate":false}}
Owned Catalog, cutover and authority PostgreSQL	Run reader, cutover and authority tests in independently owned clusters	2026-09-08T10:10:36.0034187Z 
Owned Catalog, cutover and authority PostgreSQL	Run reader, cutover and authority tests in independently owned clusters	2026-09-08T10:10:36.0035726Z ^[[1m^[[30m^[[46m RUN ^[[49m^[[39m^[[22m ^[[36mv4.1.5 ^[[39m^[[90m/home/runner/work/WiseEff/WiseEff^[[39m
Owned Catalog, cutover and authority PostgreSQL	Run reader, cutover and authority tests in independently owned clusters	2026-09-08T10:10:36.0036385Z 
Owned Catalog, cutover and authority PostgreSQL	Run reader, cutover and authority tests in independently owned clusters	2026-09-08T10:10:36.0037815Z  ^[[32m✓^[[39m server/modules/release-verification/gates/postgres/writerReachability.integration.test.ts ^[[2m(^[[22m^[[2m35 tests^[[22m^[[2m)^[[22m^[[33m 6252^[[2mms^[[22m^[[39m
Owned Catalog, cutover and authority PostgreSQL	Run reader, cutover and authority tests in independently owned clusters	2026-09-08T10:10:36.0039228Z 
Owned Catalog, cutover and authority PostgreSQL	Run reader, cutover and authority tests in independently owned clusters	2026-09-08T10:10:36.0039795Z ^[[2m Test Files ^[[22m ^[[1m^[[32m1 passed^[[39m^[[22m^[[90m (1)^[[39m
Owned Catalog, cutover and authority PostgreSQL	Run reader, cutover and authority tests in independently owned clusters	2026-09-08T10:10:36.0040665Z ^[[2m      Tests ^[[22m ^[[1m^[[32m35 passed^[[39m^[[22m^[[90m (35)^[[39m
Owned Catalog, cutover and authority PostgreSQL	Run reader, cutover and authority tests in independently owned clusters	2026-09-08T10:10:36.0041332Z ^[[2m   Start at ^[[22m 10:10:29
Owned Catalog, cutover and authority PostgreSQL	Run reader, cutover and authority tests in independently owned clusters	2026-09-08T10:10:36.0042566Z ^[[2m   Duration ^[[22m 6.76s^[[2m (transform 307ms, setup 0ms, import 383ms, tests 6.25s, environment 0ms)^[[22m
Owned Catalog, cutover and authority PostgreSQL	Run reader, cutover and authority tests in independently owned clusters	2026-09-08T10:10:36.0043215Z 
Owned Catalog, cutover and authority PostgreSQL	Run reader, cutover and authority tests in independently owned clusters	2026-09-08T10:10:36.5569159Z {"scope":"isolated-components-only","suite":"writer-reachability-pg16","imageReference":"postgres:16-alpine","imageId":"sha256:75f5a96988cdf694a215073c3e9c001b706b371e2f94df3967f2efdec2787f6b","platform":"linux/amd64","containerId":"b3d38d0e20a7e41e1eea7c259e08eccf7200e695c2fa5d123c1170541df83f81","networkId":"8013c3132e6d895abc356fb743d4e2fb5253afc5e141ff0836a76ca24ab1006b","exitCode":0,"runnerResourcesCleanupVerified":true,"cleanupVerified":true,"nestedCleanupOutcome":"not-applicable","privateEvidenceRetained":false,"releaseApproved":false}
Owned Catalog, cutover and authority PostgreSQL	Run reader, cutover and authority tests in independently owned clusters	2026-09-08T10:10:42.5752661Z {"evidence":"owned-service-profile","profile":"selfhost-postgres16-alpine-v1","imageId":"sha256:75f5a96988cdf694a215073c3e9c001b706b371e2f94df3967f2efdec2787f6b","databaseProperties":{"encoding":6,"datcollate":"en_US.utf8","datctype":"en_US.utf8","datlocprovider":"c","daticulocale":null,"daticurules":null,"datcollversion":null,"datconnlimit":-1,"datallowconn":true,"datistemplate":false}}
Owned Catalog, cutover and authority PostgreSQL	Run reader, cutover and authority tests in independently owned clusters	2026-09-08T10:10:53.0388452Z 
Owned Catalog, cutover and authority PostgreSQL	Run reader, cutover and authority tests in independently owned clusters	2026-09-08T10:10:53.0389909Z ^[[1m^[[30m^[[46m RUN ^[[49m^[[39m^[[22m ^[[36mv4.1.5 ^[[39m^[[90m/home/runner/work/WiseEff/WiseEff^[[39m
Owned Catalog, cutover and authority PostgreSQL	Run reader, cutover and authority tests in independently owned clusters	2026-09-08T10:10:53.0390748Z 
Owned Catalog, cutover and authority PostgreSQL	Run reader, cutover and authority tests in independently owned clusters	2026-09-08T10:10:53.0391927Z  ^[[32m✓^[[39m server/shared/database/runtimeConnection.integration.test.ts ^[[2m(^[[22m^[[2m11 tests^[[22m^[[2m)^[[22m^[[33m 9135^[[2mms^[[22m^[[39m
Owned Catalog, cutover and authority PostgreSQL	Run reader, cutover and authority tests in independently owned clusters	2026-09-08T10:10:53.0394039Z      ^[[33m^[[2m✓^[[22m^[[39m 'server/index.ts' refuses 'postgres' before worker/server construction ^[[33m 2355^[[2mms^[[22m^[[39m
Owned Catalog, cutover and authority PostgreSQL	Run reader, cutover and authority tests in independently owned clusters	2026-09-08T10:10:53.0396082Z      ^[[33m^[[2m✓^[[22m^[[39m 'server/index.ts' refuses 'runtime' before worker/server construction ^[[33m 1714^[[2mms^[[22m^[[39m
Owned Catalog, cutover and authority PostgreSQL	Run reader, cutover and authority tests in independently owned clusters	2026-09-08T10:10:53.0398893Z      ^[[33m^[[2m✓^[[22m^[[39m 'server/modules/logs/workerRunner.ts' refuses 'postgres' before worker/server construction ^[[33m 1015^[[2mms^[[22m^[[39m
Owned Catalog, cutover and authority PostgreSQL	Run reader, cutover and authority tests in independently owned clusters	2026-09-08T10:10:53.0401253Z      ^[[33m^[[2m✓^[[22m^[[39m 'server/modules/logs/workerRunner.ts' refuses 'runtime' before worker/server construction ^[[33m 996^[[2mms^[[22m^[[39m
Owned Catalog, cutover and authority PostgreSQL	Run reader, cutover and authority tests in independently owned clusters	2026-09-08T10:10:53.0402138Z 
Owned Catalog, cutover and authority PostgreSQL	Run reader, cutover and authority tests in independently owned clusters	2026-09-08T10:10:53.0402724Z ^[[2m Test Files ^[[22m ^[[1m^[[32m1 passed^[[39m^[[22m^[[90m (1)^[[39m
Owned Catalog, cutover and authority PostgreSQL	Run reader, cutover and authority tests in independently owned clusters	2026-09-08T10:10:53.0403730Z ^[[2m      Tests ^[[22m ^[[1m^[[32m11 passed^[[39m^[[22m^[[90m (11)^[[39m
Owned Catalog, cutover and authority PostgreSQL	Run reader, cutover and authority tests in independently owned clusters	2026-09-08T10:10:53.0404287Z ^[[2m   Start at ^[[22m 10:10:43
Owned Catalog, cutover and authority PostgreSQL	Run reader, cutover and authority tests in independently owned clusters	2026-09-08T10:10:53.0405103Z ^[[2m   Duration ^[[22m 9.91s^[[2m (transform 171ms, setup 0ms, import 655ms, tests 9.14s, environment 0ms)^[[22m
Owned Catalog, cutover and authority PostgreSQL	Run reader, cutover and authority tests in independently owned clusters	2026-09-08T10:10:53.0405648Z 
Owned Catalog, cutover and authority PostgreSQL	Run reader, cutover and authority tests in independently owned clusters	2026-09-08T10:10:53.6149810Z {"scope":"isolated-components-only","suite":"runtime-identity-pg16","imageReference":"postgres:16-alpine","imageId":"sha256:75f5a96988cdf694a215073c3e9c001b706b371e2f94df3967f2efdec2787f6b","platform":"linux/amd64","containerId":"13be16be3852ee55e23014bb27a85d44d09461591fbd821816f74897af18a1d3","networkId":"29dbaba1403989e805989ae9aed03f4a0e46f8a8e1f18b5970b3d73cac2c7769","exitCode":0,"runnerResourcesCleanupVerified":true,"cleanupVerified":true,"nestedCleanupOutcome":"not-applicable","privateEvidenceRetained":false,"releaseApproved":false}
Owned Catalog, cutover and authority PostgreSQL	Run reader, cutover and authority tests in independently owned clusters	2026-09-08T10:10:59.9270952Z {"evidence":"owned-service-profile","profile":"selfhost-postgres16-alpine-v1","imageId":"sha256:75f5a96988cdf694a215073c3e9c001b706b371e2f94df3967f2efdec2787f6b","databaseProperties":{"encoding":6,"datcollate":"en_US.utf8","datctype":"en_US.utf8","datlocprovider":"c","daticulocale":null,"daticurules":null,"datcollversion":null,"datconnlimit":-1,"datallowconn":true,"datistemplate":false}}
Owned Catalog, cutover and authority PostgreSQL	Run reader, cutover and authority tests in independently owned clusters	2026-09-08T10:11:11.7287004Z 
Owned Catalog, cutover and authority PostgreSQL	Run reader, cutover and authority tests in independently owned clusters	2026-09-08T10:11:11.7288545Z ^[[1m^[[30m^[[46m RUN ^[[49m^[[39m^[[22m ^[[36mv4.1.5 ^[[39m^[[90m/home/runner/work/WiseEff/WiseEff^[[39m
Owned Catalog, cutover and authority PostgreSQL	Run reader, cutover and authority tests in independently owned clusters	2026-09-08T10:11:11.7289058Z 
Owned Catalog, cutover and authority PostgreSQL	Run reader, cutover and authority tests in independently owned clusters	2026-09-08T10:11:11.7290868Z ^[[90mstdout^[[2m | ops/self-hosted/scripts/parameter-catalog-upgrade/runtimeRoleSource.integration.test.ts^[[2m > ^[[22m^[[2mobserves actual application and optional governance LOGIN OIDs without startup admission
Owned Catalog, cutover and authority PostgreSQL	Run reader, cutover and authority tests in independently owned clusters	2026-09-08T10:11:11.7294183Z ^[[22m^[[39m{"evidence":"runtime-role-schema-wire-shape","nativeType":"string","nativeArray":false,"nativeOid":1003,"normalizedType":"object","normalizedArray":true,"normalizedOid":1009,"catalogFirst":true}
Owned Catalog, cutover and authority PostgreSQL	Run reader, cutover and authority tests in independently owned clusters	2026-09-08T10:11:11.7295101Z 
Owned Catalog, cutover and authority PostgreSQL	Run reader, cutover and authority tests in independently owned clusters	2026-09-08T10:11:11.7296073Z ^[[90mstdout^[[2m | ops/self-hosted/scripts/parameter-catalog-upgrade/runtimeRoleSource.integration.test.ts^[[2m > ^[[22m^[[2mrejects the actual wrong manager password and releases every prior pool
Owned Catalog, cutover and authority PostgreSQL	Run reader, cutover and authority tests in independently owned clusters	2026-09-08T10:11:11.7297375Z ^[[22m^[[39m{"evidence":"runtime-role-close-pids","atReturn":[],"server":[]}
Owned Catalog, cutover and authority PostgreSQL	Run reader, cutover and authority tests in independently owned clusters	2026-09-08T10:11:11.7297771Z 
Owned Catalog, cutover and authority PostgreSQL	Run reader, cutover and authority tests in independently owned clusters	2026-09-08T10:11:11.7299190Z ^[[90mstdout^[[2m | ops/self-hosted/scripts/parameter-catalog-upgrade/runtimeRoleSource.integration.test.ts^[[2m > ^[[22m^[[2mrejects the actual wrong worker password and releases every prior pool
Owned Catalog, cutover and authority PostgreSQL	Run reader, cutover and authority tests in independently owned clusters	2026-09-08T10:11:11.7300666Z ^[[22m^[[39m{"evidence":"runtime-role-close-pids","atReturn":[{"kind":"manager","pid":119,"ended":true},{"kind":"api","pid":120,"ended":true}],"server":[]}
Owned Catalog, cutover and authority PostgreSQL	Run reader, cutover and authority tests in independently owned clusters	2026-09-08T10:11:11.7301200Z 
Owned Catalog, cutover and authority PostgreSQL	Run reader, cutover and authority tests in independently owned clusters	2026-09-08T10:11:11.7302251Z ^[[90mstdout^[[2m | ops/self-hosted/scripts/parameter-catalog-upgrade/runtimeRoleSource.integration.test.ts^[[2m > ^[[22m^[[2mrefuses an issued observation after actual manager backend termination and closes all pools
Owned Catalog, cutover and authority PostgreSQL	Run reader, cutover and authority tests in independently owned clusters	2026-09-08T10:11:11.7303913Z ^[[22m^[[39m{"evidence":"runtime-role-close-pids","atReturn":[{"kind":"manager","pid":122,"ended":true},{"kind":"api","pid":123,"ended":true},{"kind":"worker","pid":124,"ended":true}],"server":[]}
Owned Catalog, cutover and authority PostgreSQL	Run reader, cutover and authority tests in independently owned clusters	2026-09-08T10:11:11.7304847Z 
Owned Catalog, cutover and authority PostgreSQL	Run reader, cutover and authority tests in independently owned clusters	2026-09-08T10:11:11.7305898Z ^[[90mstdout^[[2m | ops/self-hosted/scripts/parameter-catalog-upgrade/runtimeRoleSource.integration.test.ts^[[2m > ^[[22m^[[2mrefuses an issued observation after actual manager backend termination and closes all pools
Owned Catalog, cutover and authority PostgreSQL	Run reader, cutover and authority tests in independently owned clusters	2026-09-08T10:11:11.7307548Z ^[[22m^[[39m{"evidence":"runtime-role-close-pids","atReturn":[{"kind":"manager","pid":122,"ended":true},{"kind":"api","pid":123,"ended":true},{"kind":"worker","pid":124,"ended":true}],"server":[]}
Owned Catalog, cutover and authority PostgreSQL	Run reader, cutover and authority tests in independently owned clusters	2026-09-08T10:11:11.7308526Z 
Owned Catalog, cutover and authority PostgreSQL	Run reader, cutover and authority tests in independently owned clusters	2026-09-08T10:11:11.7309608Z ^[[90mstdout^[[2m | ops/self-hosted/scripts/parameter-catalog-upgrade/runtimeRoleSource.integration.test.ts^[[2m > ^[[22m^[[2mrefuses an issued observation after actual worker backend termination and closes all pools
Owned Catalog, cutover and authority PostgreSQL	Run reader, cutover and authority tests in independently owned clusters	2026-09-08T10:11:11.7311292Z ^[[22m^[[39m{"evidence":"runtime-role-close-pids","atReturn":[{"kind":"manager","pid":125,"ended":true},{"kind":"api","pid":126,"ended":true},{"kind":"worker","pid":127,"ended":true}],"server":[]}
Owned Catalog, cutover and authority PostgreSQL	Run reader, cutover and authority tests in independently owned clusters	2026-09-08T10:11:11.7311939Z 
Owned Catalog, cutover and authority PostgreSQL	Run reader, cutover and authority tests in independently owned clusters	2026-09-08T10:11:11.7312968Z ^[[90mstdout^[[2m | ops/self-hosted/scripts/parameter-catalog-upgrade/runtimeRoleSource.integration.test.ts^[[2m > ^[[22m^[[2mrefuses an issued observation after actual worker backend termination and closes all pools
Owned Catalog, cutover and authority PostgreSQL	Run reader, cutover and authority tests in independently owned clusters	2026-09-08T10:11:11.7314597Z ^[[22m^[[39m{"evidence":"runtime-role-close-pids","atReturn":[{"kind":"manager","pid":125,"ended":true},{"kind":"api","pid":126,"ended":true},{"kind":"worker","pid":127,"ended":true}],"server":[]}
Owned Catalog, cutover and authority PostgreSQL	Run reader, cutover and authority tests in independently owned clusters	2026-09-08T10:11:11.7315231Z 
Owned Catalog, cutover and authority PostgreSQL	Run reader, cutover and authority tests in independently owned clusters	2026-09-08T10:11:11.7318542Z ^[[90mstdout^[[2m | ops/self-hosted/scripts/parameter-catalog-upgrade/runtimeRoleSource.integration.test.ts^[[2m > ^[[22m^[[2msettles initialization and releases pools when the actual management backend is terminated at checkout
Owned Catalog, cutover and authority PostgreSQL	Run reader, cutover and authority tests in independently owned clusters	2026-09-08T10:11:11.7320940Z ^[[22m^[[39m{"evidence":"runtime-role-close-pids","atReturn":[{"kind":"manager","pid":128,"ended":true}],"server":[]}
Owned Catalog, cutover and authority PostgreSQL	Run reader, cutover and authority tests in independently owned clusters	2026-09-08T10:11:11.7321970Z 
Owned Catalog, cutover and authority PostgreSQL	Run reader, cutover and authority tests in independently owned clusters	2026-09-08T10:11:11.7323443Z  ^[[32m✓^[[39m ops/self-hosted/scripts/parameter-catalog-upgrade/runtimeRoleSource.integration.test.ts ^[[2m(^[[22m^[[2m13 tests^[[22m^[[2m)^[[22m^[[33m 10418^[[2mms^[[22m^[[39m
Owned Catalog, cutover and authority PostgreSQL	Run reader, cutover and authority tests in independently owned clusters	2026-09-08T10:11:11.7325747Z    ^[[33m^[[2m✓^[[22m^[[39m observes actual application and optional governance LOGIN OIDs without startup admission ^[[33m 635^[[2mms^[[22m^[[39m
Owned Catalog, cutover and authority PostgreSQL	Run reader, cutover and authority tests in independently owned clusters	2026-09-08T10:11:11.7327689Z    ^[[33m^[[2m✓^[[22m^[[39m refuses replacement of the pinned file after actual LOGIN authentication ^[[33m 436^[[2mms^[[22m^[[39m
Owned Catalog, cutover and authority PostgreSQL	Run reader, cutover and authority tests in independently owned clusters	2026-09-08T10:11:11.7329879Z    ^[[33m^[[2m✓^[[22m^[[39m observes a runtime privilege change after issuance instead of trusting cached identity ^[[33m 517^[[2mms^[[22m^[[39m
Owned Catalog, cutover and authority PostgreSQL	Run reader, cutover and authority tests in independently owned clusters	2026-09-08T10:11:11.7331691Z    ^[[33m^[[2m✓^[[22m^[[39m rejects the actual wrong worker password and releases every prior pool ^[[33m 308^[[2mms^[[22m^[[39m
Owned Catalog, cutover and authority PostgreSQL	Run reader, cutover and authority tests in independently owned clusters	2026-09-08T10:11:11.7333645Z    ^[[33m^[[2m✓^[[22m^[[39m refuses an issued observation after actual manager backend termination and closes all pools ^[[33m 612^[[2mms^[[22m^[[39m
Owned Catalog, cutover and authority PostgreSQL	Run reader, cutover and authority tests in independently owned clusters	2026-09-08T10:11:11.7335724Z    ^[[33m^[[2m✓^[[22m^[[39m refuses an issued observation after actual worker backend termination and closes all pools ^[[33m 587^[[2mms^[[22m^[[39m
Owned Catalog, cutover and authority PostgreSQL	Run reader, cutover and authority tests in independently owned clusters	2026-09-08T10:11:11.7336659Z 
Owned Catalog, cutover and authority PostgreSQL	Run reader, cutover and authority tests in independently owned clusters	2026-09-08T10:11:11.7337249Z ^[[2m Test Files ^[[22m ^[[1m^[[32m1 passed^[[39m^[[22m^[[90m (1)^[[39m
Owned Catalog, cutover and authority PostgreSQL	Run reader, cutover and authority tests in independently owned clusters	2026-09-08T10:11:11.7338511Z ^[[2m      Tests ^[[22m ^[[1m^[[32m13 passed^[[39m^[[22m^[[90m (13)^[[39m
Owned Catalog, cutover and authority PostgreSQL	Run reader, cutover and authority tests in independently owned clusters	2026-09-08T10:11:11.7339351Z ^[[2m   Start at ^[[22m 10:11:00
Owned Catalog, cutover and authority PostgreSQL	Run reader, cutover and authority tests in independently owned clusters	2026-09-08T10:11:11.7340627Z ^[[2m   Duration ^[[22m 11.27s^[[2m (transform 470ms, setup 0ms, import 739ms, tests 10.42s, environment 0ms)^[[22m
Owned Catalog, cutover and authority PostgreSQL	Run reader, cutover and authority tests in independently owned clusters	2026-09-08T10:11:11.7341372Z 
Owned Catalog, cutover and authority PostgreSQL	Run reader, cutover and authority tests in independently owned clusters	2026-09-08T10:11:12.2879857Z {"scope":"isolated-components-only","suite":"runtime-role-source-pg16","imageReference":"postgres:16-alpine","imageId":"sha256:75f5a96988cdf694a215073c3e9c001b706b371e2f94df3967f2efdec2787f6b","platform":"linux/amd64","containerId":"913700e9639a702125defe6de4036cf101f011e66ceaa89260ba737ffc5a2a41","networkId":"2cf0b4b892432d5df57d523d84ff085a29db99b068a609757d336af1390a81d6","exitCode":0,"runnerResourcesCleanupVerified":true,"cleanupVerified":true,"nestedCleanupOutcome":"not-applicable","privateEvidenceRetained":false,"releaseApproved":false}
Owned Catalog, cutover and authority PostgreSQL	Run reader, cutover and authority tests in independently owned clusters	2026-09-08T10:11:18.5854352Z {"evidence":"owned-service-profile","profile":"selfhost-postgres16-alpine-v1","imageId":"sha256:75f5a96988cdf694a215073c3e9c001b706b371e2f94df3967f2efdec2787f6b","databaseProperties":{"encoding":6,"datcollate":"en_US.utf8","datctype":"en_US.utf8","datlocprovider":"c","daticulocale":null,"daticurules":null,"datcollversion":null,"datconnlimit":-1,"datallowconn":true,"datistemplate":false}}
Owned Catalog, cutover and authority PostgreSQL	Run reader, cutover and authority tests in independently owned clusters	2026-09-08T10:13:15.3074409Z 
Owned Catalog, cutover and authority PostgreSQL	Run reader, cutover and authority tests in independently owned clusters	2026-09-08T10:13:15.3075728Z ^[[1m^[[30m^[[46m RUN ^[[49m^[[39m^[[22m ^[[36mv4.1.5 ^[[39m^[[90m/home/runner/work/WiseEff/WiseEff^[[39m
Owned Catalog, cutover and authority PostgreSQL	Run reader, cutover and authority tests in independently owned clusters	2026-09-08T10:13:15.3076144Z 
Owned Catalog, cutover and authority PostgreSQL	Run reader, cutover and authority tests in independently owned clusters	2026-09-08T10:13:15.3079020Z ^[[90mstdout^[[2m | server/modules/catalog-cutover/retirement/legacySqlPrivilegeFence.integration.test.ts^[[2m > ^[[22m^[[2mcross-database dependency lifecycle^[[2m > ^[[22m^[[2mfreezes cross-database ACL dependencies until acknowledgment without touching the other database's grants
Owned Catalog, cutover and authority PostgreSQL	Run reader, cutover and authority tests in independently owned clusters	2026-09-08T10:13:15.3081474Z ^[[22m^[[39m{"evidence":"sql-dependency-lifecycle","stage":"second-database-start","elapsedMs":0}
Owned Catalog, cutover and authority PostgreSQL	Run reader, cutover and authority tests in independently owned clusters	2026-09-08T10:13:15.3081888Z 
Owned Catalog, cutover and authority PostgreSQL	Run reader, cutover and authority tests in independently owned clusters	2026-09-08T10:13:15.3083346Z ^[[90mstdout^[[2m | server/modules/catalog-cutover/retirement/legacySqlPrivilegeFence.integration.test.ts^[[2m > ^[[22m^[[2mcross-database dependency lifecycle^[[2m > ^[[22m^[[2mfreezes cross-database ACL dependencies until acknowledgment without touching the other database's grants
Owned Catalog, cutover and authority PostgreSQL	Run reader, cutover and authority tests in independently owned clusters	2026-09-08T10:13:15.3085152Z ^[[22m^[[39m{"evidence":"sql-dependency-lifecycle","stage":"second-database-ready","elapsedMs":1740}
Owned Catalog, cutover and authority PostgreSQL	Run reader, cutover and authority tests in independently owned clusters	2026-09-08T10:13:15.3085563Z 
Owned Catalog, cutover and authority PostgreSQL	Run reader, cutover and authority tests in independently owned clusters	2026-09-08T10:13:15.3086962Z ^[[90mstdout^[[2m | server/modules/catalog-cutover/retirement/legacySqlPrivilegeFence.integration.test.ts^[[2m > ^[[22m^[[2mcross-database dependency lifecycle^[[2m > ^[[22m^[[2mfreezes cross-database ACL dependencies until acknowledgment without touching the other database's grants
Owned Catalog, cutover and authority PostgreSQL	Run reader, cutover and authority tests in independently owned clusters	2026-09-08T10:13:15.3089197Z ^[[22m^[[39m{"evidence":"sql-dependency-lifecycle","stage":"second-session-ready","elapsedMs":1745}
Owned Catalog, cutover and authority PostgreSQL	Run reader, cutover and authority tests in independently owned clusters	2026-09-08T10:13:15.3089615Z 
Owned Catalog, cutover and authority PostgreSQL	Run reader, cutover and authority tests in independently owned clusters	2026-09-08T10:13:15.3091011Z ^[[90mstdout^[[2m | server/modules/catalog-cutover/retirement/legacySqlPrivilegeFence.integration.test.ts^[[2m > ^[[22m^[[2mcross-database dependency lifecycle^[[2m > ^[[22m^[[2mfreezes cross-database ACL dependencies until acknowledgment without touching the other database's grants
Owned Catalog, cutover and authority PostgreSQL	Run reader, cutover and authority tests in independently owned clusters	2026-09-08T10:13:15.3092480Z ^[[22m^[[39m{"evidence":"sql-dependency-lifecycle","stage":"preparation-complete","elapsedMs":1749}
Owned Catalog, cutover and authority PostgreSQL	Run reader, cutover and authority tests in independently owned clusters	2026-09-08T10:13:15.3092865Z 
Owned Catalog, cutover and authority PostgreSQL	Run reader, cutover and authority tests in independently owned clusters	2026-09-08T10:13:15.3094205Z ^[[90mstdout^[[2m | server/modules/catalog-cutover/retirement/legacySqlPrivilegeFence.integration.test.ts^[[2m > ^[[22m^[[2mcross-database dependency lifecycle^[[2m > ^[[22m^[[2mfreezes cross-database ACL dependencies until acknowledgment without touching the other database's grants
Owned Catalog, cutover and authority PostgreSQL	Run reader, cutover and authority tests in independently owned clusters	2026-09-08T10:13:15.3095646Z ^[[22m^[[39m{"evidence":"sql-dependency-lifecycle","stage":"effect-start","elapsedMs":1751}
Owned Catalog, cutover and authority PostgreSQL	Run reader, cutover and authority tests in independently owned clusters	2026-09-08T10:13:15.3096010Z 
Owned Catalog, cutover and authority PostgreSQL	Run reader, cutover and authority tests in independently owned clusters	2026-09-08T10:13:15.3097344Z ^[[90mstdout^[[2m | server/modules/catalog-cutover/retirement/legacySqlPrivilegeFence.integration.test.ts^[[2m > ^[[22m^[[2mcross-database dependency lifecycle^[[2m > ^[[22m^[[2mfreezes cross-database ACL dependencies until acknowledgment without touching the other database's grants
Owned Catalog, cutover and authority PostgreSQL	Run reader, cutover and authority tests in independently owned clusters	2026-09-08T10:13:15.3098998Z ^[[22m^[[39m{"evidence":"sql-dependency-lifecycle","stage":"effect-complete","elapsedMs":1906}
Owned Catalog, cutover and authority PostgreSQL	Run reader, cutover and authority tests in independently owned clusters	2026-09-08T10:13:15.3099361Z 
Owned Catalog, cutover and authority PostgreSQL	Run reader, cutover and authority tests in independently owned clusters	2026-09-08T10:13:15.3100690Z ^[[90mstdout^[[2m | server/modules/catalog-cutover/retirement/legacySqlPrivilegeFence.integration.test.ts^[[2m > ^[[22m^[[2mcross-database dependency lifecycle^[[2m > ^[[22m^[[2mfreezes cross-database ACL dependencies until acknowledgment without touching the other database's grants
Owned Catalog, cutover and authority PostgreSQL	Run reader, cutover and authority tests in independently owned clusters	2026-09-08T10:13:15.3102141Z ^[[22m^[[39m{"evidence":"sql-dependency-lifecycle","stage":"assertions-complete","elapsedMs":1908}
Owned Catalog, cutover and authority PostgreSQL	Run reader, cutover and authority tests in independently owned clusters	2026-09-08T10:13:15.3102519Z 
Owned Catalog, cutover and authority PostgreSQL	Run reader, cutover and authority tests in independently owned clusters	2026-09-08T10:13:15.3103850Z ^[[90mstdout^[[2m | server/modules/catalog-cutover/retirement/legacySqlPrivilegeFence.integration.test.ts^[[2m > ^[[22m^[[2mcross-database dependency lifecycle^[[2m > ^[[22m^[[2mfreezes cross-database ACL dependencies until acknowledgment without touching the other database's grants
Owned Catalog, cutover and authority PostgreSQL	Run reader, cutover and authority tests in independently owned clusters	2026-09-08T10:13:15.3105521Z ^[[22m^[[39m{"evidence":"sql-dependency-lifecycle","stage":"second-session-close","elapsedMs":1911}
Owned Catalog, cutover and authority PostgreSQL	Run reader, cutover and authority tests in independently owned clusters	2026-09-08T10:13:15.3105902Z 
Owned Catalog, cutover and authority PostgreSQL	Run reader, cutover and authority tests in independently owned clusters	2026-09-08T10:13:15.3107232Z ^[[90mstdout^[[2m | server/modules/catalog-cutover/retirement/legacySqlPrivilegeFence.integration.test.ts^[[2m > ^[[22m^[[2mcross-database dependency lifecycle^[[2m > ^[[22m^[[2mfreezes cross-database ACL dependencies until acknowledgment without touching the other database's grants
Owned Catalog, cutover and authority PostgreSQL	Run reader, cutover and authority tests in independently owned clusters	2026-09-08T10:13:15.3109296Z ^[[22m^[[39m{"evidence":"sql-dependency-lifecycle","stage":"second-pool-close","elapsedMs":1911}
Owned Catalog, cutover and authority PostgreSQL	Run reader, cutover and authority tests in independently owned clusters	2026-09-08T10:13:15.3109721Z 
Owned Catalog, cutover and authority PostgreSQL	Run reader, cutover and authority tests in independently owned clusters	2026-09-08T10:13:15.3111079Z ^[[90mstdout^[[2m | server/modules/catalog-cutover/retirement/legacySqlPrivilegeFence.integration.test.ts^[[2m > ^[[22m^[[2mcross-database dependency lifecycle^[[2m > ^[[22m^[[2mfreezes cross-database ACL dependencies until acknowledgment without touching the other database's grants
Owned Catalog, cutover and authority PostgreSQL	Run reader, cutover and authority tests in independently owned clusters	2026-09-08T10:13:15.3112592Z ^[[22m^[[39m{"evidence":"sql-dependency-lifecycle","stage":"second-database-close","elapsedMs":2845}
Owned Catalog, cutover and authority PostgreSQL	Run reader, cutover and authority tests in independently owned clusters	2026-09-08T10:13:15.3112984Z 
Owned Catalog, cutover and authority PostgreSQL	Run reader, cutover and authority tests in independently owned clusters	2026-09-08T10:13:15.3113761Z  ^[[32m✓^[[39m server/modules/catalog-cutover/retirement/legacySqlPrivilegeFence.integration.test.ts ^[[2m(^[[22m^[[2m20 tests^[[22m^[[2m)^[[22m^[[33m 113974^[[2mms^[[22m^[[39m
Owned Catalog, cutover and authority PostgreSQL	Run reader, cutover and authority tests in independently owned clusters	2026-09-08T10:13:15.3115009Z    ^[[33m^[[2m✓^[[22m^[[39m retires an actual direct grant without removing SELECT, owners or unrelated business privileges ^[[33m 5679^[[2mms^[[22m^[[39m
Owned Catalog, cutover and authority PostgreSQL	Run reader, cutover and authority tests in independently owned clusters	2026-09-08T10:13:15.3116284Z    ^[[33m^[[2m✓^[[22m^[[39m retires an actual column grant without removing SELECT, owners or unrelated business privileges ^[[33m 5568^[[2mms^[[22m^[[39m
Owned Catalog, cutover and authority PostgreSQL	Run reader, cutover and authority tests in independently owned clusters	2026-09-08T10:13:15.3117374Z    ^[[33m^[[2m✓^[[22m^[[39m retires an actual public grant without removing SELECT, owners or unrelated business privileges ^[[33m 5613^[[2mms^[[22m^[[39m
Owned Catalog, cutover and authority PostgreSQL	Run reader, cutover and authority tests in independently owned clusters	2026-09-08T10:13:15.3119063Z    ^[[33m^[[2m✓^[[22m^[[39m retires an actual inherit grant without removing SELECT, owners or unrelated business privileges ^[[33m 5553^[[2mms^[[22m^[[39m
Owned Catalog, cutover and authority PostgreSQL	Run reader, cutover and authority tests in independently owned clusters	2026-09-08T10:13:15.3120176Z    ^[[33m^[[2m✓^[[22m^[[39m retires an actual set grant without removing SELECT, owners or unrelated business privileges ^[[33m 5648^[[2mms^[[22m^[[39m
Owned Catalog, cutover and authority PostgreSQL	Run reader, cutover and authority tests in independently owned clusters	2026-09-08T10:13:15.3121154Z    ^[[33m^[[2m✓^[[22m^[[39m does not dispatch REVOKE when the root's host intent persistence fails ^[[33m 5579^[[2mms^[[22m^[[39m
Owned Catalog, cutover and authority PostgreSQL	Run reader, cutover and authority tests in independently owned clusters	2026-09-08T10:13:15.3122393Z    ^[[33m^[[2m✓^[[22m^[[39m rejects an existing caller transaction without committing or ending it ^[[33m 5536^[[2mms^[[22m^[[39m
Owned Catalog, cutover and authority PostgreSQL	Run reader, cutover and authority tests in independently owned clusters	2026-09-08T10:13:15.3124062Z    ^[[33m^[[2m✓^[[22m^[[39m refuses unsupported owner scope before persisting intent or revoking ^[[33m 5580^[[2mms^[[22m^[[39m
Owned Catalog, cutover and authority PostgreSQL	Run reader, cutover and authority tests in independently owned clusters	2026-09-08T10:13:15.3125424Z    ^[[33m^[[2m✓^[[22m^[[39m refuses unsupported super scope before persisting intent or revoking ^[[33m 5559^[[2mms^[[22m^[[39m
Owned Catalog, cutover and authority PostgreSQL	Run reader, cutover and authority tests in independently owned clusters	2026-09-08T10:13:15.3126393Z    ^[[33m^[[2m✓^[[22m^[[39m refuses unsupported recovery scope before persisting intent or revoking ^[[33m 5595^[[2mms^[[22m^[[39m
Owned Catalog, cutover and authority PostgreSQL	Run reader, cutover and authority tests in independently owned clusters	2026-09-08T10:13:15.3127444Z    ^[[33m^[[2m✓^[[22m^[[39m refuses unsupported shared scope before persisting intent or revoking ^[[33m 5586^[[2mms^[[22m^[[39m
Owned Catalog, cutover and authority PostgreSQL	Run reader, cutover and authority tests in independently owned clusters	2026-09-08T10:13:15.3128686Z    ^[[33m^[[2m✓^[[22m^[[39m refuses unsupported references scope before persisting intent or revoking ^[[33m 5479^[[2mms^[[22m^[[39m
Owned Catalog, cutover and authority PostgreSQL	Run reader, cutover and authority tests in independently owned clusters	2026-09-08T10:13:15.3129922Z    ^[[33m^[[2m✓^[[22m^[[39m refuses unsupported grant-option scope before persisting intent or revoking ^[[33m 5529^[[2mms^[[22m^[[39m
Owned Catalog, cutover and authority PostgreSQL	Run reader, cutover and authority tests in independently owned clusters	2026-09-08T10:13:15.3130979Z    ^[[33m^[[2m✓^[[22m^[[39m does not fall back when the actual management session has changed role ^[[33m 5465^[[2mms^[[22m^[[39m
Owned Catalog, cutover and authority PostgreSQL	Run reader, cutover and authority tests in independently owned clusters	2026-09-08T10:13:15.3132205Z    ^[[33m^[[2m✓^[[22m^[[39m refuses an unsafe actual management search path before identity observation or effect ^[[33m 5506^[[2mms^[[22m^[[39m
Owned Catalog, cutover and authority PostgreSQL	Run reader, cutover and authority tests in independently owned clusters	2026-09-08T10:13:15.3133291Z    ^[[33m^[[2m✓^[[22m^[[39m refuses the actual seventh-table competing lock before intent ^[[33m 5550^[[2mms^[[22m^[[39m
Owned Catalog, cutover and authority PostgreSQL	Run reader, cutover and authority tests in independently owned clusters	2026-09-08T10:13:15.3134469Z    ^[[33m^[[2m✓^[[22m^[[39m keeps the actual committed effect inspectable after host acknowledgment failure and never replays it ^[[33m 5554^[[2mms^[[22m^[[39m
Owned Catalog, cutover and authority PostgreSQL	Run reader, cutover and authority tests in independently owned clusters	2026-09-08T10:13:15.3136018Z    ^[[33m^[[2m✓^[[22m^[[39m freezes actual role membership until the final host acknowledgment and releases that lock afterwards ^[[33m 5605^[[2mms^[[22m^[[39m
Owned Catalog, cutover and authority PostgreSQL	Run reader, cutover and authority tests in independently owned clusters	2026-09-08T10:13:15.3137357Z      ^[[33m^[[2m✓^[[22m^[[39m freezes cross-database ACL dependencies until acknowledgment without touching the other database's grants ^[[33m 8262^[[2mms^[[22m^[[39m
Owned Catalog, cutover and authority PostgreSQL	Run reader, cutover and authority tests in independently owned clusters	2026-09-08T10:13:15.3139063Z    ^[[33m^[[2m✓^[[22m^[[39m retires the existing module mapping mutation grants while retaining SELECT and the original rule ^[[33m 5524^[[2mms^[[22m^[[39m
Owned Catalog, cutover and authority PostgreSQL	Run reader, cutover and authority tests in independently owned clusters	2026-09-08T10:13:15.3139618Z 
Owned Catalog, cutover and authority PostgreSQL	Run reader, cutover and authority tests in independently owned clusters	2026-09-08T10:13:15.3139991Z ^[[2m Test Files ^[[22m ^[[1m^[[32m1 passed^[[39m^[[22m^[[90m (1)^[[39m
Owned Catalog, cutover and authority PostgreSQL	Run reader, cutover and authority tests in independently owned clusters	2026-09-08T10:13:15.3140600Z ^[[2m      Tests ^[[22m ^[[1m^[[32m20 passed^[[39m^[[22m^[[90m (20)^[[39m
Owned Catalog, cutover and authority PostgreSQL	Run reader, cutover and authority tests in independently owned clusters	2026-09-08T10:13:15.3141060Z ^[[2m   Start at ^[[22m 10:11:19
Owned Catalog, cutover and authority PostgreSQL	Run reader, cutover and authority tests in independently owned clusters	2026-09-08T10:13:15.3141851Z ^[[2m   Duration ^[[22m 116.19s^[[2m (transform 1.58s, setup 0ms, import 2.10s, tests 113.97s, environment 0ms)^[[22m
Owned Catalog, cutover and authority PostgreSQL	Run reader, cutover and authority tests in independently owned clusters	2026-09-08T10:13:15.3142333Z 
Owned Catalog, cutover and authority PostgreSQL	Run reader, cutover and authority tests in independently owned clusters	2026-09-08T10:13:15.8652861Z {"scope":"isolated-components-only","suite":"legacy-sql-privileges-pg16","imageReference":"postgres:16-alpine","imageId":"sha256:75f5a96988cdf694a215073c3e9c001b706b371e2f94df3967f2efdec2787f6b","platform":"linux/amd64","containerId":"556dd1d30016d6ba62a9916cc4245fa1843a902de5283d65d9321ebfed629b3a","networkId":"71c52300db0b96dc19299c3b4d32d5137fe72b0c7ac8adbb109173fd7ec00f24","exitCode":0,"runnerResourcesCleanupVerified":true,"cleanupVerified":true,"nestedCleanupOutcome":"not-applicable","privateEvidenceRetained":false,"releaseApproved":false}
Owned Catalog, cutover and authority PostgreSQL	Run reader, cutover and authority tests in independently owned clusters	2026-09-08T10:13:22.1891317Z {"evidence":"owned-service-profile","profile":"selfhost-postgres16-alpine-v1","imageId":"sha256:75f5a96988cdf694a215073c3e9c001b706b371e2f94df3967f2efdec2787f6b","databaseProperties":{"encoding":6,"datcollate":"en_US.utf8","datctype":"en_US.utf8","datlocprovider":"c","daticulocale":null,"daticurules":null,"datcollversion":null,"datconnlimit":-1,"datallowconn":true,"datistemplate":false}}
Owned Catalog, cutover and authority PostgreSQL	Run reader, cutover and authority tests in independently owned clusters	2026-09-08T10:13:35.8270217Z 
Owned Catalog, cutover and authority PostgreSQL	Run reader, cutover and authority tests in independently owned clusters	2026-09-08T10:13:35.8271252Z ^[[1m^[[30m^[[46m RUN ^[[49m^[[39m^[[22m ^[[36mv4.1.5 ^[[39m^[[90m/home/runner/work/WiseEff/WiseEff^[[39m
Owned Catalog, cutover and authority PostgreSQL	Run reader, cutover and authority tests in independently owned clusters	2026-09-08T10:13:35.8271657Z 
Owned Catalog, cutover and authority PostgreSQL	Run reader, cutover and authority tests in independently owned clusters	2026-09-08T10:13:35.8272416Z  ^[[32m✓^[[39m server/modules/parameter-governance/review/persistedQuery.integration.test.ts ^[[2m(^[[22m^[[2m5 tests^[[22m^[[2m)^[[22m^[[33m 5460^[[2mms^[[22m^[[39m
Owned Catalog, cutover and authority PostgreSQL	Run reader, cutover and authority tests in independently owned clusters	2026-09-08T10:13:35.8273728Z  ^[[32m✓^[[39m server/modules/parameter-catalog-api/cghReadProjection.integration.test.ts ^[[2m(^[[22m^[[2m5 tests^[[22m^[[2m)^[[22m^[[33m 5686^[[2mms^[[22m^[[39m
Owned Catalog, cutover and authority PostgreSQL	Run reader, cutover and authority tests in independently owned clusters	2026-09-08T10:13:35.8274340Z 
Owned Catalog, cutover and authority PostgreSQL	Run reader, cutover and authority tests in independently owned clusters	2026-09-08T10:13:35.8274651Z ^[[2m Test Files ^[[22m ^[[1m^[[32m2 passed^[[39m^[[22m^[[90m (2)^[[39m
Owned Catalog, cutover and authority PostgreSQL	Run reader, cutover and authority tests in independently owned clusters	2026-09-08T10:13:35.8275216Z ^[[2m      Tests ^[[22m ^[[1m^[[32m10 passed^[[39m^[[22m^[[90m (10)^[[39m
Owned Catalog, cutover and authority PostgreSQL	Run reader, cutover and authority tests in independently owned clusters	2026-09-08T10:13:35.8275655Z ^[[2m   Start at ^[[22m 10:13:22
Owned Catalog, cutover and authority PostgreSQL	Run reader, cutover and authority tests in independently owned clusters	2026-09-08T10:13:35.8276394Z ^[[2m   Duration ^[[22m 13.10s^[[2m (transform 961ms, setup 0ms, import 1.72s, tests 11.15s, environment 0ms)^[[22m
Owned Catalog, cutover and authority PostgreSQL	Run reader, cutover and authority tests in independently owned clusters	2026-09-08T10:13:35.8276837Z 
Owned Catalog, cutover and authority PostgreSQL	Run reader, cutover and authority tests in independently owned clusters	2026-09-08T10:13:36.3912137Z {"scope":"isolated-components-only","suite":"read-projections-pg16","imageReference":"postgres:16-alpine","imageId":"sha256:75f5a96988cdf694a215073c3e9c001b706b371e2f94df3967f2efdec2787f6b","platform":"linux/amd64","containerId":"3cf60eb2a5e1d35d69fbe4d37ddf4a41490b703bd03175f248a1bb9b28b41187","networkId":"e0ea3e162f409e3e1764f07be5a864551cc99e83d92b8020ccb2755f3caf658a","exitCode":0,"runnerResourcesCleanupVerified":true,"cleanupVerified":true,"nestedCleanupOutcome":"not-applicable","privateEvidenceRetained":false,"releaseApproved":false}
Owned Catalog, cutover and authority PostgreSQL	Run reader, cutover and authority tests in independently owned clusters	2026-09-08T10:13:42.6614531Z {"evidence":"owned-service-profile","profile":"selfhost-postgres16-alpine-v1","imageId":"sha256:75f5a96988cdf694a215073c3e9c001b706b371e2f94df3967f2efdec2787f6b","databaseProperties":{"encoding":6,"datcollate":"en_US.utf8","datctype":"en_US.utf8","datlocprovider":"c","daticulocale":null,"daticurules":null,"datcollversion":null,"datconnlimit":-1,"datallowconn":true,"datistemplate":false}}
Owned Catalog, cutover and authority PostgreSQL	Run reader, cutover and authority tests in independently owned clusters	2026-09-08T10:14:00.6746186Z 
Owned Catalog, cutover and authority PostgreSQL	Run reader, cutover and authority tests in independently owned clusters	2026-09-08T10:14:00.6749131Z ^[[1m^[[30m^[[46m RUN ^[[49m^[[39m^[[22m ^[[36mv4.1.5 ^[[39m^[[90m/home/runner/work/WiseEff/WiseEff^[[39m
Owned Catalog, cutover and authority PostgreSQL	Run reader, cutover and authority tests in independently owned clusters	2026-09-08T10:14:00.6749573Z 
Owned Catalog, cutover and authority PostgreSQL	Run reader, cutover and authority tests in independently owned clusters	2026-09-08T10:14:00.6750379Z  ^[[32m✓^[[39m server/modules/release-verification/startup/reportConnection.integration.test.ts ^[[2m(^[[22m^[[2m36 tests^[[22m^[[2m)^[[22m^[[33m 17027^[[2mms^[[22m^[[39m
Owned Catalog, cutover and authority PostgreSQL	Run reader, cutover and authority tests in independently owned clusters	2026-09-08T10:14:00.6751648Z    ^[[33m^[[2m✓^[[22m^[[39m opens a real restricted LOGIN for the formal report projection without startup recursion ^[[33m 365^[[2mms^[[22m^[[39m
Owned Catalog, cutover and authority PostgreSQL	Run reader, cutover and authority tests in independently owned clusters	2026-09-08T10:14:00.6752758Z    ^[[33m^[[2m✓^[[22m^[[39m keeps ordinary PUBLIC reads without converting them to report or startup authority ^[[33m 310^[[2mms^[[22m^[[39m
Owned Catalog, cutover and authority PostgreSQL	Run reader, cutover and authority tests in independently owned clusters	2026-09-08T10:14:00.6753677Z    ^[[33m^[[2m✓^[[22m^[[39m refuses actual bypassrls privilege ^[[33m 329^[[2mms^[[22m^[[39m
Owned Catalog, cutover and authority PostgreSQL	Run reader, cutover and authority tests in independently owned clusters	2026-09-08T10:14:00.6754473Z    ^[[33m^[[2m✓^[[22m^[[39m refuses actual createdb privilege ^[[33m 332^[[2mms^[[22m^[[39m
Owned Catalog, cutover and authority PostgreSQL	Run reader, cutover and authority tests in independently owned clusters	2026-09-08T10:14:00.6755418Z    ^[[33m^[[2m✓^[[22m^[[39m refuses actual createrole privilege ^[[33m 336^[[2mms^[[22m^[[39m
Owned Catalog, cutover and authority PostgreSQL	Run reader, cutover and authority tests in independently owned clusters	2026-09-08T10:14:00.6756146Z    ^[[33m^[[2m✓^[[22m^[[39m refuses actual replication privilege ^[[33m 315^[[2mms^[[22m^[[39m
Owned Catalog, cutover and authority PostgreSQL	Run reader, cutover and authority tests in independently owned clusters	2026-09-08T10:14:00.6756939Z    ^[[33m^[[2m✓^[[22m^[[39m refuses a mixed catalog_migration_owner capability ^[[33m 329^[[2mms^[[22m^[[39m
Owned Catalog, cutover and authority PostgreSQL	Run reader, cutover and authority tests in independently owned clusters	2026-09-08T10:14:00.6757805Z    ^[[33m^[[2m✓^[[22m^[[39m refuses a mixed catalog_synchronizer_role capability ^[[33m 330^[[2mms^[[22m^[[39m
Owned Catalog, cutover and authority PostgreSQL	Run reader, cutover and authority tests in independently owned clusters	2026-09-08T10:14:00.6759097Z    ^[[33m^[[2m✓^[[22m^[[39m refuses a mixed catalog_verification_writer_role capability ^[[33m 334^[[2mms^[[22m^[[39m
Owned Catalog, cutover and authority PostgreSQL	Run reader, cutover and authority tests in independently owned clusters	2026-09-08T10:14:00.6760055Z    ^[[33m^[[2m✓^[[22m^[[39m refuses a mixed parameter_governance_writer_role capability ^[[33m 330^[[2mms^[[22m^[[39m
Owned Catalog, cutover and authority PostgreSQL	Run reader, cutover and authority tests in independently owned clusters	2026-09-08T10:14:00.6760973Z    ^[[33m^[[2m✓^[[22m^[[39m refuses a mixed catalog_runtime_reader_role capability ^[[33m 324^[[2mms^[[22m^[[39m
Owned Catalog, cutover and authority PostgreSQL	Run reader, cutover and authority tests in independently owned clusters	2026-09-08T10:14:00.6761826Z    ^[[33m^[[2m✓^[[22m^[[39m refuses incorrect PG16 membership option set true ^[[33m 329^[[2mms^[[22m^[[39m
Owned Catalog, cutover and authority PostgreSQL	Run reader, cutover and authority tests in independently owned clusters	2026-09-08T10:14:00.6762977Z    ^[[33m^[[2m✓^[[22m^[[39m refuses incorrect PG16 membership option admin true ^[[33m 315^[[2mms^[[22m^[[39m
Owned Catalog, cutover and authority PostgreSQL	Run reader, cutover and authority tests in independently owned clusters	2026-09-08T10:14:00.6763872Z    ^[[33m^[[2m✓^[[22m^[[39m refuses incorrect PG16 membership option inherit false ^[[33m 314^[[2mms^[[22m^[[39m
Owned Catalog, cutover and authority PostgreSQL	Run reader, cutover and authority tests in independently owned clusters	2026-09-08T10:14:00.6764585Z    ^[[33m^[[2m✓^[[22m^[[39m refuses owned application objects ^[[33m 331^[[2mms^[[22m^[[39m
Owned Catalog, cutover and authority PostgreSQL	Run reader, cutover and authority tests in independently owned clusters	2026-09-08T10:14:00.6765304Z    ^[[33m^[[2m✓^[[22m^[[39m refuses direct application SELECT outside its read contract ^[[33m 334^[[2mms^[[22m^[[39m
Owned Catalog, cutover and authority PostgreSQL	Run reader, cutover and authority tests in independently owned clusters	2026-09-08T10:14:00.6766131Z    ^[[33m^[[2m✓^[[22m^[[39m refuses PUBLIC application write outside its read contract ^[[33m 332^[[2mms^[[22m^[[39m
Owned Catalog, cutover and authority PostgreSQL	Run reader, cutover and authority tests in independently owned clusters	2026-09-08T10:14:00.6766957Z    ^[[33m^[[2m✓^[[22m^[[39m refuses column-only application write outside its read contract ^[[33m 329^[[2mms^[[22m^[[39m
Owned Catalog, cutover and authority PostgreSQL	Run reader, cutover and authority tests in independently owned clusters	2026-09-08T10:14:00.6767756Z    ^[[33m^[[2m✓^[[22m^[[39m refuses report grant option outside its read contract ^[[33m 332^[[2mms^[[22m^[[39m
Owned Catalog, cutover and authority PostgreSQL	Run reader, cutover and authority tests in independently owned clusters	2026-09-08T10:14:00.6769138Z    ^[[33m^[[2m✓^[[22m^[[39m refuses system function EXECUTE outside its read contract ^[[33m 332^[[2mms^[[22m^[[39m
Owned Catalog, cutover and authority PostgreSQL	Run reader, cutover and authority tests in independently owned clusters	2026-09-08T10:14:00.6770003Z    ^[[33m^[[2m✓^[[22m^[[39m refuses PUBLIC privileged parameter outside its read contract ^[[33m 302^[[2mms^[[22m^[[39m
Owned Catalog, cutover and authority PostgreSQL	Run reader, cutover and authority tests in independently owned clusters	2026-09-08T10:14:00.6770859Z    ^[[33m^[[2m✓^[[22m^[[39m refuses a PUBLIC definer that delegates owner write capability ^[[33m 302^[[2mms^[[22m^[[39m
Owned Catalog, cutover and authority PostgreSQL	Run reader, cutover and authority tests in independently owned clusters	2026-09-08T10:14:00.6771697Z    ^[[33m^[[2m✓^[[22m^[[39m refuses actual PUBLIC system capability through builtin-execute ^[[33m 315^[[2mms^[[22m^[[39m
Owned Catalog, cutover and authority PostgreSQL	Run reader, cutover and authority tests in independently owned clusters	2026-09-08T10:14:00.6772560Z    ^[[33m^[[2m✓^[[22m^[[39m refuses actual PUBLIC system capability through new-system-definer ^[[33m 319^[[2mms^[[22m^[[39m
Owned Catalog, cutover and authority PostgreSQL	Run reader, cutover and authority tests in independently owned clusters	2026-09-08T10:14:00.6773405Z    ^[[33m^[[2m✓^[[22m^[[39m refuses a PUBLIC definer whose owner can only advance a sequence ^[[33m 343^[[2mms^[[22m^[[39m
Owned Catalog, cutover and authority PostgreSQL	Run reader, cutover and authority tests in independently owned clusters	2026-09-08T10:14:00.6774235Z    ^[[33m^[[2m✓^[[22m^[[39m refuses a PUBLIC definer delegating reader-member Catalog access ^[[33m 341^[[2mms^[[22m^[[39m
Owned Catalog, cutover and authority PostgreSQL	Run reader, cutover and authority tests in independently owned clusters	2026-09-08T10:14:00.6775068Z    ^[[33m^[[2m✓^[[22m^[[39m refuses a PUBLIC definer delegating column-only Catalog access ^[[33m 328^[[2mms^[[22m^[[39m
Owned Catalog, cutover and authority PostgreSQL	Run reader, cutover and authority tests in independently owned clusters	2026-09-08T10:14:00.6775900Z    ^[[33m^[[2m✓^[[22m^[[39m refuses a PUBLIC definer delegating function-only Catalog access ^[[33m 322^[[2mms^[[22m^[[39m
Owned Catalog, cutover and authority PostgreSQL	Run reader, cutover and authority tests in independently owned clusters	2026-09-08T10:14:00.6777094Z    ^[[33m^[[2m✓^[[22m^[[39m retains formal 0139 report reads with a definer owner limited to the same six tables ^[[33m 332^[[2mms^[[22m^[[39m
Owned Catalog, cutover and authority PostgreSQL	Run reader, cutover and authority tests in independently owned clusters	2026-09-08T10:14:00.6778384Z    ^[[33m^[[2m✓^[[22m^[[39m refuses owner-only delegation through public-function ^[[33m 322^[[2mms^[[22m^[[39m
Owned Catalog, cutover and authority PostgreSQL	Run reader, cutover and authority tests in independently owned clusters	2026-09-08T10:14:00.6780009Z    ^[[33m^[[2m✓^[[22m^[[39m refuses owner-only delegation through private-function ^[[33m 349^[[2mms^[[22m^[[39m
Owned Catalog, cutover and authority PostgreSQL	Run reader, cutover and authority tests in independently owned clusters	2026-09-08T10:14:00.6781542Z    ^[[33m^[[2m✓^[[22m^[[39m refuses owner-only delegation through private-view ^[[33m 358^[[2mms^[[22m^[[39m
Owned Catalog, cutover and authority PostgreSQL	Run reader, cutover and authority tests in independently owned clusters	2026-09-08T10:14:00.6783032Z    ^[[33m^[[2m✓^[[22m^[[39m refuses owner-only delegation through split-view-columns ^[[33m 356^[[2mms^[[22m^[[39m
Owned Catalog, cutover and authority PostgreSQL	Run reader, cutover and authority tests in independently owned clusters	2026-09-08T10:14:00.6783740Z 
Owned Catalog, cutover and authority PostgreSQL	Run reader, cutover and authority tests in independently owned clusters	2026-09-08T10:14:00.6784252Z ^[[2m Test Files ^[[22m ^[[1m^[[32m1 passed^[[39m^[[22m^[[90m (1)^[[39m
Owned Catalog, cutover and authority PostgreSQL	Run reader, cutover and authority tests in independently owned clusters	2026-09-08T10:14:00.6785192Z ^[[2m      Tests ^[[22m ^[[1m^[[32m36 passed^[[39m^[[22m^[[90m (36)^[[39m
Owned Catalog, cutover and authority PostgreSQL	Run reader, cutover and authority tests in independently owned clusters	2026-09-08T10:14:00.6785915Z ^[[2m   Start at ^[[22m 10:13:43
Owned Catalog, cutover and authority PostgreSQL	Run reader, cutover and authority tests in independently owned clusters	2026-09-08T10:14:00.6787153Z ^[[2m   Duration ^[[22m 17.48s^[[2m (transform 268ms, setup 0ms, import 336ms, tests 17.03s, environment 0ms)^[[22m
Owned Catalog, cutover and authority PostgreSQL	Run reader, cutover and authority tests in independently owned clusters	2026-09-08T10:14:00.6787810Z 
Owned Catalog, cutover and authority PostgreSQL	Run reader, cutover and authority tests in independently owned clusters	2026-09-08T10:14:01.2333213Z {"scope":"isolated-components-only","suite":"report-pg16","imageReference":"postgres:16-alpine","imageId":"sha256:75f5a96988cdf694a215073c3e9c001b706b371e2f94df3967f2efdec2787f6b","platform":"linux/amd64","containerId":"a75a4b573c134c0616383ef1084f303fc7e6e82a0913d26ceaa8e1eb9f2cc45c","networkId":"551d02774c2c856c01e66eaa893474d1639cf2ae8272235010d7f659818a557e","exitCode":0,"runnerResourcesCleanupVerified":true,"cleanupVerified":true,"nestedCleanupOutcome":"not-applicable","privateEvidenceRetained":false,"releaseApproved":false}
Owned Catalog, cutover and authority PostgreSQL	Run reader, cutover and authority tests in independently owned clusters	2026-09-08T10:14:07.5716841Z {"evidence":"owned-service-profile","profile":"selfhost-postgres16-alpine-v1","imageId":"sha256:75f5a96988cdf694a215073c3e9c001b706b371e2f94df3967f2efdec2787f6b","databaseProperties":{"encoding":6,"datcollate":"en_US.utf8","datctype":"en_US.utf8","datlocprovider":"c","daticulocale":null,"daticurules":null,"datcollversion":null,"datconnlimit":-1,"datallowconn":true,"datistemplate":false}}
Owned Catalog, cutover and authority PostgreSQL	Run reader, cutover and authority tests in independently owned clusters	2026-09-08T10:14:36.9857346Z 
Owned Catalog, cutover and authority PostgreSQL	Run reader, cutover and authority tests in independently owned clusters	2026-09-08T10:14:36.9860424Z ^[[1m^[[30m^[[46m RUN ^[[49m^[[39m^[[22m ^[[36mv4.1.5 ^[[39m^[[90m/home/runner/work/WiseEff/WiseEff^[[39m
Owned Catalog, cutover and authority PostgreSQL	Run reader, cutover and authority tests in independently owned clusters	2026-09-08T10:14:36.9861099Z 
Owned Catalog, cutover and authority PostgreSQL	Run reader, cutover and authority tests in independently owned clusters	2026-09-08T10:14:36.9862543Z  ^[[32m✓^[[39m ops/self-hosted/scripts/parameter-catalog-upgrade/deploymentAuthority.integration.test.ts ^[[2m(^[[22m^[[2m81 tests^[[22m^[[2m)^[[22m^[[33m 28225^[[2mms^[[22m^[[39m
Owned Catalog, cutover and authority PostgreSQL	Run reader, cutover and authority tests in independently owned clusters	2026-09-08T10:14:36.9864791Z    ^[[33m^[[2m✓^[[22m^[[39m authenticates operator into a formal command without manufacturing report or target approval ^[[33m 373^[[2mms^[[22m^[[39m
Owned Catalog, cutover and authority PostgreSQL	Run reader, cutover and authority tests in independently owned clusters	2026-09-08T10:14:36.9866544Z    ^[[33m^[[2m✓^[[22m^[[39m authenticates owner into a formal command without manufacturing report or target approval ^[[33m 364^[[2mms^[[22m^[[39m
Owned Catalog, cutover and authority PostgreSQL	Run reader, cutover and authority tests in independently owned clusters	2026-09-08T10:14:36.9867848Z    ^[[33m^[[2m✓^[[22m^[[39m binds the actual restricted writer session to the management database and releases its challenge ^[[33m 5183^[[2mms^[[22m^[[39m
Owned Catalog, cutover and authority PostgreSQL	Run reader, cutover and authority tests in independently owned clusters	2026-09-08T10:14:36.9869895Z    ^[[33m^[[2m✓^[[22m^[[39m redacts and rejects loss of the actual management lease during writer admission ^[[33m 427^[[2mms^[[22m^[[39m
Owned Catalog, cutover and authority PostgreSQL	Run reader, cutover and authority tests in independently owned clusters	2026-09-08T10:14:36.9871415Z    ^[[33m^[[2m✓^[[22m^[[39m persists recovery approval from actual session and typed capture: valid ^[[33m 803^[[2mms^[[22m^[[39m
Owned Catalog, cutover and authority PostgreSQL	Run reader, cutover and authority tests in independently owned clusters	2026-09-08T10:14:36.9873022Z    ^[[33m^[[2m✓^[[22m^[[39m persists recovery approval from actual session and typed capture: forged-confirmation ^[[33m 381^[[2mms^[[22m^[[39m
Owned Catalog, cutover and authority PostgreSQL	Run reader, cutover and authority tests in independently owned clusters	2026-09-08T10:14:36.9895997Z    ^[[33m^[[2m✓^[[22m^[[39m persists recovery approval from actual session and typed capture: wrong-target ^[[33m 372^[[2mms^[[22m^[[39m
Owned Catalog, cutover and authority PostgreSQL	Run reader, cutover and authority tests in independently owned clusters	2026-09-08T10:14:36.9897573Z    ^[[33m^[[2m✓^[[22m^[[39m persists recovery approval from actual session and typed capture: released-lock ^[[33m 504^[[2mms^[[22m^[[39m
Owned Catalog, cutover and authority PostgreSQL	Run reader, cutover and authority tests in independently owned clusters	2026-09-08T10:14:36.9899071Z    ^[[33m^[[2m✓^[[22m^[[39m persists recovery approval from actual session and typed capture: wrong-lock ^[[33m 470^[[2mms^[[22m^[[39m
Owned Catalog, cutover and authority PostgreSQL	Run reader, cutover and authority tests in independently owned clusters	2026-09-08T10:14:36.9900519Z    ^[[33m^[[2m✓^[[22m^[[39m persists recovery approval from actual session and typed capture: missing-capture ^[[33m 476^[[2mms^[[22m^[[39m
Owned Catalog, cutover and authority PostgreSQL	Run reader, cutover and authority tests in independently owned clusters	2026-09-08T10:14:36.9901616Z    ^[[33m^[[2m✓^[[22m^[[39m persists recovery approval from actual session and typed capture: hash-only-capture ^[[33m 481^[[2mms^[[22m^[[39m
Owned Catalog, cutover and authority PostgreSQL	Run reader, cutover and authority tests in independently owned clusters	2026-09-08T10:14:36.9902692Z    ^[[33m^[[2m✓^[[22m^[[39m persists recovery approval from actual session and typed capture: package-drift ^[[33m 466^[[2mms^[[22m^[[39m
Owned Catalog, cutover and authority PostgreSQL	Run reader, cutover and authority tests in independently owned clusters	2026-09-08T10:14:36.9903762Z    ^[[33m^[[2m✓^[[22m^[[39m persists recovery approval from actual session and typed capture: directory-drift ^[[33m 474^[[2mms^[[22m^[[39m
Owned Catalog, cutover and authority PostgreSQL	Run reader, cutover and authority tests in independently owned clusters	2026-09-08T10:14:36.9904790Z    ^[[33m^[[2m✓^[[22m^[[39m persists recovery approval from actual session and typed capture: revoked ^[[33m 409^[[2mms^[[22m^[[39m
Owned Catalog, cutover and authority PostgreSQL	Run reader, cutover and authority tests in independently owned clusters	2026-09-08T10:14:36.9905782Z    ^[[33m^[[2m✓^[[22m^[[39m persists recovery approval from actual session and typed capture: expired ^[[33m 388^[[2mms^[[22m^[[39m
Owned Catalog, cutover and authority PostgreSQL	Run reader, cutover and authority tests in independently owned clusters	2026-09-08T10:14:36.9906833Z    ^[[33m^[[2m✓^[[22m^[[39m persists recovery approval from actual session and typed capture: assignment-drift ^[[33m 372^[[2mms^[[22m^[[39m
Owned Catalog, cutover and authority PostgreSQL	Run reader, cutover and authority tests in independently owned clusters	2026-09-08T10:14:36.9907892Z    ^[[33m^[[2m✓^[[22m^[[39m persists recovery approval from actual session and typed capture: wrong-run ^[[33m 467^[[2mms^[[22m^[[39m
Owned Catalog, cutover and authority PostgreSQL	Run reader, cutover and authority tests in independently owned clusters	2026-09-08T10:14:36.9909327Z    ^[[33m^[[2m✓^[[22m^[[39m persists recovery approval from actual session and typed capture: wrong-capture ^[[33m 463^[[2mms^[[22m^[[39m
Owned Catalog, cutover and authority PostgreSQL	Run reader, cutover and authority tests in independently owned clusters	2026-09-08T10:14:36.9910567Z    ^[[33m^[[2m✓^[[22m^[[39m persists recovery approval from actual session and typed capture: wrong-source ^[[33m 557^[[2mms^[[22m^[[39m
Owned Catalog, cutover and authority PostgreSQL	Run reader, cutover and authority tests in independently owned clusters	2026-09-08T10:14:36.9911585Z    ^[[33m^[[2m✓^[[22m^[[39m persists recovery approval from actual session and typed capture: started ^[[33m 462^[[2mms^[[22m^[[39m
Owned Catalog, cutover and authority PostgreSQL	Run reader, cutover and authority tests in independently owned clusters	2026-09-08T10:14:36.9912567Z    ^[[33m^[[2m✓^[[22m^[[39m persists recovery approval from actual session and typed capture: unknown ^[[33m 457^[[2mms^[[22m^[[39m
Owned Catalog, cutover and authority PostgreSQL	Run reader, cutover and authority tests in independently owned clusters	2026-09-08T10:14:36.9913575Z    ^[[33m^[[2m✓^[[22m^[[39m persists recovery approval from actual session and typed capture: wrong-token ^[[33m 475^[[2mms^[[22m^[[39m
Owned Catalog, cutover and authority PostgreSQL	Run reader, cutover and authority tests in independently owned clusters	2026-09-08T10:14:36.9914405Z 
Owned Catalog, cutover and authority PostgreSQL	Run reader, cutover and authority tests in independently owned clusters	2026-09-08T10:14:36.9914728Z ^[[2m Test Files ^[[22m ^[[1m^[[32m1 passed^[[39m^[[22m^[[90m (1)^[[39m
Owned Catalog, cutover and authority PostgreSQL	Run reader, cutover and authority tests in independently owned clusters	2026-09-08T10:14:36.9915290Z ^[[2m      Tests ^[[22m ^[[1m^[[32m81 passed^[[39m^[[22m^[[90m (81)^[[39m
Owned Catalog, cutover and authority PostgreSQL	Run reader, cutover and authority tests in independently owned clusters	2026-09-08T10:14:36.9915732Z ^[[2m   Start at ^[[22m 10:14:08
Owned Catalog, cutover and authority PostgreSQL	Run reader, cutover and authority tests in independently owned clusters	2026-09-08T10:14:36.9916447Z ^[[2m   Duration ^[[22m 28.88s^[[2m (transform 430ms, setup 0ms, import 533ms, tests 28.22s, environment 0ms)^[[22m
Owned Catalog, cutover and authority PostgreSQL	Run reader, cutover and authority tests in independently owned clusters	2026-09-08T10:14:36.9916897Z 
Owned Catalog, cutover and authority PostgreSQL	Run reader, cutover and authority tests in independently owned clusters	2026-09-08T10:14:37.5594560Z {"scope":"isolated-components-only","suite":"authority-pg16","imageReference":"postgres:16-alpine","imageId":"sha256:75f5a96988cdf694a215073c3e9c001b706b371e2f94df3967f2efdec2787f6b","platform":"linux/amd64","containerId":"400e3b54f662a733d85559137f6e8a647e978bd029e2b5a136169475b42bd232","networkId":"6fd7a63f3ebf27e15dbba477a34801a0630a49c992d9edc88ee1e47c5f081d2f","exitCode":0,"runnerResourcesCleanupVerified":true,"cleanupVerified":true,"nestedCleanupOutcome":"not-applicable","privateEvidenceRetained":false,"releaseApproved":false}
Owned Catalog, cutover and authority PostgreSQL	Run reader, cutover and authority tests in independently owned clusters	2026-09-08T10:14:43.8043478Z {"evidence":"owned-service-profile","profile":"selfhost-postgres16-alpine-v1","imageId":"sha256:75f5a96988cdf694a215073c3e9c001b706b371e2f94df3967f2efdec2787f6b","databaseProperties":{"encoding":6,"datcollate":"en_US.utf8","datctype":"en_US.utf8","datlocprovider":"c","daticulocale":null,"daticurules":null,"datcollversion":null,"datconnlimit":-1,"datallowconn":true,"datistemplate":false}}
Owned Catalog, cutover and authority PostgreSQL	Run reader, cutover and authority tests in independently owned clusters	2026-09-08T10:15:57.7562261Z 
Owned Catalog, cutover and authority PostgreSQL	Run reader, cutover and authority tests in independently owned clusters	2026-09-08T10:15:57.7563423Z ^[[1m^[[30m^[[46m RUN ^[[49m^[[39m^[[22m ^[[36mv4.1.5 ^[[39m^[[90m/home/runner/work/WiseEff/WiseEff^[[39m
Owned Catalog, cutover and authority PostgreSQL	Run reader, cutover and authority tests in independently owned clusters	2026-09-08T10:15:57.7564057Z 
Owned Catalog, cutover and authority PostgreSQL	Run reader, cutover and authority tests in independently owned clusters	2026-09-08T10:15:57.7565283Z  ^[[32m✓^[[39m server/modules/catalog-cutover/bindingImportProducer.integration.test.ts ^[[2m(^[[22m^[[2m9 tests^[[22m^[[2m)^[[22m^[[33m 9851^[[2mms^[[22m^[[39m
Owned Catalog, cutover and authority PostgreSQL	Run reader, cutover and authority tests in independently owned clusters	2026-09-08T10:15:57.7566530Z      ^[[33m^[[2m✓^[[22m^[[39m rejects an independent database as the source before trying to lock its tables ^[[33m 2611^[[2mms^[[22m^[[39m
Owned Catalog, cutover and authority PostgreSQL	Run reader, cutover and authority tests in independently owned clusters	2026-09-08T10:15:57.7567951Z      ^[[33m^[[2m✓^[[22m^[[39m produces the receipt from real mappings/Archive/domain registration, then imports and checkpoints on the same restricted transaction ^[[33m 590^[[2mms^[[22m^[[39m
Owned Catalog, cutover and authority PostgreSQL	Run reader, cutover and authority tests in independently owned clusters	2026-09-08T10:15:57.7570105Z  ^[[32m✓^[[39m server/modules/catalog-cutover/archive/adapter.integration.test.ts ^[[2m(^[[22m^[[2m24 tests^[[22m^[[2m)^[[22m^[[33m 5286^[[2mms^[[22m^[[39m
Owned Catalog, cutover and authority PostgreSQL	Run reader, cutover and authority tests in independently owned clusters	2026-09-08T10:15:57.7571613Z  ^[[32m✓^[[39m server/modules/parameter-bindings/cutoverImport/import.integration.test.ts ^[[2m(^[[22m^[[2m5 tests^[[22m^[[2m)^[[22m^[[33m 6290^[[2mms^[[22m^[[39m
Owned Catalog, cutover and authority PostgreSQL	Run reader, cutover and authority tests in independently owned clusters	2026-09-08T10:15:57.7572797Z  ^[[32m✓^[[39m server/modules/catalog-cutover/sourceSnapshot.test.ts ^[[2m(^[[22m^[[2m10 tests^[[22m^[[2m)^[[22m^[[33m 17640^[[2mms^[[22m^[[39m
Owned Catalog, cutover and authority PostgreSQL	Run reader, cutover and authority tests in independently owned clusters	2026-09-08T10:15:57.7574049Z      ^[[33m^[[2m✓^[[22m^[[39m preserves the complete original projection while the actual candidate adds columns, tables and ledger entries ^[[33m 4763^[[2mms^[[22m^[[39m
Owned Catalog, cutover and authority PostgreSQL	Run reader, cutover and authority tests in independently owned clusters	2026-09-08T10:15:57.7575232Z      ^[[33m^[[2m✓^[[22m^[[39m inspects a known committed suffix prefix while full completion remains refused ^[[33m 5857^[[2mms^[[22m^[[39m
Owned Catalog, cutover and authority PostgreSQL	Run reader, cutover and authority tests in independently owned clusters	2026-09-08T10:15:57.7576274Z      ^[[33m^[[2m✓^[[22m^[[39m rejects a missing original column or relation even when its rows were empty ^[[33m 427^[[2mms^[[22m^[[39m
Owned Catalog, cutover and authority PostgreSQL	Run reader, cutover and authority tests in independently owned clusters	2026-09-08T10:15:57.7577316Z  ^[[32m✓^[[39m server/modules/catalog-cutover/orchestrator.test.ts ^[[2m(^[[22m^[[2m7 tests^[[22m^[[2m)^[[22m^[[33m 11066^[[2mms^[[22m^[[39m
Owned Catalog, cutover and authority PostgreSQL	Run reader, cutover and authority tests in independently owned clusters	2026-09-08T10:15:57.7578656Z      ^[[33m^[[2m✓^[[22m^[[39m rechecks P4 admission on partial resume and completed replay before writing a run ^[[33m 5509^[[2mms^[[22m^[[39m
Owned Catalog, cutover and authority PostgreSQL	Run reader, cutover and authority tests in independently owned clusters	2026-09-08T10:15:57.7579856Z  ^[[32m✓^[[39m server/modules/catalog-cutover/conversionManifest.integration.test.ts ^[[2m(^[[22m^[[2m6 tests^[[22m^[[2m)^[[22m^[[33m 6464^[[2mms^[[22m^[[39m
Owned Catalog, cutover and authority PostgreSQL	Run reader, cutover and authority tests in independently owned clusters	2026-09-08T10:15:57.7581020Z      ^[[33m^[[2m✓^[[22m^[[39m maps two formal identities to their explicitly bound targets, never the first head ^[[33m 629^[[2mms^[[22m^[[39m
Owned Catalog, cutover and authority PostgreSQL	Run reader, cutover and authority tests in independently owned clusters	2026-09-08T10:15:57.7582098Z  ^[[32m✓^[[39m server/modules/catalog-cutover/runtimeState.test.ts ^[[2m(^[[22m^[[2m7 tests^[[22m^[[2m)^[[22m^[[33m 5738^[[2mms^[[22m^[[39m
Owned Catalog, cutover and authority PostgreSQL	Run reader, cutover and authority tests in independently owned clusters	2026-09-08T10:15:57.7583416Z  ^[[32m✓^[[39m server/modules/catalog-cutover/managementStructure.test.ts ^[[2m(^[[22m^[[2m23 tests^[[22m^[[2m)^[[22m^[[33m 7074^[[2mms^[[22m^[[39m
Owned Catalog, cutover and authority PostgreSQL	Run reader, cutover and authority tests in independently owned clusters	2026-09-08T10:15:57.7584646Z      ^[[33m^[[2m✓^[[22m^[[39m has the same digest after equivalent DDL with different relation, constraint, trigger and database OIDs ^[[33m 2797^[[2mms^[[22m^[[39m
Owned Catalog, cutover and authority PostgreSQL	Run reader, cutover and authority tests in independently owned clusters	2026-09-08T10:15:57.7585787Z  ^[[32m✓^[[39m server/modules/catalog-cutover/archive/adapter.test.ts ^[[2m(^[[22m^[[2m7 tests^[[22m^[[2m)^[[22m^[[32m 12^[[2mms^[[22m^[[39m
Owned Catalog, cutover and authority PostgreSQL	Run reader, cutover and authority tests in independently owned clusters	2026-09-08T10:15:57.7586290Z 
Owned Catalog, cutover and authority PostgreSQL	Run reader, cutover and authority tests in independently owned clusters	2026-09-08T10:15:57.7586594Z ^[[2m Test Files ^[[22m ^[[1m^[[32m9 passed^[[39m^[[22m^[[90m (9)^[[39m
Owned Catalog, cutover and authority PostgreSQL	Run reader, cutover and authority tests in independently owned clusters	2026-09-08T10:15:57.7587151Z ^[[2m      Tests ^[[22m ^[[1m^[[32m98 passed^[[39m^[[22m^[[90m (98)^[[39m
Owned Catalog, cutover and authority PostgreSQL	Run reader, cutover and authority tests in independently owned clusters	2026-09-08T10:15:57.7587589Z ^[[2m   Start at ^[[22m 10:14:44
Owned Catalog, cutover and authority PostgreSQL	Run reader, cutover and authority tests in independently owned clusters	2026-09-08T10:15:57.7588575Z ^[[2m   Duration ^[[22m 73.42s^[[2m (transform 1.03s, setup 0ms, import 2.94s, tests 69.42s, environment 1ms)^[[22m
Owned Catalog, cutover and authority PostgreSQL	Run reader, cutover and authority tests in independently owned clusters	2026-09-08T10:15:57.7589016Z 
Owned Catalog, cutover and authority PostgreSQL	Run reader, cutover and authority tests in independently owned clusters	2026-09-08T10:15:58.3627111Z {"scope":"isolated-components-only","suite":"bindings-pg16","imageReference":"postgres:16-alpine","imageId":"sha256:75f5a96988cdf694a215073c3e9c001b706b371e2f94df3967f2efdec2787f6b","platform":"linux/amd64","containerId":"66a0a38d9d4022990c82913215cc0e545d7d292a020d8f1716d5eb495d4e2e1b","networkId":"853c4b6fd46f25dc38c6ce0f16f09e4d97d1c9f3c2fabdd6fd1441379ad59dae","exitCode":0,"runnerResourcesCleanupVerified":true,"cleanupVerified":true,"nestedCleanupOutcome":"not-applicable","privateEvidenceRetained":false,"releaseApproved":false}
Owned Catalog, cutover and authority PostgreSQL	Run reader, cutover and authority tests in independently owned clusters	2026-09-08T10:16:04.2919918Z {"evidence":"owned-service-profile","profile":"selfhost-redis7-aof-v1","imageId":"sha256:5509c0097c6064aa8a3b1df58f1d950e67090fffa6678ae8f3f1dc2385f12deb"}
Owned Catalog, cutover and authority PostgreSQL	Run reader, cutover and authority tests in independently owned clusters	2026-09-08T10:16:09.9432242Z 
Owned Catalog, cutover and authority PostgreSQL	Run reader, cutover and authority tests in independently owned clusters	2026-09-08T10:16:09.9433558Z ^[[1m^[[30m^[[46m RUN ^[[49m^[[39m^[[22m ^[[36mv4.1.5 ^[[39m^[[90m/home/runner/work/WiseEff/WiseEff^[[39m
Owned Catalog, cutover and authority PostgreSQL	Run reader, cutover and authority tests in independently owned clusters	2026-09-08T10:16:09.9433995Z 
Owned Catalog, cutover and authority PostgreSQL	Run reader, cutover and authority tests in independently owned clusters	2026-09-08T10:16:09.9434784Z ^[[90mstdout^[[2m | server/modules/logs/logAnalysisQueueRuntime.redis.integration.test.ts^[[2m > ^[[22m^[[2mowned Redis log worker lifecycle
Owned Catalog, cutover and authority PostgreSQL	Run reader, cutover and authority tests in independently owned clusters	2026-09-08T10:16:09.9436297Z ^[[22m^[[39m{"evidence":"owned-redis-lifecycle","imageId":"sha256:5509c0097c6064aa8a3b1df58f1d950e67090fffa6678ae8f3f1dc2385f12deb","persistence":"aof"}
Owned Catalog, cutover and authority PostgreSQL	Run reader, cutover and authority tests in independently owned clusters	2026-09-08T10:16:09.9437332Z 
Owned Catalog, cutover and authority PostgreSQL	Run reader, cutover and authority tests in independently owned clusters	2026-09-08T10:16:09.9438402Z  ^[[32m✓^[[39m server/modules/logs/logAnalysisQueueRuntime.redis.integration.test.ts ^[[2m(^[[22m^[[2m12 tests^[[22m^[[2m)^[[22m^[[33m 4723^[[2mms^[[22m^[[39m
Owned Catalog, cutover and authority PostgreSQL	Run reader, cutover and authority tests in independently owned clusters	2026-09-08T10:16:09.9440039Z      ^[[33m^[[2m✓^[[22m^[[39m drains an actual BullMQ task across repeated OS signals before closing its explicit database seam ^[[33m 2553^[[2mms^[[22m^[[39m
Owned Catalog, cutover and authority PostgreSQL	Run reader, cutover and authority tests in independently owned clusters	2026-09-08T10:16:09.9441576Z      ^[[33m^[[2m✓^[[22m^[[39m recovers real dropped connections and processes a subsequent job without poisoning close ^[[33m 1074^[[2mms^[[22m^[[39m
Owned Catalog, cutover and authority PostgreSQL	Run reader, cutover and authority tests in independently owned clusters	2026-09-08T10:16:09.9442674Z      ^[[33m^[[2m✓^[[22m^[[39m refuses a stopped owned Redis target without starting a consumer ^[[33m 566^[[2mms^[[22m^[[39m
Owned Catalog, cutover and authority PostgreSQL	Run reader, cutover and authority tests in independently owned clusters	2026-09-08T10:16:09.9443164Z 
Owned Catalog, cutover and authority PostgreSQL	Run reader, cutover and authority tests in independently owned clusters	2026-09-08T10:16:09.9443474Z ^[[2m Test Files ^[[22m ^[[1m^[[32m1 passed^[[39m^[[22m^[[90m (1)^[[39m
Owned Catalog, cutover and authority PostgreSQL	Run reader, cutover and authority tests in independently owned clusters	2026-09-08T10:16:09.9444045Z ^[[2m      Tests ^[[22m ^[[1m^[[32m12 passed^[[39m^[[22m^[[90m (12)^[[39m
Owned Catalog, cutover and authority PostgreSQL	Run reader, cutover and authority tests in independently owned clusters	2026-09-08T10:16:09.9444533Z ^[[2m   Start at ^[[22m 10:16:04
Owned Catalog, cutover and authority PostgreSQL	Run reader, cutover and authority tests in independently owned clusters	2026-09-08T10:16:09.9445243Z ^[[2m   Duration ^[[22m 5.28s^[[2m (transform 245ms, setup 0ms, import 435ms, tests 4.72s, environment 0ms)^[[22m
Owned Catalog, cutover and authority PostgreSQL	Run reader, cutover and authority tests in independently owned clusters	2026-09-08T10:16:09.9445682Z 
Owned Catalog, cutover and authority PostgreSQL	Run reader, cutover and authority tests in independently owned clusters	2026-09-08T10:16:10.4754921Z {"scope":"isolated-components-only","suite":"log-redis","imageReference":"redis:7-alpine","imageId":"sha256:5509c0097c6064aa8a3b1df58f1d950e67090fffa6678ae8f3f1dc2385f12deb","platform":"linux/amd64","containerId":"335277378ca727fc5bb57ca65fe6d7125012aadeb35036017b965db63b409bc1","networkId":"cc1362998ccf4fcc9cc358cb5f610dd4a22997dfd20b05e69d609c2677ad4062","exitCode":0,"runnerResourcesCleanupVerified":true,"cleanupVerified":true,"nestedCleanupOutcome":"not-applicable","privateEvidenceRetained":false,"releaseApproved":false}
Owned Catalog, cutover and authority PostgreSQL	Run reader, cutover and authority tests in independently owned clusters	2026-09-08T10:16:16.7677575Z {"evidence":"owned-service-profile","profile":"selfhost-postgres16-alpine-v1","imageId":"sha256:75f5a96988cdf694a215073c3e9c001b706b371e2f94df3967f2efdec2787f6b","databaseProperties":{"encoding":6,"datcollate":"en_US.utf8","datctype":"en_US.utf8","datlocprovider":"c","daticulocale":null,"daticurules":null,"datcollversion":null,"datconnlimit":-1,"datallowconn":true,"datistemplate":false}}
Owned Catalog, cutover and authority PostgreSQL	Run reader, cutover and authority tests in independently owned clusters	2026-09-08T10:16:27.8578771Z 
Owned Catalog, cutover and authority PostgreSQL	Run reader, cutover and authority tests in independently owned clusters	2026-09-08T10:16:27.8579990Z ^[[1m^[[30m^[[46m RUN ^[[49m^[[39m^[[22m ^[[36mv4.1.5 ^[[39m^[[90m/home/runner/work/WiseEff/WiseEff^[[39m
Owned Catalog, cutover and authority PostgreSQL	Run reader, cutover and authority tests in independently owned clusters	2026-09-08T10:16:27.8580436Z 
Owned Catalog, cutover and authority PostgreSQL	Run reader, cutover and authority tests in independently owned clusters	2026-09-08T10:16:27.8582021Z ^[[90mstdout^[[2m | server/modules/catalog-cutover/activation/activation.integration.test.ts^[[2m > ^[[22m^[[2mexisting 0137 activation storage on independently owned PG16^[[2m > ^[[22m^[[2mrecords the existing privilege gates under the real SELECT-only verification login without adding capabilities
Owned Catalog, cutover and authority PostgreSQL	Run reader, cutover and authority tests in independently owned clusters	2026-09-08T10:16:27.8591856Z ^[[22m^[[39mACTIVATION_EXISTING_S6_OBSERVATION [{"managementMembership":true,"facts":{"read_only":"on","can_owner":false,"can_governance":false},"p01":{"gateId":"PCAT-DB-P01","status":"failed","failureCode":"PCAT-PRIV-CATALOG-IMMUTABILITY-BYPASS","evidenceDigest":"sha256:04619cdeef25d3134d286a561efdcddeee3ac0c6481607a9233027d68aafa6fc","successorPurpose":null,"notApplicableProof":null},"p02":{"gateId":"PCAT-DB-P02","status":"passed","failureCode":null,"evidenceDigest":"sha256:c7f1447587dbeccf95c931c02b14fcbd4aeb18a493426f4888a678b54572a508","successorPurpose":null,"notApplicableProof":null},"p01DeniedRoleChanges":["42501","42501","42501","42501","42501","42501","42501"],"p02DeniedRoleChanges":["42501","42501","42501","42501","42501","42501","42501","42501","42501"]},{"managementMembership":false,"facts":{"read_only":"on","can_owner":false,"can_governance":false},"p01":{"gateId":"PCAT-DB-P01","status":"passed","failureCode":null,"evidenceDigest":"sha256:072d8521a6e0f58b0d2de33e9843167f73b1efe0320a0c67ea637bd4b04e22b3","successorPurpose":null,"notApplicableProof":null},"p02":{"gateId":"PCAT-DB-P02","status":"passed","failureCode":null,"evidenceDigest":"sha256:c7f1447587dbeccf95c931c02b14fcbd4aeb18a493426f4888a678b54572a508","successorPurpose":null,"notApplicableProof":null},"p01DeniedRoleChanges":["42501","42501","42501","42501","42501","42501","42501"],"p02DeniedRoleChanges":["42501","42501","42501","42501","42501","42501","42501","42501","42501"]}]
Owned Catalog, cutover and authority PostgreSQL	Run reader, cutover and authority tests in independently owned clusters	2026-09-08T10:16:27.8602602Z 
Owned Catalog, cutover and authority PostgreSQL	Run reader, cutover and authority tests in independently owned clusters	2026-09-08T10:16:27.8603889Z  ^[[32m✓^[[39m server/modules/catalog-cutover/activation/activation.integration.test.ts ^[[2m(^[[22m^[[2m22 tests^[[22m^[[2m)^[[22m^[[33m 8100^[[2mms^[[22m^[[39m
Owned Catalog, cutover and authority PostgreSQL	Run reader, cutover and authority tests in independently owned clusters	2026-09-08T10:16:27.8605853Z      ^[[33m^[[2m✓^[[22m^[[39m resolves a lost COMMIT acknowledgment by inspection without duplicating the mapping preparation event ^[[33m 345^[[2mms^[[22m^[[39m
Owned Catalog, cutover and authority PostgreSQL	Run reader, cutover and authority tests in independently owned clusters	2026-09-08T10:16:27.8606531Z 
Owned Catalog, cutover and authority PostgreSQL	Run reader, cutover and authority tests in independently owned clusters	2026-09-08T10:16:27.8606848Z ^[[2m Test Files ^[[22m ^[[1m^[[32m1 passed^[[39m^[[22m^[[90m (1)^[[39m
Owned Catalog, cutover and authority PostgreSQL	Run reader, cutover and authority tests in independently owned clusters	2026-09-08T10:16:27.8607415Z ^[[2m      Tests ^[[22m ^[[1m^[[32m22 passed^[[39m^[[22m^[[90m (22)^[[39m
Owned Catalog, cutover and authority PostgreSQL	Run reader, cutover and authority tests in independently owned clusters	2026-09-08T10:16:27.8607873Z ^[[2m   Start at ^[[22m 10:16:17
Owned Catalog, cutover and authority PostgreSQL	Run reader, cutover and authority tests in independently owned clusters	2026-09-08T10:16:27.8608955Z ^[[2m   Duration ^[[22m 10.53s^[[2m (transform 1.76s, setup 0ms, import 2.32s, tests 8.10s, environment 0ms)^[[22m
Owned Catalog, cutover and authority PostgreSQL	Run reader, cutover and authority tests in independently owned clusters	2026-09-08T10:16:27.8609442Z 
Owned Catalog, cutover and authority PostgreSQL	Run reader, cutover and authority tests in independently owned clusters	2026-09-08T10:16:28.4362552Z {"scope":"isolated-components-only","suite":"activation-existing-pg16","imageReference":"postgres:16-alpine","imageId":"sha256:75f5a96988cdf694a215073c3e9c001b706b371e2f94df3967f2efdec2787f6b","platform":"linux/amd64","containerId":"45a7912597373cd3c82a1a70b6f23914cd2cfd624088a7c3ddc43869ea8dc26f","networkId":"fecf59f0188a2a4f49aea78707aff7d54e457ed4084b715a0aacd8fbd7da6791","exitCode":0,"runnerResourcesCleanupVerified":true,"cleanupVerified":true,"nestedCleanupOutcome":"not-applicable","privateEvidenceRetained":false,"releaseApproved":false}
Owned Catalog, cutover and authority PostgreSQL	Run reader, cutover and authority tests in independently owned clusters	2026-09-08T10:16:34.7243945Z {"evidence":"owned-service-profile","profile":"selfhost-postgres16-alpine-v1","imageId":"sha256:75f5a96988cdf694a215073c3e9c001b706b371e2f94df3967f2efdec2787f6b","databaseProperties":{"encoding":6,"datcollate":"en_US.utf8","datctype":"en_US.utf8","datlocprovider":"c","daticulocale":null,"daticurules":null,"datcollversion":null,"datconnlimit":-1,"datallowconn":true,"datistemplate":false}}
Owned Catalog, cutover and authority PostgreSQL	Run reader, cutover and authority tests in independently owned clusters	2026-09-08T10:17:00.6203172Z 
Owned Catalog, cutover and authority PostgreSQL	Run reader, cutover and authority tests in independently owned clusters	2026-09-08T10:17:00.6204486Z ^[[1m^[[30m^[[46m RUN ^[[49m^[[39m^[[22m ^[[36mv4.1.5 ^[[39m^[[90m/home/runner/work/WiseEff/WiseEff^[[39m
Owned Catalog, cutover and authority PostgreSQL	Run reader, cutover and authority tests in independently owned clusters	2026-09-08T10:17:00.6205177Z 
Owned Catalog, cutover and authority PostgreSQL	Run reader, cutover and authority tests in independently owned clusters	2026-09-08T10:17:00.6206830Z ^[[90mstdout^[[2m | server/modules/catalog-cutover/retirement/loginFence.integration.test.ts^[[2m > ^[[22m^[[2mowned Docker source endpoint observation, not an old API/worker startup
Owned Catalog, cutover and authority PostgreSQL	Run reader, cutover and authority tests in independently owned clusters	2026-09-08T10:17:00.6213609Z ^[[22m^[[39mRETIREMENT_ENDPOINT_COMPONENT {"ownerRunId":"82955d9190491afe8f2368f7","networkId":"4e01eff7a970be04bdb9e19cbfc79dad2caaf8d4cb956678629ba5dac5643745","imageId":"sha256:75f5a96988cdf694a215073c3e9c001b706b371e2f94df3967f2efdec2787f6b","postgresIds":["86199608cb621b97ed70e75773aff8aefc3b81032edadcde519f306d7b7ec1a8","55ee2c8ce646cbbb0f15af5c0b5353400c079f306ab171335dd30d693abca4fa"],"probeIds":["014f7a60667ec0cd97f0fce703e954f2ab0d2f3deb70cafa63d98438a4684925","9b455fc7f4db7661b5bdd2e3611d4ddcfb823a4838ea44a8cd62015174bc2fa9"],"scope":"database-probe-not-api-worker","resourceOwner":"parent-supervisor"}
Owned Catalog, cutover and authority PostgreSQL	Run reader, cutover and authority tests in independently owned clusters	2026-09-08T10:17:00.6216838Z 
Owned Catalog, cutover and authority PostgreSQL	Run reader, cutover and authority tests in independently owned clusters	2026-09-08T10:17:00.6218672Z ^[[90mstdout^[[2m | server/modules/catalog-cutover/retirement/loginFence.integration.test.ts^[[2m > ^[[22m^[[2mowned Docker source endpoint observation, not an old API/worker startup^[[2m > ^[[22m^[[2mrejects a same-username URL for the other real owned database before connecting
Owned Catalog, cutover and authority PostgreSQL	Run reader, cutover and authority tests in independently owned clusters	2026-09-08T10:17:00.6220220Z ^[[22m^[[39mRETIREMENT_ENDPOINT_REFUSAL {"stage":"source-alias","facts":{}}
Owned Catalog, cutover and authority PostgreSQL	Run reader, cutover and authority tests in independently owned clusters	2026-09-08T10:17:00.6220864Z RETIREMENT_ENDPOINT_REFUSAL {"stage":"published-port","facts":{}}
Owned Catalog, cutover and authority PostgreSQL	Run reader, cutover and authority tests in independently owned clusters	2026-09-08T10:17:00.6221190Z 
Owned Catalog, cutover and authority PostgreSQL	Run reader, cutover and authority tests in independently owned clusters	2026-09-08T10:17:00.6222491Z ^[[90mstdout^[[2m | server/modules/catalog-cutover/retirement/loginFence.integration.test.ts^[[2m > ^[[22m^[[2mowned Docker source endpoint observation, not an old API/worker startup^[[2m > ^[[22m^[[2mrejects an actual duplicate network alias
Owned Catalog, cutover and authority PostgreSQL	Run reader, cutover and authority tests in independently owned clusters	2026-09-08T10:17:00.6223815Z ^[[22m^[[39mRETIREMENT_ENDPOINT_REFUSAL {"stage":"source-alias","facts":{}}
Owned Catalog, cutover and authority PostgreSQL	Run reader, cutover and authority tests in independently owned clusters	2026-09-08T10:17:00.6224139Z 
Owned Catalog, cutover and authority PostgreSQL	Run reader, cutover and authority tests in independently owned clusters	2026-09-08T10:17:00.6225642Z ^[[90mstdout^[[2m | server/modules/catalog-cutover/retirement/loginFence.integration.test.ts^[[2m > ^[[22m^[[2mowned Docker source endpoint observation, not an old API/worker startup^[[2m > ^[[22m^[[2mrejects the stopped source after its real hosts file redirected the original URL to the second database
Owned Catalog, cutover and authority PostgreSQL	Run reader, cutover and authority tests in independently owned clusters	2026-09-08T10:17:00.6227521Z ^[[22m^[[39mRETIREMENT_ENDPOINT_REFUSAL {"stage":"hosts-routing","facts":{}}
Owned Catalog, cutover and authority PostgreSQL	Run reader, cutover and authority tests in independently owned clusters	2026-09-08T10:17:00.6227861Z 
Owned Catalog, cutover and authority PostgreSQL	Run reader, cutover and authority tests in independently owned clusters	2026-09-08T10:17:00.6229995Z ^[[90mstdout^[[2m | server/modules/catalog-cutover/retirement/loginFence.integration.test.ts^[[2m > ^[[22m^[[2mowned Docker source endpoint observation, not an old API/worker startup^[[2m > ^[[22m^[[2mrejects Docker's own hosts entry for a source hostname matching the database alias
Owned Catalog, cutover and authority PostgreSQL	Run reader, cutover and authority tests in independently owned clusters	2026-09-08T10:17:00.6231513Z ^[[22m^[[39mRETIREMENT_ENDPOINT_REFUSAL {"stage":"container-hostname","facts":{}}
Owned Catalog, cutover and authority PostgreSQL	Run reader, cutover and authority tests in independently owned clusters	2026-09-08T10:17:00.6231886Z 
Owned Catalog, cutover and authority PostgreSQL	Run reader, cutover and authority tests in independently owned clusters	2026-09-08T10:17:00.6232608Z  ^[[32m✓^[[39m server/modules/catalog-cutover/retirement/loginFence.integration.test.ts ^[[2m(^[[22m^[[2m15 tests^[[22m^[[2m)^[[22m^[[33m 15392^[[2mms^[[22m^[[39m
Owned Catalog, cutover and authority PostgreSQL	Run reader, cutover and authority tests in independently owned clusters	2026-09-08T10:17:00.6233807Z      ^[[33m^[[2m✓^[[22m^[[39m accepts only the actual original alias and the same container's published port ^[[33m 304^[[2mms^[[22m^[[39m
Owned Catalog, cutover and authority PostgreSQL	Run reader, cutover and authority tests in independently owned clusters	2026-09-08T10:17:00.6234862Z      ^[[33m^[[2m✓^[[22m^[[39m rejects a same-username URL for the other real owned database before connecting ^[[33m 910^[[2mms^[[22m^[[39m
Owned Catalog, cutover and authority PostgreSQL	Run reader, cutover and authority tests in independently owned clusters	2026-09-08T10:17:00.6235726Z      ^[[33m^[[2m✓^[[22m^[[39m rejects an actual duplicate network alias ^[[33m 1060^[[2mms^[[22m^[[39m
Owned Catalog, cutover and authority PostgreSQL	Run reader, cutover and authority tests in independently owned clusters	2026-09-08T10:17:00.6236761Z      ^[[33m^[[2m✓^[[22m^[[39m rejects the stopped source after its real hosts file redirected the original URL to the second database ^[[33m 3745^[[2mms^[[22m^[[39m
Owned Catalog, cutover and authority PostgreSQL	Run reader, cutover and authority tests in independently owned clusters	2026-09-08T10:17:00.6237904Z      ^[[33m^[[2m✓^[[22m^[[39m rejects Docker's own hosts entry for a source hostname matching the database alias ^[[33m 2013^[[2mms^[[22m^[[39m
Owned Catalog, cutover and authority PostgreSQL	Run reader, cutover and authority tests in independently owned clusters	2026-09-08T10:17:00.6239283Z  ^[[32m✓^[[39m scripts/retirement-endpoint-supervision.docker.test.ts ^[[2m(^[[22m^[[2m1 test^[[22m^[[2m)^[[22m^[[33m 1295^[[2mms^[[22m^[[39m
Owned Catalog, cutover and authority PostgreSQL	Run reader, cutover and authority tests in independently owned clusters	2026-09-08T10:17:00.6240434Z    ^[[33m^[[2m✓^[[22m^[[39m terminates a TERM-resistant group while the supervising parent retains endpoint ownership ^[[33m 1294^[[2mms^[[22m^[[39m
Owned Catalog, cutover and authority PostgreSQL	Run reader, cutover and authority tests in independently owned clusters	2026-09-08T10:17:00.6241251Z 
Owned Catalog, cutover and authority PostgreSQL	Run reader, cutover and authority tests in independently owned clusters	2026-09-08T10:17:00.6241566Z ^[[2m Test Files ^[[22m ^[[1m^[[32m2 passed^[[39m^[[22m^[[90m (2)^[[39m
Owned Catalog, cutover and authority PostgreSQL	Run reader, cutover and authority tests in independently owned clusters	2026-09-08T10:17:00.6242121Z ^[[2m      Tests ^[[22m ^[[1m^[[32m16 passed^[[39m^[[22m^[[90m (16)^[[39m
Owned Catalog, cutover and authority PostgreSQL	Run reader, cutover and authority tests in independently owned clusters	2026-09-08T10:17:00.6242562Z ^[[2m   Start at ^[[22m 10:16:43
Owned Catalog, cutover and authority PostgreSQL	Run reader, cutover and authority tests in independently owned clusters	2026-09-08T10:17:00.6243262Z ^[[2m   Duration ^[[22m 17.26s^[[2m (transform 259ms, setup 0ms, import 339ms, tests 16.69s, environment 0ms)^[[22m
Owned Catalog, cutover and authority PostgreSQL	Run reader, cutover and authority tests in independently owned clusters	2026-09-08T10:17:00.6243711Z 
Owned Catalog, cutover and authority PostgreSQL	Run reader, cutover and authority tests in independently owned clusters	2026-09-08T10:17:02.0907087Z {"scope":"isolated-components-only","suite":"retirement-existing-pg16","imageReference":"postgres:16-alpine","imageId":"sha256:75f5a96988cdf694a215073c3e9c001b706b371e2f94df3967f2efdec2787f6b","platform":"linux/amd64","containerId":"7988ea002724d39f74836fca020e852a74c5d6fcf085da49a5c187a553edb75a","networkId":"7dc99b966354696341dc74eb4800f86b3dca7cc72a1d11ec9be349b270f81283","exitCode":0,"runnerResourcesCleanupVerified":true,"cleanupVerified":true,"nestedCleanupOutcome":"not-applicable","privateEvidenceRetained":false,"releaseApproved":false}
Owned Catalog, cutover and authority PostgreSQL	Run reader, cutover and authority tests in independently owned clusters	2026-09-08T10:17:08.4051828Z {"evidence":"owned-service-profile","profile":"selfhost-postgres16-alpine-v1","imageId":"sha256:75f5a96988cdf694a215073c3e9c001b706b371e2f94df3967f2efdec2787f6b","databaseProperties":{"encoding":6,"datcollate":"en_US.utf8","datctype":"en_US.utf8","datlocprovider":"c","daticulocale":null,"daticurules":null,"datcollversion":null,"datconnlimit":-1,"datallowconn":true,"datistemplate":false}}
Owned Catalog, cutover and authority PostgreSQL	Run reader, cutover and authority tests in independently owned clusters	2026-09-08T10:17:46.8801193Z 
Owned Catalog, cutover and authority PostgreSQL	Run reader, cutover and authority tests in independently owned clusters	2026-09-08T10:17:46.8802407Z ^[[1m^[[30m^[[46m RUN ^[[49m^[[39m^[[22m ^[[36mv4.1.5 ^[[39m^[[90m/home/runner/work/WiseEff/WiseEff^[[39m
Owned Catalog, cutover and authority PostgreSQL	Run reader, cutover and authority tests in independently owned clusters	2026-09-08T10:17:46.8803103Z 
Owned Catalog, cutover and authority PostgreSQL	Run reader, cutover and authority tests in independently owned clusters	2026-09-08T10:17:46.8806157Z ^[[90mstdout^[[2m | server/modules/catalog-cutover/retirement/bootstrapCredentialFence.integration.test.ts^[[2m > ^[[22m^[[2mindependent custody transport lifecycle
Owned Catalog, cutover and authority PostgreSQL	Run reader, cutover and authority tests in independently owned clusters	2026-09-08T10:17:46.8808601Z ^[[22m^[[39m{"scope":"bootstrap-custody-timing","stage":"authentication-setup","elapsedMs":691}
Owned Catalog, cutover and authority PostgreSQL	Run reader, cutover and authority tests in independently owned clusters	2026-09-08T10:17:46.8809379Z 
Owned Catalog, cutover and authority PostgreSQL	Run reader, cutover and authority tests in independently owned clusters	2026-09-08T10:17:46.8811918Z ^[[90mstdout^[[2m | server/modules/catalog-cutover/retirement/bootstrapCredentialFence.integration.test.ts^[[2m > ^[[22m^[[2mindependent custody transport lifecycle^[[2m > ^[[22m^[[2mchecks original authentication selection exact in one independent process
Owned Catalog, cutover and authority PostgreSQL	Run reader, cutover and authority tests in independently owned clusters	2026-09-08T10:17:46.8815240Z ^[[22m^[[39m{"scope":"bootstrap-custody-timing","stage":"imports-ready","elapsedMs":831}
Owned Catalog, cutover and authority PostgreSQL	Run reader, cutover and authority tests in independently owned clusters	2026-09-08T10:17:46.8815874Z 
Owned Catalog, cutover and authority PostgreSQL	Run reader, cutover and authority tests in independently owned clusters	2026-09-08T10:17:46.8817523Z ^[[90mstdout^[[2m | server/modules/catalog-cutover/retirement/bootstrapCredentialFence.integration.test.ts^[[2m > ^[[22m^[[2mindependent custody transport lifecycle^[[2m > ^[[22m^[[2mchecks original authentication selection exact in one independent process
Owned Catalog, cutover and authority PostgreSQL	Run reader, cutover and authority tests in independently owned clusters	2026-09-08T10:17:46.8819424Z ^[[22m^[[39m{"scope":"bootstrap-custody-timing","stage":"manager-ready","elapsedMs":844}
Owned Catalog, cutover and authority PostgreSQL	Run reader, cutover and authority tests in independently owned clusters	2026-09-08T10:17:46.8819852Z 
Owned Catalog, cutover and authority PostgreSQL	Run reader, cutover and authority tests in independently owned clusters	2026-09-08T10:17:46.8821318Z ^[[90mstdout^[[2m | server/modules/catalog-cutover/retirement/bootstrapCredentialFence.integration.test.ts^[[2m > ^[[22m^[[2mindependent custody transport lifecycle^[[2m > ^[[22m^[[2mchecks original authentication selection exact in one independent process
Owned Catalog, cutover and authority PostgreSQL	Run reader, cutover and authority tests in independently owned clusters	2026-09-08T10:17:46.8822804Z ^[[22m^[[39m{"scope":"bootstrap-custody-timing","stage":"inspection-complete","elapsedMs":1158}
Owned Catalog, cutover and authority PostgreSQL	Run reader, cutover and authority tests in independently owned clusters	2026-09-08T10:17:46.8823225Z 
Owned Catalog, cutover and authority PostgreSQL	Run reader, cutover and authority tests in independently owned clusters	2026-09-08T10:17:46.8824521Z ^[[90mstdout^[[2m | server/modules/catalog-cutover/retirement/bootstrapCredentialFence.integration.test.ts^[[2m > ^[[22m^[[2mindependent custody transport lifecycle^[[2m > ^[[22m^[[2mchecks original authentication selection exact in one independent process
Owned Catalog, cutover and authority PostgreSQL	Run reader, cutover and authority tests in independently owned clusters	2026-09-08T10:17:46.8825948Z ^[[22m^[[39m{"scope":"bootstrap-custody-timing","stage":"child-settled","elapsedMs":1179}
Owned Catalog, cutover and authority PostgreSQL	Run reader, cutover and authority tests in independently owned clusters	2026-09-08T10:17:46.8826320Z 
Owned Catalog, cutover and authority PostgreSQL	Run reader, cutover and authority tests in independently owned clusters	2026-09-08T10:17:46.8827621Z ^[[90mstdout^[[2m | server/modules/catalog-cutover/retirement/bootstrapCredentialFence.integration.test.ts^[[2m > ^[[22m^[[2mindependent custody transport lifecycle^[[2m > ^[[22m^[[2mchecks original authentication selection cross-run in one independent process
Owned Catalog, cutover and authority PostgreSQL	Run reader, cutover and authority tests in independently owned clusters	2026-09-08T10:17:46.8830986Z ^[[22m^[[39m{"scope":"bootstrap-custody-timing","stage":"imports-ready","elapsedMs":742}
Owned Catalog, cutover and authority PostgreSQL	Run reader, cutover and authority tests in independently owned clusters	2026-09-08T10:17:46.8831587Z 
Owned Catalog, cutover and authority PostgreSQL	Run reader, cutover and authority tests in independently owned clusters	2026-09-08T10:17:46.8833777Z ^[[90mstdout^[[2m | server/modules/catalog-cutover/retirement/bootstrapCredentialFence.integration.test.ts^[[2m > ^[[22m^[[2mindependent custody transport lifecycle^[[2m > ^[[22m^[[2mchecks original authentication selection cross-run in one independent process
Owned Catalog, cutover and authority PostgreSQL	Run reader, cutover and authority tests in independently owned clusters	2026-09-08T10:17:46.8836221Z ^[[22m^[[39m{"scope":"bootstrap-custody-timing","stage":"manager-ready","elapsedMs":755}
Owned Catalog, cutover and authority PostgreSQL	Run reader, cutover and authority tests in independently owned clusters	2026-09-08T10:17:46.8836896Z 
Owned Catalog, cutover and authority PostgreSQL	Run reader, cutover and authority tests in independently owned clusters	2026-09-08T10:17:46.8839655Z ^[[90mstdout^[[2m | server/modules/catalog-cutover/retirement/bootstrapCredentialFence.integration.test.ts^[[2m > ^[[22m^[[2mindependent custody transport lifecycle^[[2m > ^[[22m^[[2mchecks original authentication selection cross-run in one independent process
Owned Catalog, cutover and authority PostgreSQL	Run reader, cutover and authority tests in independently owned clusters	2026-09-08T10:17:46.8842332Z ^[[22m^[[39m{"scope":"bootstrap-custody-timing","stage":"inspection-complete","elapsedMs":794}
Owned Catalog, cutover and authority PostgreSQL	Run reader, cutover and authority tests in independently owned clusters	2026-09-08T10:17:46.8843036Z 
Owned Catalog, cutover and authority PostgreSQL	Run reader, cutover and authority tests in independently owned clusters	2026-09-08T10:17:46.8845525Z ^[[90mstdout^[[2m | server/modules/catalog-cutover/retirement/bootstrapCredentialFence.integration.test.ts^[[2m > ^[[22m^[[2mindependent custody transport lifecycle^[[2m > ^[[22m^[[2mchecks original authentication selection cross-run in one independent process
Owned Catalog, cutover and authority PostgreSQL	Run reader, cutover and authority tests in independently owned clusters	2026-09-08T10:17:46.8848786Z ^[[22m^[[39m{"scope":"bootstrap-custody-timing","stage":"child-settled","elapsedMs":814}
Owned Catalog, cutover and authority PostgreSQL	Run reader, cutover and authority tests in independently owned clusters	2026-09-08T10:17:46.8849474Z 
Owned Catalog, cutover and authority PostgreSQL	Run reader, cutover and authority tests in independently owned clusters	2026-09-08T10:17:46.8851943Z ^[[90mstdout^[[2m | server/modules/catalog-cutover/retirement/bootstrapCredentialFence.integration.test.ts^[[2m > ^[[22m^[[2mindependent custody transport lifecycle^[[2m > ^[[22m^[[2mchecks original authentication selection package-drift in one independent process
Owned Catalog, cutover and authority PostgreSQL	Run reader, cutover and authority tests in independently owned clusters	2026-09-08T10:17:46.8855884Z ^[[22m^[[39m{"scope":"bootstrap-custody-timing","stage":"imports-ready","elapsedMs":718}
Owned Catalog, cutover and authority PostgreSQL	Run reader, cutover and authority tests in independently owned clusters	2026-09-08T10:17:46.8856778Z 
Owned Catalog, cutover and authority PostgreSQL	Run reader, cutover and authority tests in independently owned clusters	2026-09-08T10:17:46.8859528Z ^[[90mstdout^[[2m | server/modules/catalog-cutover/retirement/bootstrapCredentialFence.integration.test.ts^[[2m > ^[[22m^[[2mindependent custody transport lifecycle^[[2m > ^[[22m^[[2mchecks original authentication selection package-drift in one independent process
Owned Catalog, cutover and authority PostgreSQL	Run reader, cutover and authority tests in independently owned clusters	2026-09-08T10:17:46.8862567Z ^[[22m^[[39m{"scope":"bootstrap-custody-timing","stage":"manager-ready","elapsedMs":732}
Owned Catalog, cutover and authority PostgreSQL	Run reader, cutover and authority tests in independently owned clusters	2026-09-08T10:17:46.8863284Z 
Owned Catalog, cutover and authority PostgreSQL	Run reader, cutover and authority tests in independently owned clusters	2026-09-08T10:17:46.8865561Z ^[[90mstdout^[[2m | server/modules/catalog-cutover/retirement/bootstrapCredentialFence.integration.test.ts^[[2m > ^[[22m^[[2mindependent custody transport lifecycle^[[2m > ^[[22m^[[2mchecks original authentication selection package-drift in one independent process
Owned Catalog, cutover and authority PostgreSQL	Run reader, cutover and authority tests in independently owned clusters	2026-09-08T10:17:46.8867199Z ^[[22m^[[39m{"scope":"bootstrap-custody-timing","stage":"inspection-complete","elapsedMs":787}
Owned Catalog, cutover and authority PostgreSQL	Run reader, cutover and authority tests in independently owned clusters	2026-09-08T10:17:46.8867625Z 
Owned Catalog, cutover and authority PostgreSQL	Run reader, cutover and authority tests in independently owned clusters	2026-09-08T10:17:46.8869419Z ^[[90mstdout^[[2m | server/modules/catalog-cutover/retirement/bootstrapCredentialFence.integration.test.ts^[[2m > ^[[22m^[[2mindependent custody transport lifecycle^[[2m > ^[[22m^[[2mchecks original authentication selection package-drift in one independent process
Owned Catalog, cutover and authority PostgreSQL	Run reader, cutover and authority tests in independently owned clusters	2026-09-08T10:17:46.8870970Z ^[[22m^[[39m{"scope":"bootstrap-custody-timing","stage":"child-settled","elapsedMs":808}
Owned Catalog, cutover and authority PostgreSQL	Run reader, cutover and authority tests in independently owned clusters	2026-09-08T10:17:46.8871369Z 
Owned Catalog, cutover and authority PostgreSQL	Run reader, cutover and authority tests in independently owned clusters	2026-09-08T10:17:46.8872763Z ^[[90mstdout^[[2m | server/modules/catalog-cutover/retirement/bootstrapCredentialFence.integration.test.ts^[[2m > ^[[22m^[[2mindependent custody transport lifecycle^[[2m > ^[[22m^[[2mchecks original authentication selection guard-ended in one independent process
Owned Catalog, cutover and authority PostgreSQL	Run reader, cutover and authority tests in independently owned clusters	2026-09-08T10:17:46.8874221Z ^[[22m^[[39m{"scope":"bootstrap-custody-timing","stage":"imports-ready","elapsedMs":725}
Owned Catalog, cutover and authority PostgreSQL	Run reader, cutover and authority tests in independently owned clusters	2026-09-08T10:17:46.8874593Z 
Owned Catalog, cutover and authority PostgreSQL	Run reader, cutover and authority tests in independently owned clusters	2026-09-08T10:17:46.8875937Z ^[[90mstdout^[[2m | server/modules/catalog-cutover/retirement/bootstrapCredentialFence.integration.test.ts^[[2m > ^[[22m^[[2mindependent custody transport lifecycle^[[2m > ^[[22m^[[2mchecks original authentication selection guard-ended in one independent process
Owned Catalog, cutover and authority PostgreSQL	Run reader, cutover and authority tests in independently owned clusters	2026-09-08T10:17:46.8877370Z ^[[22m^[[39m{"scope":"bootstrap-custody-timing","stage":"manager-ready","elapsedMs":738}
Owned Catalog, cutover and authority PostgreSQL	Run reader, cutover and authority tests in independently owned clusters	2026-09-08T10:17:46.8877746Z 
Owned Catalog, cutover and authority PostgreSQL	Run reader, cutover and authority tests in independently owned clusters	2026-09-08T10:17:46.8879518Z ^[[90mstdout^[[2m | server/modules/catalog-cutover/retirement/bootstrapCredentialFence.integration.test.ts^[[2m > ^[[22m^[[2mindependent custody transport lifecycle^[[2m > ^[[22m^[[2mchecks original authentication selection guard-ended in one independent process
Owned Catalog, cutover and authority PostgreSQL	Run reader, cutover and authority tests in independently owned clusters	2026-09-08T10:17:46.8881382Z ^[[22m^[[39m{"scope":"bootstrap-custody-timing","stage":"inspection-complete","elapsedMs":823}
Owned Catalog, cutover and authority PostgreSQL	Run reader, cutover and authority tests in independently owned clusters	2026-09-08T10:17:46.8881822Z 
Owned Catalog, cutover and authority PostgreSQL	Run reader, cutover and authority tests in independently owned clusters	2026-09-08T10:17:46.8883190Z ^[[90mstdout^[[2m | server/modules/catalog-cutover/retirement/bootstrapCredentialFence.integration.test.ts^[[2m > ^[[22m^[[2mindependent custody transport lifecycle^[[2m > ^[[22m^[[2mchecks original authentication selection guard-ended in one independent process
Owned Catalog, cutover and authority PostgreSQL	Run reader, cutover and authority tests in independently owned clusters	2026-09-08T10:17:46.8884956Z ^[[22m^[[39m{"scope":"bootstrap-custody-timing","stage":"child-settled","elapsedMs":840}
Owned Catalog, cutover and authority PostgreSQL	Run reader, cutover and authority tests in independently owned clusters	2026-09-08T10:17:46.8885350Z 
Owned Catalog, cutover and authority PostgreSQL	Run reader, cutover and authority tests in independently owned clusters	2026-09-08T10:17:46.8886503Z ^[[90mstdout^[[2m | server/modules/catalog-cutover/retirement/bootstrapCredentialFence.integration.test.ts^[[2m > ^[[22m^[[2mindependent custody transport lifecycle^[[2m > ^[[22m^[[2mrecorded SQL successor
Owned Catalog, cutover and authority PostgreSQL	Run reader, cutover and authority tests in independently owned clusters	2026-09-08T10:17:46.8887790Z ^[[22m^[[39m{"scope":"bootstrap-custody-timing","stage":"sql-successor-setup","elapsedMs":201}
Owned Catalog, cutover and authority PostgreSQL	Run reader, cutover and authority tests in independently owned clusters	2026-09-08T10:17:46.8888400Z 
Owned Catalog, cutover and authority PostgreSQL	Run reader, cutover and authority tests in independently owned clusters	2026-09-08T10:17:46.8889981Z ^[[90mstdout^[[2m | server/modules/catalog-cutover/retirement/bootstrapCredentialFence.integration.test.ts^[[2m > ^[[22m^[[2mindependent custody transport lifecycle^[[2m > ^[[22m^[[2mrecorded SQL successor^[[2m > ^[[22m^[[2mchecks successor selection baseline with original custody and real locks
Owned Catalog, cutover and authority PostgreSQL	Run reader, cutover and authority tests in independently owned clusters	2026-09-08T10:17:46.8891515Z ^[[22m^[[39m{"scope":"bootstrap-custody-timing","stage":"imports-ready","elapsedMs":720}
Owned Catalog, cutover and authority PostgreSQL	Run reader, cutover and authority tests in independently owned clusters	2026-09-08T10:17:46.8891884Z 
Owned Catalog, cutover and authority PostgreSQL	Run reader, cutover and authority tests in independently owned clusters	2026-09-08T10:17:46.8893426Z ^[[90mstdout^[[2m | server/modules/catalog-cutover/retirement/bootstrapCredentialFence.integration.test.ts^[[2m > ^[[22m^[[2mindependent custody transport lifecycle^[[2m > ^[[22m^[[2mrecorded SQL successor^[[2m > ^[[22m^[[2mchecks successor selection baseline with original custody and real locks
Owned Catalog, cutover and authority PostgreSQL	Run reader, cutover and authority tests in independently owned clusters	2026-09-08T10:17:46.8895209Z ^[[22m^[[39m{"scope":"bootstrap-custody-timing","stage":"manager-ready","elapsedMs":733}
Owned Catalog, cutover and authority PostgreSQL	Run reader, cutover and authority tests in independently owned clusters	2026-09-08T10:17:46.8895839Z 
Owned Catalog, cutover and authority PostgreSQL	Run reader, cutover and authority tests in independently owned clusters	2026-09-08T10:17:46.8898656Z ^[[90mstdout^[[2m | server/modules/catalog-cutover/retirement/bootstrapCredentialFence.integration.test.ts^[[2m > ^[[22m^[[2mindependent custody transport lifecycle^[[2m > ^[[22m^[[2mrecorded SQL successor^[[2m > ^[[22m^[[2mchecks successor selection baseline with original custody and real locks
Owned Catalog, cutover and authority PostgreSQL	Run reader, cutover and authority tests in independently owned clusters	2026-09-08T10:17:46.8901759Z ^[[22m^[[39m{"scope":"bootstrap-custody-timing","stage":"inspection-complete","elapsedMs":1370}
Owned Catalog, cutover and authority PostgreSQL	Run reader, cutover and authority tests in independently owned clusters	2026-09-08T10:17:46.8902445Z 
Owned Catalog, cutover and authority PostgreSQL	Run reader, cutover and authority tests in independently owned clusters	2026-09-08T10:17:46.8905073Z ^[[90mstdout^[[2m | server/modules/catalog-cutover/retirement/bootstrapCredentialFence.integration.test.ts^[[2m > ^[[22m^[[2mindependent custody transport lifecycle^[[2m > ^[[22m^[[2mrecorded SQL successor^[[2m > ^[[22m^[[2mchecks successor selection baseline with original custody and real locks
Owned Catalog, cutover and authority PostgreSQL	Run reader, cutover and authority tests in independently owned clusters	2026-09-08T10:17:46.8907826Z ^[[22m^[[39m{"scope":"bootstrap-custody-timing","stage":"child-settled","elapsedMs":1392}
Owned Catalog, cutover and authority PostgreSQL	Run reader, cutover and authority tests in independently owned clusters	2026-09-08T10:17:46.8908768Z 
Owned Catalog, cutover and authority PostgreSQL	Run reader, cutover and authority tests in independently owned clusters	2026-09-08T10:17:46.8911500Z ^[[90mstdout^[[2m | server/modules/catalog-cutover/retirement/bootstrapCredentialFence.integration.test.ts^[[2m > ^[[22m^[[2mindependent custody transport lifecycle^[[2m > ^[[22m^[[2mrecorded SQL successor^[[2m > ^[[22m^[[2mchecks successor selection missing-host with original custody and real locks
Owned Catalog, cutover and authority PostgreSQL	Run reader, cutover and authority tests in independently owned clusters	2026-09-08T10:17:46.8914263Z ^[[22m^[[39m{"scope":"bootstrap-custody-timing","stage":"imports-ready","elapsedMs":741}
Owned Catalog, cutover and authority PostgreSQL	Run reader, cutover and authority tests in independently owned clusters	2026-09-08T10:17:46.8914893Z 
Owned Catalog, cutover and authority PostgreSQL	Run reader, cutover and authority tests in independently owned clusters	2026-09-08T10:17:46.8917558Z ^[[90mstdout^[[2m | server/modules/catalog-cutover/retirement/bootstrapCredentialFence.integration.test.ts^[[2m > ^[[22m^[[2mindependent custody transport lifecycle^[[2m > ^[[22m^[[2mrecorded SQL successor^[[2m > ^[[22m^[[2mchecks successor selection missing-host with original custody and real locks
Owned Catalog, cutover and authority PostgreSQL	Run reader, cutover and authority tests in independently owned clusters	2026-09-08T10:17:46.8920526Z ^[[22m^[[39m{"scope":"bootstrap-custody-timing","stage":"manager-ready","elapsedMs":754}
Owned Catalog, cutover and authority PostgreSQL	Run reader, cutover and authority tests in independently owned clusters	2026-09-08T10:17:46.8921146Z 
Owned Catalog, cutover and authority PostgreSQL	Run reader, cutover and authority tests in independently owned clusters	2026-09-08T10:17:46.8923713Z ^[[90mstdout^[[2m | server/modules/catalog-cutover/retirement/bootstrapCredentialFence.integration.test.ts^[[2m > ^[[22m^[[2mindependent custody transport lifecycle^[[2m > ^[[22m^[[2mrecorded SQL successor^[[2m > ^[[22m^[[2mchecks successor selection missing-host with original custody and real locks
Owned Catalog, cutover and authority PostgreSQL	Run reader, cutover and authority tests in independently owned clusters	2026-09-08T10:17:46.8925778Z ^[[22m^[[39m{"scope":"bootstrap-custody-timing","stage":"inspection-complete","elapsedMs":862}
Owned Catalog, cutover and authority PostgreSQL	Run reader, cutover and authority tests in independently owned clusters	2026-09-08T10:17:46.8926260Z 
Owned Catalog, cutover and authority PostgreSQL	Run reader, cutover and authority tests in independently owned clusters	2026-09-08T10:17:46.8928376Z ^[[90mstdout^[[2m | server/modules/catalog-cutover/retirement/bootstrapCredentialFence.integration.test.ts^[[2m > ^[[22m^[[2mindependent custody transport lifecycle^[[2m > ^[[22m^[[2mrecorded SQL successor^[[2m > ^[[22m^[[2mchecks successor selection missing-host with original custody and real locks
Owned Catalog, cutover and authority PostgreSQL	Run reader, cutover and authority tests in independently owned clusters	2026-09-08T10:17:46.8930286Z ^[[22m^[[39m{"scope":"bootstrap-custody-timing","stage":"child-settled","elapsedMs":882}
Owned Catalog, cutover and authority PostgreSQL	Run reader, cutover and authority tests in independently owned clusters	2026-09-08T10:17:46.8930780Z 
Owned Catalog, cutover and authority PostgreSQL	Run reader, cutover and authority tests in independently owned clusters	2026-09-08T10:17:46.8932523Z ^[[90mstdout^[[2m | server/modules/catalog-cutover/retirement/bootstrapCredentialFence.integration.test.ts^[[2m > ^[[22m^[[2mindependent custody transport lifecycle^[[2m > ^[[22m^[[2mrecorded SQL successor^[[2m > ^[[22m^[[2mchecks successor selection wrong-host-run with original custody and real locks
Owned Catalog, cutover and authority PostgreSQL	Run reader, cutover and authority tests in independently owned clusters	2026-09-08T10:17:46.8934244Z ^[[22m^[[39m{"scope":"bootstrap-custody-timing","stage":"imports-ready","elapsedMs":711}
Owned Catalog, cutover and authority PostgreSQL	Run reader, cutover and authority tests in independently owned clusters	2026-09-08T10:17:46.8934771Z 
Owned Catalog, cutover and authority PostgreSQL	Run reader, cutover and authority tests in independently owned clusters	2026-09-08T10:17:46.8937379Z ^[[90mstdout^[[2m | server/modules/catalog-cutover/retirement/bootstrapCredentialFence.integration.test.ts^[[2m > ^[[22m^[[2mindependent custody transport lifecycle^[[2m > ^[[22m^[[2mrecorded SQL successor^[[2m > ^[[22m^[[2mchecks successor selection wrong-host-run with original custody and real locks
Owned Catalog, cutover and authority PostgreSQL	Run reader, cutover and authority tests in independently owned clusters	2026-09-08T10:17:46.8940358Z ^[[22m^[[39m{"scope":"bootstrap-custody-timing","stage":"manager-ready","elapsedMs":724}
Owned Catalog, cutover and authority PostgreSQL	Run reader, cutover and authority tests in independently owned clusters	2026-09-08T10:17:46.8941018Z 
Owned Catalog, cutover and authority PostgreSQL	Run reader, cutover and authority tests in independently owned clusters	2026-09-08T10:17:46.8943660Z ^[[90mstdout^[[2m | server/modules/catalog-cutover/retirement/bootstrapCredentialFence.integration.test.ts^[[2m > ^[[22m^[[2mindependent custody transport lifecycle^[[2m > ^[[22m^[[2mrecorded SQL successor^[[2m > ^[[22m^[[2mchecks successor selection wrong-host-run with original custody and real locks
Owned Catalog, cutover and authority PostgreSQL	Run reader, cutover and authority tests in independently owned clusters	2026-09-08T10:17:46.8946444Z ^[[22m^[[39m{"scope":"bootstrap-custody-timing","stage":"inspection-complete","elapsedMs":837}
Owned Catalog, cutover and authority PostgreSQL	Run reader, cutover and authority tests in independently owned clusters	2026-09-08T10:17:46.8947415Z 
Owned Catalog, cutover and authority PostgreSQL	Run reader, cutover and authority tests in independently owned clusters	2026-09-08T10:17:46.8950236Z ^[[90mstdout^[[2m | server/modules/catalog-cutover/retirement/bootstrapCredentialFence.integration.test.ts^[[2m > ^[[22m^[[2mindependent custody transport lifecycle^[[2m > ^[[22m^[[2mrecorded SQL successor^[[2m > ^[[22m^[[2mchecks successor selection wrong-host-run with original custody and real locks
Owned Catalog, cutover and authority PostgreSQL	Run reader, cutover and authority tests in independently owned clusters	2026-09-08T10:17:46.8952895Z ^[[22m^[[39m{"scope":"bootstrap-custody-timing","stage":"child-settled","elapsedMs":858}
Owned Catalog, cutover and authority PostgreSQL	Run reader, cutover and authority tests in independently owned clusters	2026-09-08T10:17:46.8953522Z 
Owned Catalog, cutover and authority PostgreSQL	Run reader, cutover and authority tests in independently owned clusters	2026-09-08T10:17:46.8956138Z ^[[90mstdout^[[2m | server/modules/catalog-cutover/retirement/bootstrapCredentialFence.integration.test.ts^[[2m > ^[[22m^[[2mindependent custody transport lifecycle^[[2m > ^[[22m^[[2mrecorded SQL successor^[[2m > ^[[22m^[[2mchecks successor selection extra-acl with original custody and real locks
Owned Catalog, cutover and authority PostgreSQL	Run reader, cutover and authority tests in independently owned clusters	2026-09-08T10:17:46.8959096Z ^[[22m^[[39m{"scope":"bootstrap-custody-timing","stage":"imports-ready","elapsedMs":710}
Owned Catalog, cutover and authority PostgreSQL	Run reader, cutover and authority tests in independently owned clusters	2026-09-08T10:17:46.8960463Z 
Owned Catalog, cutover and authority PostgreSQL	Run reader, cutover and authority tests in independently owned clusters	2026-09-08T10:17:46.8965476Z ^[[90mstdout^[[2m | server/modules/catalog-cutover/retirement/bootstrapCredentialFence.integration.test.ts^[[2m > ^[[22m^[[2mindependent custody transport lifecycle^[[2m > ^[[22m^[[2mrecorded SQL successor^[[2m > ^[[22m^[[2mchecks successor selection extra-acl with original custody and real locks
Owned Catalog, cutover and authority PostgreSQL	Run reader, cutover and authority tests in independently owned clusters	2026-09-08T10:17:46.8969084Z ^[[22m^[[39m{"scope":"bootstrap-custody-timing","stage":"manager-ready","elapsedMs":724}
Owned Catalog, cutover and authority PostgreSQL	Run reader, cutover and authority tests in independently owned clusters	2026-09-08T10:17:46.8970026Z 
Owned Catalog, cutover and authority PostgreSQL	Run reader, cutover and authority tests in independently owned clusters	2026-09-08T10:17:46.8973359Z ^[[90mstdout^[[2m | server/modules/catalog-cutover/retirement/bootstrapCredentialFence.integration.test.ts^[[2m > ^[[22m^[[2mindependent custody transport lifecycle^[[2m > ^[[22m^[[2mrecorded SQL successor^[[2m > ^[[22m^[[2mchecks successor selection extra-acl with original custody and real locks
Owned Catalog, cutover and authority PostgreSQL	Run reader, cutover and authority tests in independently owned clusters	2026-09-08T10:17:46.8977159Z ^[[22m^[[39m{"scope":"bootstrap-custody-timing","stage":"inspection-complete","elapsedMs":872}
Owned Catalog, cutover and authority PostgreSQL	Run reader, cutover and authority tests in independently owned clusters	2026-09-08T10:17:46.8978140Z 
Owned Catalog, cutover and authority PostgreSQL	Run reader, cutover and authority tests in independently owned clusters	2026-09-08T10:17:46.8982199Z ^[[90mstdout^[[2m | server/modules/catalog-cutover/retirement/bootstrapCredentialFence.integration.test.ts^[[2m > ^[[22m^[[2mindependent custody transport lifecycle^[[2m > ^[[22m^[[2mrecorded SQL successor^[[2m > ^[[22m^[[2mchecks successor selection extra-acl with original custody and real locks
Owned Catalog, cutover and authority PostgreSQL	Run reader, cutover and authority tests in independently owned clusters	2026-09-08T10:17:46.8985759Z ^[[22m^[[39m{"scope":"bootstrap-custody-timing","stage":"child-settled","elapsedMs":893}
Owned Catalog, cutover and authority PostgreSQL	Run reader, cutover and authority tests in independently owned clusters	2026-09-08T10:17:46.8986727Z 
Owned Catalog, cutover and authority PostgreSQL	Run reader, cutover and authority tests in independently owned clusters	2026-09-08T10:17:46.8990246Z ^[[90mstdout^[[2m | server/modules/catalog-cutover/retirement/bootstrapCredentialFence.integration.test.ts^[[2m > ^[[22m^[[2mindependent custody transport lifecycle^[[2m > ^[[22m^[[2mrecorded SQL successor^[[2m > ^[[22m^[[2mchecks successor selection new-relation with original custody and real locks
Owned Catalog, cutover and authority PostgreSQL	Run reader, cutover and authority tests in independently owned clusters	2026-09-08T10:17:46.8993862Z ^[[22m^[[39m{"scope":"bootstrap-custody-timing","stage":"imports-ready","elapsedMs":748}
Owned Catalog, cutover and authority PostgreSQL	Run reader, cutover and authority tests in independently owned clusters	2026-09-08T10:17:46.8994774Z 
Owned Catalog, cutover and authority PostgreSQL	Run reader, cutover and authority tests in independently owned clusters	2026-09-08T10:17:46.8998502Z ^[[90mstdout^[[2m | server/modules/catalog-cutover/retirement/bootstrapCredentialFence.integration.test.ts^[[2m > ^[[22m^[[2mindependent custody transport lifecycle^[[2m > ^[[22m^[[2mrecorded SQL successor^[[2m > ^[[22m^[[2mchecks successor selection new-relation with original custody and real locks
Owned Catalog, cutover and authority PostgreSQL	Run reader, cutover and authority tests in independently owned clusters	2026-09-08T10:17:46.9002017Z ^[[22m^[[39m{"scope":"bootstrap-custody-timing","stage":"manager-ready","elapsedMs":762}
Owned Catalog, cutover and authority PostgreSQL	Run reader, cutover and authority tests in independently owned clusters	2026-09-08T10:17:46.9002934Z 
Owned Catalog, cutover and authority PostgreSQL	Run reader, cutover and authority tests in independently owned clusters	2026-09-08T10:17:46.9006129Z ^[[90mstdout^[[2m | server/modules/catalog-cutover/retirement/bootstrapCredentialFence.integration.test.ts^[[2m > ^[[22m^[[2mindependent custody transport lifecycle^[[2m > ^[[22m^[[2mrecorded SQL successor^[[2m > ^[[22m^[[2mchecks successor selection new-relation with original custody and real locks
Owned Catalog, cutover and authority PostgreSQL	Run reader, cutover and authority tests in independently owned clusters	2026-09-08T10:17:46.9010058Z ^[[22m^[[39m{"scope":"bootstrap-custody-timing","stage":"inspection-complete","elapsedMs":1221}
Owned Catalog, cutover and authority PostgreSQL	Run reader, cutover and authority tests in independently owned clusters	2026-09-08T10:17:46.9010874Z 
Owned Catalog, cutover and authority PostgreSQL	Run reader, cutover and authority tests in independently owned clusters	2026-09-08T10:17:46.9014315Z ^[[90mstdout^[[2m | server/modules/catalog-cutover/retirement/bootstrapCredentialFence.integration.test.ts^[[2m > ^[[22m^[[2mindependent custody transport lifecycle^[[2m > ^[[22m^[[2mrecorded SQL successor^[[2m > ^[[22m^[[2mchecks successor selection new-relation with original custody and real locks
Owned Catalog, cutover and authority PostgreSQL	Run reader, cutover and authority tests in independently owned clusters	2026-09-08T10:17:46.9018580Z ^[[22m^[[39m{"scope":"bootstrap-custody-timing","stage":"child-settled","elapsedMs":1242}
Owned Catalog, cutover and authority PostgreSQL	Run reader, cutover and authority tests in independently owned clusters	2026-09-08T10:17:46.9019787Z 
Owned Catalog, cutover and authority PostgreSQL	Run reader, cutover and authority tests in independently owned clusters	2026-09-08T10:17:46.9026415Z ^[[90mstdout^[[2m | server/modules/catalog-cutover/retirement/bootstrapCredentialFence.integration.test.ts^[[2m > ^[[22m^[[2mindependent custody transport lifecycle^[[2m > ^[[22m^[[2mrecorded SQL successor^[[2m > ^[[22m^[[2mchecks successor selection host-association with original custody and real locks
Owned Catalog, cutover and authority PostgreSQL	Run reader, cutover and authority tests in independently owned clusters	2026-09-08T10:17:46.9029582Z ^[[22m^[[39m{"scope":"bootstrap-custody-timing","stage":"imports-ready","elapsedMs":719}
Owned Catalog, cutover and authority PostgreSQL	Run reader, cutover and authority tests in independently owned clusters	2026-09-08T10:17:46.9030287Z 
Owned Catalog, cutover and authority PostgreSQL	Run reader, cutover and authority tests in independently owned clusters	2026-09-08T10:17:46.9033037Z ^[[90mstdout^[[2m | server/modules/catalog-cutover/retirement/bootstrapCredentialFence.integration.test.ts^[[2m > ^[[22m^[[2mindependent custody transport lifecycle^[[2m > ^[[22m^[[2mrecorded SQL successor^[[2m > ^[[22m^[[2mchecks successor selection host-association with original custody and real locks
Owned Catalog, cutover and authority PostgreSQL	Run reader, cutover and authority tests in independently owned clusters	2026-09-08T10:17:46.9036101Z ^[[22m^[[39m{"scope":"bootstrap-custody-timing","stage":"manager-ready","elapsedMs":732}
Owned Catalog, cutover and authority PostgreSQL	Run reader, cutover and authority tests in independently owned clusters	2026-09-08T10:17:46.9036796Z 
Owned Catalog, cutover and authority PostgreSQL	Run reader, cutover and authority tests in independently owned clusters	2026-09-08T10:17:46.9040634Z ^[[90mstdout^[[2m | server/modules/catalog-cutover/retirement/bootstrapCredentialFence.integration.test.ts^[[2m > ^[[22m^[[2mindependent custody transport lifecycle^[[2m > ^[[22m^[[2mrecorded SQL successor^[[2m > ^[[22m^[[2mchecks successor selection host-association with original custody and real locks
Owned Catalog, cutover and authority PostgreSQL	Run reader, cutover and authority tests in independently owned clusters	2026-09-08T10:17:46.9044017Z ^[[22m^[[39m{"scope":"bootstrap-custody-timing","stage":"inspection-complete","elapsedMs":848}
Owned Catalog, cutover and authority PostgreSQL	Run reader, cutover and authority tests in independently owned clusters	2026-09-08T10:17:46.9044720Z 
Owned Catalog, cutover and authority PostgreSQL	Run reader, cutover and authority tests in independently owned clusters	2026-09-08T10:17:46.9047563Z ^[[90mstdout^[[2m | server/modules/catalog-cutover/retirement/bootstrapCredentialFence.integration.test.ts^[[2m > ^[[22m^[[2mindependent custody transport lifecycle^[[2m > ^[[22m^[[2mrecorded SQL successor^[[2m > ^[[22m^[[2mchecks successor selection host-association with original custody and real locks
Owned Catalog, cutover and authority PostgreSQL	Run reader, cutover and authority tests in independently owned clusters	2026-09-08T10:17:46.9050774Z ^[[22m^[[39m{"scope":"bootstrap-custody-timing","stage":"child-settled","elapsedMs":869}
Owned Catalog, cutover and authority PostgreSQL	Run reader, cutover and authority tests in independently owned clusters	2026-09-08T10:17:46.9051739Z 
Owned Catalog, cutover and authority PostgreSQL	Run reader, cutover and authority tests in independently owned clusters	2026-09-08T10:17:46.9055438Z ^[[90mstdout^[[2m | server/modules/catalog-cutover/retirement/bootstrapCredentialFence.integration.test.ts^[[2m > ^[[22m^[[2mindependent custody transport lifecycle^[[2m > ^[[22m^[[2mrecorded SQL successor^[[2m > ^[[22m^[[2mchecks successor selection host-association with original custody and real locks
Owned Catalog, cutover and authority PostgreSQL	Run reader, cutover and authority tests in independently owned clusters	2026-09-08T10:17:46.9058623Z ^[[22m^[[39m{"scope":"bootstrap-custody-timing","stage":"imports-ready","elapsedMs":734}
Owned Catalog, cutover and authority PostgreSQL	Run reader, cutover and authority tests in independently owned clusters	2026-09-08T10:17:46.9059237Z 
Owned Catalog, cutover and authority PostgreSQL	Run reader, cutover and authority tests in independently owned clusters	2026-09-08T10:17:46.9070080Z ^[[90mstdout^[[2m | server/modules/catalog-cutover/retirement/bootstrapCredentialFence.integration.test.ts^[[2m > ^[[22m^[[2mindependent custody transport lifecycle^[[2m > ^[[22m^[[2mrecorded SQL successor^[[2m > ^[[22m^[[2mchecks successor selection host-association with original custody and real locks
Owned Catalog, cutover and authority PostgreSQL	Run reader, cutover and authority tests in independently owned clusters	2026-09-08T10:17:46.9072997Z ^[[22m^[[39m{"scope":"bootstrap-custody-timing","stage":"manager-ready","elapsedMs":748}
Owned Catalog, cutover and authority PostgreSQL	Run reader, cutover and authority tests in independently owned clusters	2026-09-08T10:17:46.9073724Z 
Owned Catalog, cutover and authority PostgreSQL	Run reader, cutover and authority tests in independently owned clusters	2026-09-08T10:17:46.9076179Z ^[[90mstdout^[[2m | server/modules/catalog-cutover/retirement/bootstrapCredentialFence.integration.test.ts^[[2m > ^[[22m^[[2mindependent custody transport lifecycle^[[2m > ^[[22m^[[2mrecorded SQL successor^[[2m > ^[[22m^[[2mchecks successor selection host-association with original custody and real locks
Owned Catalog, cutover and authority PostgreSQL	Run reader, cutover and authority tests in independently owned clusters	2026-09-08T10:17:46.9077925Z ^[[22m^[[39m{"scope":"bootstrap-custody-timing","stage":"inspection-complete","elapsedMs":862}
Owned Catalog, cutover and authority PostgreSQL	Run reader, cutover and authority tests in independently owned clusters	2026-09-08T10:17:46.9079188Z 
Owned Catalog, cutover and authority PostgreSQL	Run reader, cutover and authority tests in independently owned clusters	2026-09-08T10:17:46.9082441Z ^[[90mstdout^[[2m | server/modules/catalog-cutover/retirement/bootstrapCredentialFence.integration.test.ts^[[2m > ^[[22m^[[2mindependent custody transport lifecycle^[[2m > ^[[22m^[[2mrecorded SQL successor^[[2m > ^[[22m^[[2mchecks successor selection host-association with original custody and real locks
Owned Catalog, cutover and authority PostgreSQL	Run reader, cutover and authority tests in independently owned clusters	2026-09-08T10:17:46.9085395Z ^[[22m^[[39m{"scope":"bootstrap-custody-timing","stage":"child-settled","elapsedMs":883}
Owned Catalog, cutover and authority PostgreSQL	Run reader, cutover and authority tests in independently owned clusters	2026-09-08T10:17:46.9086115Z 
Owned Catalog, cutover and authority PostgreSQL	Run reader, cutover and authority tests in independently owned clusters	2026-09-08T10:17:46.9089215Z ^[[90mstdout^[[2m | server/modules/catalog-cutover/retirement/bootstrapCredentialFence.integration.test.ts^[[2m > ^[[22m^[[2mindependent custody transport lifecycle^[[2m > ^[[22m^[[2mrecorded SQL successor^[[2m > ^[[22m^[[2mchecks successor selection final-boundary-table-grant with original custody and real locks
Owned Catalog, cutover and authority PostgreSQL	Run reader, cutover and authority tests in independently owned clusters	2026-09-08T10:17:46.9093118Z ^[[22m^[[39m{"scope":"bootstrap-custody-timing","stage":"imports-ready","elapsedMs":720}
Owned Catalog, cutover and authority PostgreSQL	Run reader, cutover and authority tests in independently owned clusters	2026-09-08T10:17:46.9093731Z 
Owned Catalog, cutover and authority PostgreSQL	Run reader, cutover and authority tests in independently owned clusters	2026-09-08T10:17:46.9096514Z ^[[90mstdout^[[2m | server/modules/catalog-cutover/retirement/bootstrapCredentialFence.integration.test.ts^[[2m > ^[[22m^[[2mindependent custody transport lifecycle^[[2m > ^[[22m^[[2mrecorded SQL successor^[[2m > ^[[22m^[[2mchecks successor selection final-boundary-table-grant with original custody and real locks
Owned Catalog, cutover and authority PostgreSQL	Run reader, cutover and authority tests in independently owned clusters	2026-09-08T10:17:46.9099493Z ^[[22m^[[39m{"scope":"bootstrap-custody-timing","stage":"manager-ready","elapsedMs":734}
Owned Catalog, cutover and authority PostgreSQL	Run reader, cutover and authority tests in independently owned clusters	2026-09-08T10:17:46.9100091Z 
Owned Catalog, cutover and authority PostgreSQL	Run reader, cutover and authority tests in independently owned clusters	2026-09-08T10:17:46.9102837Z ^[[90mstdout^[[2m | server/modules/catalog-cutover/retirement/bootstrapCredentialFence.integration.test.ts^[[2m > ^[[22m^[[2mindependent custody transport lifecycle^[[2m > ^[[22m^[[2mrecorded SQL successor^[[2m > ^[[22m^[[2mchecks successor selection final-boundary-table-grant with original custody and real locks
Owned Catalog, cutover and authority PostgreSQL	Run reader, cutover and authority tests in independently owned clusters	2026-09-08T10:17:46.9105663Z ^[[22m^[[39m{"scope":"bootstrap-custody-timing","stage":"inspection-complete","elapsedMs":1466}
Owned Catalog, cutover and authority PostgreSQL	Run reader, cutover and authority tests in independently owned clusters	2026-09-08T10:17:46.9106320Z 
Owned Catalog, cutover and authority PostgreSQL	Run reader, cutover and authority tests in independently owned clusters	2026-09-08T10:17:46.9109291Z ^[[90mstdout^[[2m | server/modules/catalog-cutover/retirement/bootstrapCredentialFence.integration.test.ts^[[2m > ^[[22m^[[2mindependent custody transport lifecycle^[[2m > ^[[22m^[[2mrecorded SQL successor^[[2m > ^[[22m^[[2mchecks successor selection final-boundary-table-grant with original custody and real locks
Owned Catalog, cutover and authority PostgreSQL	Run reader, cutover and authority tests in independently owned clusters	2026-09-08T10:17:46.9112241Z ^[[22m^[[39m{"scope":"bootstrap-custody-timing","stage":"child-settled","elapsedMs":1491}
Owned Catalog, cutover and authority PostgreSQL	Run reader, cutover and authority tests in independently owned clusters	2026-09-08T10:17:46.9112900Z 
Owned Catalog, cutover and authority PostgreSQL	Run reader, cutover and authority tests in independently owned clusters	2026-09-08T10:17:46.9115866Z ^[[90mstdout^[[2m | server/modules/catalog-cutover/retirement/bootstrapCredentialFence.integration.test.ts^[[2m > ^[[22m^[[2mindependent custody transport lifecycle^[[2m > ^[[22m^[[2mrecorded SQL successor^[[2m > ^[[22m^[[2mchecks successor selection final-boundary-column-grant with original custody and real locks
Owned Catalog, cutover and authority PostgreSQL	Run reader, cutover and authority tests in independently owned clusters	2026-09-08T10:17:46.9119352Z ^[[22m^[[39m{"scope":"bootstrap-custody-timing","stage":"imports-ready","elapsedMs":730}
Owned Catalog, cutover and authority PostgreSQL	Run reader, cutover and authority tests in independently owned clusters	2026-09-08T10:17:46.9120011Z 
Owned Catalog, cutover and authority PostgreSQL	Run reader, cutover and authority tests in independently owned clusters	2026-09-08T10:17:46.9122942Z ^[[90mstdout^[[2m | server/modules/catalog-cutover/retirement/bootstrapCredentialFence.integration.test.ts^[[2m > ^[[22m^[[2mindependent custody transport lifecycle^[[2m > ^[[22m^[[2mrecorded SQL successor^[[2m > ^[[22m^[[2mchecks successor selection final-boundary-column-grant with original custody and real locks
Owned Catalog, cutover and authority PostgreSQL	Run reader, cutover and authority tests in independently owned clusters	2026-09-08T10:17:46.9125864Z ^[[22m^[[39m{"scope":"bootstrap-custody-timing","stage":"manager-ready","elapsedMs":744}
Owned Catalog, cutover and authority PostgreSQL	Run reader, cutover and authority tests in independently owned clusters	2026-09-08T10:17:46.9126493Z 
Owned Catalog, cutover and authority PostgreSQL	Run reader, cutover and authority tests in independently owned clusters	2026-09-08T10:17:46.9129628Z ^[[90mstdout^[[2m | server/modules/catalog-cutover/retirement/bootstrapCredentialFence.integration.test.ts^[[2m > ^[[22m^[[2mindependent custody transport lifecycle^[[2m > ^[[22m^[[2mrecorded SQL successor^[[2m > ^[[22m^[[2mchecks successor selection final-boundary-column-grant with original custody and real locks
Owned Catalog, cutover and authority PostgreSQL	Run reader, cutover and authority tests in independently owned clusters	2026-09-08T10:17:46.9132634Z ^[[22m^[[39m{"scope":"bootstrap-custody-timing","stage":"inspection-complete","elapsedMs":1461}
Owned Catalog, cutover and authority PostgreSQL	Run reader, cutover and authority tests in independently owned clusters	2026-09-08T10:17:46.9133317Z 
Owned Catalog, cutover and authority PostgreSQL	Run reader, cutover and authority tests in independently owned clusters	2026-09-08T10:17:46.9136115Z ^[[90mstdout^[[2m | server/modules/catalog-cutover/retirement/bootstrapCredentialFence.integration.test.ts^[[2m > ^[[22m^[[2mindependent custody transport lifecycle^[[2m > ^[[22m^[[2mrecorded SQL successor^[[2m > ^[[22m^[[2mchecks successor selection final-boundary-column-grant with original custody and real locks
Owned Catalog, cutover and authority PostgreSQL	Run reader, cutover and authority tests in independently owned clusters	2026-09-08T10:17:46.9139340Z ^[[22m^[[39m{"scope":"bootstrap-custody-timing","stage":"child-settled","elapsedMs":1484}
Owned Catalog, cutover and authority PostgreSQL	Run reader, cutover and authority tests in independently owned clusters	2026-09-08T10:17:46.9139993Z 
Owned Catalog, cutover and authority PostgreSQL	Run reader, cutover and authority tests in independently owned clusters	2026-09-08T10:17:46.9142862Z ^[[90mstdout^[[2m | server/modules/catalog-cutover/retirement/bootstrapCredentialFence.integration.test.ts^[[2m > ^[[22m^[[2mindependent custody transport lifecycle^[[2m > ^[[22m^[[2mrecorded SQL successor^[[2m > ^[[22m^[[2mchecks successor selection final-boundary-function with original custody and real locks
Owned Catalog, cutover and authority PostgreSQL	Run reader, cutover and authority tests in independently owned clusters	2026-09-08T10:17:46.9145707Z ^[[22m^[[39m{"scope":"bootstrap-custody-timing","stage":"imports-ready","elapsedMs":733}
Owned Catalog, cutover and authority PostgreSQL	Run reader, cutover and authority tests in independently owned clusters	2026-09-08T10:17:46.9146656Z 
Owned Catalog, cutover and authority PostgreSQL	Run reader, cutover and authority tests in independently owned clusters	2026-09-08T10:17:46.9149667Z ^[[90mstdout^[[2m | server/modules/catalog-cutover/retirement/bootstrapCredentialFence.integration.test.ts^[[2m > ^[[22m^[[2mindependent custody transport lifecycle^[[2m > ^[[22m^[[2mrecorded SQL successor^[[2m > ^[[22m^[[2mchecks successor selection final-boundary-function with original custody and real locks
Owned Catalog, cutover and authority PostgreSQL	Run reader, cutover and authority tests in independently owned clusters	2026-09-08T10:17:46.9152372Z ^[[22m^[[39m{"scope":"bootstrap-custody-timing","stage":"manager-ready","elapsedMs":746}
Owned Catalog, cutover and authority PostgreSQL	Run reader, cutover and authority tests in independently owned clusters	2026-09-08T10:17:46.9152975Z 
Owned Catalog, cutover and authority PostgreSQL	Run reader, cutover and authority tests in independently owned clusters	2026-09-08T10:17:46.9155651Z ^[[90mstdout^[[2m | server/modules/catalog-cutover/retirement/bootstrapCredentialFence.integration.test.ts^[[2m > ^[[22m^[[2mindependent custody transport lifecycle^[[2m > ^[[22m^[[2mrecorded SQL successor^[[2m > ^[[22m^[[2mchecks successor selection final-boundary-function with original custody and real locks
Owned Catalog, cutover and authority PostgreSQL	Run reader, cutover and authority tests in independently owned clusters	2026-09-08T10:17:46.9158594Z ^[[22m^[[39m{"scope":"bootstrap-custody-timing","stage":"inspection-complete","elapsedMs":1469}
Owned Catalog, cutover and authority PostgreSQL	Run reader, cutover and authority tests in independently owned clusters	2026-09-08T10:17:46.9159273Z 
Owned Catalog, cutover and authority PostgreSQL	Run reader, cutover and authority tests in independently owned clusters	2026-09-08T10:17:46.9161611Z ^[[90mstdout^[[2m | server/modules/catalog-cutover/retirement/bootstrapCredentialFence.integration.test.ts^[[2m > ^[[22m^[[2mindependent custody transport lifecycle^[[2m > ^[[22m^[[2mrecorded SQL successor^[[2m > ^[[22m^[[2mchecks successor selection final-boundary-function with original custody and real locks
Owned Catalog, cutover and authority PostgreSQL	Run reader, cutover and authority tests in independently owned clusters	2026-09-08T10:17:46.9164294Z ^[[22m^[[39m{"scope":"bootstrap-custody-timing","stage":"child-settled","elapsedMs":1493}
Owned Catalog, cutover and authority PostgreSQL	Run reader, cutover and authority tests in independently owned clusters	2026-09-08T10:17:46.9165020Z 
Owned Catalog, cutover and authority PostgreSQL	Run reader, cutover and authority tests in independently owned clusters	2026-09-08T10:17:46.9167418Z ^[[90mstdout^[[2m | server/modules/catalog-cutover/retirement/bootstrapCredentialFence.integration.test.ts^[[2m > ^[[22m^[[2mindependent custody transport lifecycle^[[2m > ^[[22m^[[2mrecorded SQL successor^[[2m > ^[[22m^[[2mchecks successor selection final-boundary-role-setting with original custody and real locks
Owned Catalog, cutover and authority PostgreSQL	Run reader, cutover and authority tests in independently owned clusters	2026-09-08T10:17:46.9170672Z ^[[22m^[[39m{"scope":"bootstrap-custody-timing","stage":"imports-ready","elapsedMs":722}
Owned Catalog, cutover and authority PostgreSQL	Run reader, cutover and authority tests in independently owned clusters	2026-09-08T10:17:46.9171540Z 
Owned Catalog, cutover and authority PostgreSQL	Run reader, cutover and authority tests in independently owned clusters	2026-09-08T10:17:46.9174294Z ^[[90mstdout^[[2m | server/modules/catalog-cutover/retirement/bootstrapCredentialFence.integration.test.ts^[[2m > ^[[22m^[[2mindependent custody transport lifecycle^[[2m > ^[[22m^[[2mrecorded SQL successor^[[2m > ^[[22m^[[2mchecks successor selection final-boundary-role-setting with original custody and real locks
Owned Catalog, cutover and authority PostgreSQL	Run reader, cutover and authority tests in independently owned clusters	2026-09-08T10:17:46.9177074Z ^[[22m^[[39m{"scope":"bootstrap-custody-timing","stage":"manager-ready","elapsedMs":736}
Owned Catalog, cutover and authority PostgreSQL	Run reader, cutover and authority tests in independently owned clusters	2026-09-08T10:17:46.9177676Z 
Owned Catalog, cutover and authority PostgreSQL	Run reader, cutover and authority tests in independently owned clusters	2026-09-08T10:17:46.9180740Z ^[[90mstdout^[[2m | server/modules/catalog-cutover/retirement/bootstrapCredentialFence.integration.test.ts^[[2m > ^[[22m^[[2mindependent custody transport lifecycle^[[2m > ^[[22m^[[2mrecorded SQL successor^[[2m > ^[[22m^[[2mchecks successor selection final-boundary-role-setting with original custody and real locks
Owned Catalog, cutover and authority PostgreSQL	Run reader, cutover and authority tests in independently owned clusters	2026-09-08T10:17:46.9183624Z ^[[22m^[[39m{"scope":"bootstrap-custody-timing","stage":"inspection-complete","elapsedMs":1453}
Owned Catalog, cutover and authority PostgreSQL	Run reader, cutover and authority tests in independently owned clusters	2026-09-08T10:17:46.9184275Z 
Owned Catalog, cutover and authority PostgreSQL	Run reader, cutover and authority tests in independently owned clusters	2026-09-08T10:17:46.9187079Z ^[[90mstdout^[[2m | server/modules/catalog-cutover/retirement/bootstrapCredentialFence.integration.test.ts^[[2m > ^[[22m^[[2mindependent custody transport lifecycle^[[2m > ^[[22m^[[2mrecorded SQL successor^[[2m > ^[[22m^[[2mchecks successor selection final-boundary-role-setting with original custody and real locks
Owned Catalog, cutover and authority PostgreSQL	Run reader, cutover and authority tests in independently owned clusters	2026-09-08T10:17:46.9189414Z ^[[22m^[[39m{"scope":"bootstrap-custody-timing","stage":"child-settled","elapsedMs":1475}
Owned Catalog, cutover and authority PostgreSQL	Run reader, cutover and authority tests in independently owned clusters	2026-09-08T10:17:46.9189802Z 
Owned Catalog, cutover and authority PostgreSQL	Run reader, cutover and authority tests in independently owned clusters	2026-09-08T10:17:46.9190942Z ^[[90mstdout^[[2m | server/modules/catalog-cutover/retirement/bootstrapCredentialFence.integration.test.ts^[[2m > ^[[22m^[[2mreopens only original private custody in a second process after actual commit 1 acknowledgment loss
Owned Catalog, cutover and authority PostgreSQL	Run reader, cutover and authority tests in independently owned clusters	2026-09-08T10:17:46.9192297Z ^[[22m^[[39m{"scope":"bootstrap-custody-timing","stage":"child-settled","elapsedMs":1001}
Owned Catalog, cutover and authority PostgreSQL	Run reader, cutover and authority tests in independently owned clusters	2026-09-08T10:17:46.9192686Z 
Owned Catalog, cutover and authority PostgreSQL	Run reader, cutover and authority tests in independently owned clusters	2026-09-08T10:17:46.9193823Z ^[[90mstdout^[[2m | server/modules/catalog-cutover/retirement/bootstrapCredentialFence.integration.test.ts^[[2m > ^[[22m^[[2mreopens only original private custody in a second process after actual commit 2 acknowledgment loss
Owned Catalog, cutover and authority PostgreSQL	Run reader, cutover and authority tests in independently owned clusters	2026-09-08T10:17:46.9195175Z ^[[22m^[[39m{"scope":"bootstrap-custody-timing","stage":"child-settled","elapsedMs":952}
Owned Catalog, cutover and authority PostgreSQL	Run reader, cutover and authority tests in independently owned clusters	2026-09-08T10:17:46.9195873Z 
Owned Catalog, cutover and authority PostgreSQL	Run reader, cutover and authority tests in independently owned clusters	2026-09-08T10:17:46.9197279Z ^[[90mstdout^[[2m | server/modules/catalog-cutover/retirement/bootstrapCredentialFence.integration.test.ts^[[2m > ^[[22m^[[2mawaits native authentication probe termination before the next actual management guard
Owned Catalog, cutover and authority PostgreSQL	Run reader, cutover and authority tests in independently owned clusters	2026-09-08T10:17:46.9199631Z ^[[22m^[[39m{"scope":"bootstrap-custody-timing","stage":"child-settled","elapsedMs":976}
Owned Catalog, cutover and authority PostgreSQL	Run reader, cutover and authority tests in independently owned clusters	2026-09-08T10:17:46.9200247Z 
Owned Catalog, cutover and authority PostgreSQL	Run reader, cutover and authority tests in independently owned clusters	2026-09-08T10:17:46.9202116Z ^[[90mstdout^[[2m | server/modules/catalog-cutover/retirement/bootstrapCredentialFence.integration.test.ts^[[2m > ^[[22m^[[2mawaits native authentication probe termination before the next actual management guard
Owned Catalog, cutover and authority PostgreSQL	Run reader, cutover and authority tests in independently owned clusters	2026-09-08T10:17:46.9209175Z ^[[22m^[[39m{"scope":"bootstrap-parent-inspection-diagnostic","guardObservations":[{"sessions":0,"ended":[],"active":[]},{"sessions":0,"ended":[{"pid":449,"targetDatabase":false,"endEvent":true},{"pid":451,"targetDatabase":false,"endEvent":true},{"pid":452,"targetDatabase":true,"endEvent":true}],"active":[]}],"endObservations":[{"pid":449,"targetDatabase":false,"endEvent":true},{"pid":451,"targetDatabase":false,"endEvent":true},{"pid":452,"targetDatabase":true,"endEvent":true},{"pid":455,"targetDatabase":false,"endEvent":true},{"pid":457,"targetDatabase":false,"endEvent":true}],"sessions":[],"outcome":"not-applied"}
Owned Catalog, cutover and authority PostgreSQL	Run reader, cutover and authority tests in independently owned clusters	2026-09-08T10:17:46.9211684Z 
Owned Catalog, cutover and authority PostgreSQL	Run reader, cutover and authority tests in independently owned clusters	2026-09-08T10:17:46.9212593Z  ^[[32m✓^[[39m server/modules/catalog-cutover/retirement/bootstrapCredentialFence.integration.test.ts ^[[2m(^[[22m^[[2m44 tests^[[22m^[[2m)^[[22m^[[33m 35337^[[2mms^[[22m^[[39m
Owned Catalog, cutover and authority PostgreSQL	Run reader, cutover and authority tests in independently owned clusters	2026-09-08T10:17:46.9213981Z    ^[[33m^[[2m✓^[[22m^[[39m keeps the actual password statement invisible to an independently authenticated statistics reader ^[[33m 386^[[2mms^[[22m^[[39m
Owned Catalog, cutover and authority PostgreSQL	Run reader, cutover and authority tests in independently owned clusters	2026-09-08T10:17:46.9215377Z    ^[[33m^[[2m✓^[[22m^[[39m retires only the old TCP password, preserves bootstrap ownership/ACL/attributes, and reconciles the original private version ^[[33m 680^[[2mms^[[22m^[[39m
Owned Catalog, cutover and authority PostgreSQL	Run reader, cutover and authority tests in independently owned clusters	2026-09-08T10:17:46.9216863Z      ^[[33m^[[2m✓^[[22m^[[39m checks original authentication selection exact in one independent process ^[[33m 1180^[[2mms^[[22m^[[39m
Owned Catalog, cutover and authority PostgreSQL	Run reader, cutover and authority tests in independently owned clusters	2026-09-08T10:17:46.9217966Z      ^[[33m^[[2m✓^[[22m^[[39m checks original authentication selection cross-run in one independent process ^[[33m 816^[[2mms^[[22m^[[39m
Owned Catalog, cutover and authority PostgreSQL	Run reader, cutover and authority tests in independently owned clusters	2026-09-08T10:17:46.9220016Z      ^[[33m^[[2m✓^[[22m^[[39m checks original authentication selection package-drift in one independent process ^[[33m 809^[[2mms^[[22m^[[39m
Owned Catalog, cutover and authority PostgreSQL	Run reader, cutover and authority tests in independently owned clusters	2026-09-08T10:17:46.9221829Z      ^[[33m^[[2m✓^[[22m^[[39m checks original authentication selection guard-ended in one independent process ^[[33m 841^[[2mms^[[22m^[[39m
Owned Catalog, cutover and authority PostgreSQL	Run reader, cutover and authority tests in independently owned clusters	2026-09-08T10:17:46.9223551Z        ^[[33m^[[2m✓^[[22m^[[39m checks successor selection baseline with original custody and real locks ^[[33m 1393^[[2mms^[[22m^[[39m
Owned Catalog, cutover and authority PostgreSQL	Run reader, cutover and authority tests in independently owned clusters	2026-09-08T10:17:46.9225283Z        ^[[33m^[[2m✓^[[22m^[[39m checks successor selection missing-host with original custody and real locks ^[[33m 884^[[2mms^[[22m^[[39m
Owned Catalog, cutover and authority PostgreSQL	Run reader, cutover and authority tests in independently owned clusters	2026-09-08T10:17:46.9227048Z        ^[[33m^[[2m✓^[[22m^[[39m checks successor selection wrong-host-run with original custody and real locks ^[[33m 858^[[2mms^[[22m^[[39m
Owned Catalog, cutover and authority PostgreSQL	Run reader, cutover and authority tests in independently owned clusters	2026-09-08T10:17:46.9228909Z        ^[[33m^[[2m✓^[[22m^[[39m checks successor selection extra-acl with original custody and real locks ^[[33m 910^[[2mms^[[22m^[[39m
Owned Catalog, cutover and authority PostgreSQL	Run reader, cutover and authority tests in independently owned clusters	2026-09-08T10:17:46.9230609Z        ^[[33m^[[2m✓^[[22m^[[39m checks successor selection new-relation with original custody and real locks ^[[33m 1262^[[2mms^[[22m^[[39m
Owned Catalog, cutover and authority PostgreSQL	Run reader, cutover and authority tests in independently owned clusters	2026-09-08T10:17:46.9232374Z        ^[[33m^[[2m✓^[[22m^[[39m checks successor selection host-association with original custody and real locks ^[[33m 1812^[[2mms^[[22m^[[39m
Owned Catalog, cutover and authority PostgreSQL	Run reader, cutover and authority tests in independently owned clusters	2026-09-08T10:17:46.9234249Z        ^[[33m^[[2m✓^[[22m^[[39m checks successor selection final-boundary-table-grant with original custody and real locks ^[[33m 1511^[[2mms^[[22m^[[39m
Owned Catalog, cutover and authority PostgreSQL	Run reader, cutover and authority tests in independently owned clusters	2026-09-08T10:17:46.9236183Z        ^[[33m^[[2m✓^[[22m^[[39m checks successor selection final-boundary-column-grant with original custody and real locks ^[[33m 1504^[[2mms^[[22m^[[39m
Owned Catalog, cutover and authority PostgreSQL	Run reader, cutover and authority tests in independently owned clusters	2026-09-08T10:17:46.9238235Z        ^[[33m^[[2m✓^[[22m^[[39m checks successor selection final-boundary-function with original custody and real locks ^[[33m 1514^[[2mms^[[22m^[[39m
Owned Catalog, cutover and authority PostgreSQL	Run reader, cutover and authority tests in independently owned clusters	2026-09-08T10:17:46.9240550Z        ^[[33m^[[2m✓^[[22m^[[39m checks successor selection final-boundary-role-setting with original custody and real locks ^[[33m 1498^[[2mms^[[22m^[[39m
Owned Catalog, cutover and authority PostgreSQL	Run reader, cutover and authority tests in independently owned clusters	2026-09-08T10:17:46.9242467Z    ^[[33m^[[2m✓^[[22m^[[39m reconciles the original version after actual commit 1 acknowledgment loss and process exit ^[[33m 1321^[[2mms^[[22m^[[39m
Owned Catalog, cutover and authority PostgreSQL	Run reader, cutover and authority tests in independently owned clusters	2026-09-08T10:17:46.9244347Z    ^[[33m^[[2m✓^[[22m^[[39m reconciles the original version after actual commit 2 acknowledgment loss and process exit ^[[33m 1432^[[2mms^[[22m^[[39m
Owned Catalog, cutover and authority PostgreSQL	Run reader, cutover and authority tests in independently owned clusters	2026-09-08T10:17:46.9246271Z    ^[[33m^[[2m✓^[[22m^[[39m reopens only original private custody in a second process after actual commit 1 acknowledgment loss ^[[33m 2358^[[2mms^[[22m^[[39m
Owned Catalog, cutover and authority PostgreSQL	Run reader, cutover and authority tests in independently owned clusters	2026-09-08T10:17:46.9247894Z    ^[[33m^[[2m✓^[[22m^[[39m reopens only original private custody in a second process after actual commit 2 acknowledgment loss ^[[33m 2343^[[2mms^[[22m^[[39m
Owned Catalog, cutover and authority PostgreSQL	Run reader, cutover and authority tests in independently owned clusters	2026-09-08T10:17:46.9249996Z    ^[[33m^[[2m✓^[[22m^[[39m awaits native authentication probe termination before the next actual management guard ^[[33m 4287^[[2mms^[[22m^[[39m
Owned Catalog, cutover and authority PostgreSQL	Run reader, cutover and authority tests in independently owned clusters	2026-09-08T10:17:46.9252015Z    ^[[33m^[[2m✓^[[22m^[[39m holds the actual restricted root inventory guard across both authentication commits and readback ^[[33m 595^[[2mms^[[22m^[[39m
Owned Catalog, cutover and authority PostgreSQL	Run reader, cutover and authority tests in independently owned clusters	2026-09-08T10:17:46.9254068Z    ^[[33m^[[2m✓^[[22m^[[39m destroys the actual mutator after root guard termination and reconciles the same committed intent ^[[33m 382^[[2mms^[[22m^[[39m
Owned Catalog, cutover and authority PostgreSQL	Run reader, cutover and authority tests in independently owned clusters	2026-09-08T10:17:46.9255558Z    ^[[33m^[[2m✓^[[22m^[[39m refuses any password write after the actual issued host-lock holder exits following the first commit ^[[33m 403^[[2mms^[[22m^[[39m
Owned Catalog, cutover and authority PostgreSQL	Run reader, cutover and authority tests in independently owned clusters	2026-09-08T10:17:46.9256281Z 
Owned Catalog, cutover and authority PostgreSQL	Run reader, cutover and authority tests in independently owned clusters	2026-09-08T10:17:46.9256797Z ^[[2m Test Files ^[[22m ^[[1m^[[32m1 passed^[[39m^[[22m^[[90m (1)^[[39m
Owned Catalog, cutover and authority PostgreSQL	Run reader, cutover and authority tests in independently owned clusters	2026-09-08T10:17:46.9257550Z ^[[2m      Tests ^[[22m ^[[1m^[[32m44 passed^[[39m^[[22m^[[90m (44)^[[39m
Owned Catalog, cutover and authority PostgreSQL	Run reader, cutover and authority tests in independently owned clusters	2026-09-08T10:17:46.9258168Z ^[[2m   Start at ^[[22m 10:17:08
Owned Catalog, cutover and authority PostgreSQL	Run reader, cutover and authority tests in independently owned clusters	2026-09-08T10:17:46.9259070Z ^[[2m   Duration ^[[22m 37.92s^[[2m (transform 1.88s, setup 0ms, import 2.46s, tests 35.34s, environment 0ms)^[[22m
Owned Catalog, cutover and authority PostgreSQL	Run reader, cutover and authority tests in independently owned clusters	2026-09-08T10:17:46.9259882Z 
Owned Catalog, cutover and authority PostgreSQL	Run reader, cutover and authority tests in independently owned clusters	2026-09-08T10:17:47.5114053Z {"scope":"isolated-components-only","suite":"bootstrap-credential-pg16","imageReference":"postgres:16-alpine","imageId":"sha256:75f5a96988cdf694a215073c3e9c001b706b371e2f94df3967f2efdec2787f6b","platform":"linux/amd64","containerId":"d1a3751c7eaa84675d0d345a05a969df82ab0683d3a8d4a4b170e3fb719541c1","networkId":"e01fd69021e908f38d68c4ded3a557689e659b39b7b339676c9c91df75b4dd3d","exitCode":0,"runnerResourcesCleanupVerified":true,"cleanupVerified":true,"nestedCleanupOutcome":"not-applicable","privateEvidenceRetained":false,"releaseApproved":false}
Owned Catalog, cutover and authority PostgreSQL	Run reader, cutover and authority tests in independently owned clusters	2026-09-08T10:17:58.3016938Z {"evidence":"owned-service-profile","profile":"selfhost-postgres16-alpine-v1","imageId":"sha256:75f5a96988cdf694a215073c3e9c001b706b371e2f94df3967f2efdec2787f6b","databaseProperties":{"encoding":6,"datcollate":"en_US.utf8","datctype":"en_US.utf8","datlocprovider":"c","daticulocale":null,"daticurules":null,"datcollversion":null,"datconnlimit":-1,"datallowconn":true,"datistemplate":false}}
Owned Catalog, cutover and authority PostgreSQL	Run reader, cutover and authority tests in independently owned clusters	2026-09-08T10:21:40.6108963Z 
Owned Catalog, cutover and authority PostgreSQL	Run reader, cutover and authority tests in independently owned clusters	2026-09-08T10:21:40.6110158Z ^[[1m^[[30m^[[46m RUN ^[[49m^[[39m^[[22m ^[[36mv4.1.5 ^[[39m^[[90m/home/runner/work/WiseEff/WiseEff^[[39m
Owned Catalog, cutover and authority PostgreSQL	Run reader, cutover and authority tests in independently owned clusters	2026-09-08T10:21:40.6110801Z 
Owned Catalog, cutover and authority PostgreSQL	Run reader, cutover and authority tests in independently owned clusters	2026-09-08T10:21:40.6112658Z ^[[90mstdout^[[2m | scripts/rehearse-upgrade-recovery.test.ts^[[2m > ^[[22m^[[2mactual isolated three-store restore^[[2m > ^[[22m^[[2mbacks up and restores separate PostgreSQL, MinIO and persisted Redis targets
Owned Catalog, cutover and authority PostgreSQL	Run reader, cutover and authority tests in independently owned clusters	2026-09-08T10:21:40.6119377Z ^[[22m^[[39m{"scope":"synthetic-recovery-service-evidence","imageIdentities":{"postgres":"sha256:75f5a96988cdf694a215073c3e9c001b706b371e2f94df3967f2efdec2787f6b linux/amd64","redis":"sha256:5509c0097c6064aa8a3b1df58f1d950e67090fffa6678ae8f3f1dc2385f12deb linux/amd64","objects":"sha256:6aed1b6949018d1659310e66dc076711c9a9efeffa578b337ac3d1b82e0e9153 linux/amd64","objectClient":"sha256:45273e3a2aa358dd74b6c912e2e8aee649e15aef78e571d41eb10bb4be6dd744 linux/amd64"},"manifestDigest":"bf614436abeff11ee56c51952e4a057a6d0ec335ce8ecdf88207c370778ac924","sourceStoppedBeforeRestore":true,"separateRestoreProcess":true,"redisPersistence":"AOF","actualQueueVerified":true,"cleanupVerified":true}
Owned Catalog, cutover and authority PostgreSQL	Run reader, cutover and authority tests in independently owned clusters	2026-09-08T10:21:40.6124525Z 
Owned Catalog, cutover and authority PostgreSQL	Run reader, cutover and authority tests in independently owned clusters	2026-09-08T10:21:40.6125539Z  ^[[32m✓^[[39m scripts/rehearse-upgrade-recovery.test.ts ^[[2m(^[[22m^[[2m16 tests^[[22m^[[2m)^[[22m^[[33m 220813^[[2mms^[[22m^[[39m
Owned Catalog, cutover and authority PostgreSQL	Run reader, cutover and authority tests in independently owned clusters	2026-09-08T10:21:40.6127385Z    ^[[33m^[[2m✓^[[22m^[[39m refuses external target and missing explicit synthetic mode before starting Docker ^[[33m 1016^[[2mms^[[22m^[[39m
Owned Catalog, cutover and authority PostgreSQL	Run reader, cutover and authority tests in independently owned clusters	2026-09-08T10:21:40.6130078Z      ^[[33m^[[2m✓^[[22m^[[39m retains actual PostgreSQL partial restore and unknown journal after a failed object write without starting Redis or consumers ^[[33m 30836^[[2mms^[[22m^[[39m
Owned Catalog, cutover and authority PostgreSQL	Run reader, cutover and authority tests in independently owned clusters	2026-09-08T10:21:40.6132510Z      ^[[33m^[[2m✓^[[22m^[[39m reconciles only the registered owned volume after an unknown create response and retains capture evidence ^[[33m 15543^[[2mms^[[22m^[[39m
Owned Catalog, cutover and authority PostgreSQL	Run reader, cutover and authority tests in independently owned clusters	2026-09-08T10:21:40.6134789Z      ^[[33m^[[2m✓^[[22m^[[39m reconciles only the registered owned container after an unknown create response and retains capture evidence ^[[33m 15710^[[2mms^[[22m^[[39m
Owned Catalog, cutover and authority PostgreSQL	Run reader, cutover and authority tests in independently owned clusters	2026-09-08T10:21:40.6136919Z      ^[[33m^[[2m✓^[[22m^[[39m refuses non-dump database-acl before capture without correcting or deleting source state ^[[33m 6475^[[2mms^[[22m^[[39m
Owned Catalog, cutover and authority PostgreSQL	Run reader, cutover and authority tests in independently owned clusters	2026-09-08T10:21:40.6139820Z      ^[[33m^[[2m✓^[[22m^[[39m refuses non-dump database-settings before capture without correcting or deleting source state ^[[33m 6563^[[2mms^[[22m^[[39m
Owned Catalog, cutover and authority PostgreSQL	Run reader, cutover and authority tests in independently owned clusters	2026-09-08T10:21:40.6141932Z      ^[[33m^[[2m✓^[[22m^[[39m refuses non-dump other-database-acl before capture without correcting or deleting source state ^[[33m 6463^[[2mms^[[22m^[[39m
Owned Catalog, cutover and authority PostgreSQL	Run reader, cutover and authority tests in independently owned clusters	2026-09-08T10:21:40.6143953Z      ^[[33m^[[2m✓^[[22m^[[39m refuses non-dump tablespace-acl before capture without correcting or deleting source state ^[[33m 6466^[[2mms^[[22m^[[39m
Owned Catalog, cutover and authority PostgreSQL	Run reader, cutover and authority tests in independently owned clusters	2026-09-08T10:21:40.6145936Z      ^[[33m^[[2m✓^[[22m^[[39m refuses non-dump parameter-acl before capture without correcting or deleting source state ^[[33m 6341^[[2mms^[[22m^[[39m
Owned Catalog, cutover and authority PostgreSQL	Run reader, cutover and authority tests in independently owned clusters	2026-09-08T10:21:40.6147972Z      ^[[33m^[[2m✓^[[22m^[[39m refuses non-dump builtin-function-acl before capture without correcting or deleting source state ^[[33m 6420^[[2mms^[[22m^[[39m
Owned Catalog, cutover and authority PostgreSQL	Run reader, cutover and authority tests in independently owned clusters	2026-09-08T10:21:40.6150458Z      ^[[33m^[[2m✓^[[22m^[[39m refuses stale-target-aof before package restore and leaves traffic isolated ^[[33m 30010^[[2mms^[[22m^[[39m
Owned Catalog, cutover and authority PostgreSQL	Run reader, cutover and authority tests in independently owned clusters	2026-09-08T10:21:40.6152240Z      ^[[33m^[[2m✓^[[22m^[[39m refuses missing-object before package restore and leaves traffic isolated ^[[33m 28504^[[2mms^[[22m^[[39m
Owned Catalog, cutover and authority PostgreSQL	Run reader, cutover and authority tests in independently owned clusters	2026-09-08T10:21:40.6153975Z      ^[[33m^[[2m✓^[[22m^[[39m refuses wrong-target before package restore and leaves traffic isolated ^[[33m 27998^[[2mms^[[22m^[[39m
Owned Catalog, cutover and authority PostgreSQL	Run reader, cutover and authority tests in independently owned clusters	2026-09-08T10:21:40.6155709Z      ^[[33m^[[2m✓^[[22m^[[39m backs up and restores separate PostgreSQL, MinIO and persisted Redis targets ^[[33m 32461^[[2mms^[[22m^[[39m
Owned Catalog, cutover and authority PostgreSQL	Run reader, cutover and authority tests in independently owned clusters	2026-09-08T10:21:40.6156555Z 
Owned Catalog, cutover and authority PostgreSQL	Run reader, cutover and authority tests in independently owned clusters	2026-09-08T10:21:40.6157073Z ^[[2m Test Files ^[[22m ^[[1m^[[32m1 passed^[[39m^[[22m^[[90m (1)^[[39m
Owned Catalog, cutover and authority PostgreSQL	Run reader, cutover and authority tests in independently owned clusters	2026-09-08T10:21:40.6158273Z ^[[2m      Tests ^[[22m ^[[1m^[[32m16 passed^[[39m^[[22m^[[90m (16)^[[39m
Owned Catalog, cutover and authority PostgreSQL	Run reader, cutover and authority tests in independently owned clusters	2026-09-08T10:21:40.6159048Z ^[[2m   Start at ^[[22m 10:17:58
Owned Catalog, cutover and authority PostgreSQL	Run reader, cutover and authority tests in independently owned clusters	2026-09-08T10:21:40.6160311Z ^[[2m   Duration ^[[22m 221.79s^[[2m (transform 467ms, setup 0ms, import 858ms, tests 220.81s, environment 0ms)^[[22m
Owned Catalog, cutover and authority PostgreSQL	Run reader, cutover and authority tests in independently owned clusters	2026-09-08T10:21:40.6161071Z 
Owned Catalog, cutover and authority PostgreSQL	Run reader, cutover and authority tests in independently owned clusters	2026-09-08T10:21:41.1641738Z {"scope":"isolated-components-only","suite":"recovery-three-store","imageReference":"postgres:16-alpine","imageId":"sha256:75f5a96988cdf694a215073c3e9c001b706b371e2f94df3967f2efdec2787f6b","platform":"linux/amd64","containerId":"d28c28696a7bd9c06947d7da02f0b4f90eb386025ba9e0f163c7b77ff6a7fa2f","networkId":"d3e0af278adb45a9e4024bcc3b6bdb052a3173026ec7a4a8d80a7c3821724180","exitCode":0,"runnerResourcesCleanupVerified":true,"cleanupVerified":true,"nestedCleanupOutcome":"verified-by-complete-suite","privateEvidenceRetained":true,"releaseApproved":false}
Owned Catalog, cutover and authority PostgreSQL	Run reader, cutover and authority tests in independently owned clusters	2026-09-08T10:21:49.6309182Z {"evidence":"owned-service-profile","profile":"selfhost-postgres16-alpine-v1","imageId":"sha256:75f5a96988cdf694a215073c3e9c001b706b371e2f94df3967f2efdec2787f6b","databaseProperties":{"encoding":6,"datcollate":"en_US.utf8","datctype":"en_US.utf8","datlocprovider":"c","daticulocale":null,"daticurules":null,"datcollversion":null,"datconnlimit":-1,"datallowconn":true,"datistemplate":false}}
Owned Catalog, cutover and authority PostgreSQL	Run reader, cutover and authority tests in independently owned clusters	2026-09-08T10:24:56.5469042Z 
Owned Catalog, cutover and authority PostgreSQL	Run reader, cutover and authority tests in independently owned clusters	2026-09-08T10:24:56.5470370Z ^[[1m^[[30m^[[46m RUN ^[[49m^[[39m^[[22m ^[[36mv4.1.5 ^[[39m^[[90m/home/runner/work/WiseEff/WiseEff^[[39m
Owned Catalog, cutover and authority PostgreSQL	Run reader, cutover and authority tests in independently owned clusters	2026-09-08T10:24:56.5471024Z 
Owned Catalog, cutover and authority PostgreSQL	Run reader, cutover and authority tests in independently owned clusters	2026-09-08T10:24:56.5473101Z ^[[90mstdout^[[2m | ops/self-hosted/storage/controlledRecovery.docker.integration.test.ts^[[2m > ^[[22m^[[2mcontrolled three-store Docker adapter^[[2m > ^[[22m^[[2m'postgres' bootstrap: 'package-only-restore' after source shutdown
Owned Catalog, cutover and authority PostgreSQL	Run reader, cutover and authority tests in independently owned clusters	2026-09-08T10:24:56.5475383Z ^[[22m^[[39m{"evidence":"owned-recovery-adapter","phase":"setup-source","state":"started"}
Owned Catalog, cutover and authority PostgreSQL	Run reader, cutover and authority tests in independently owned clusters	2026-09-08T10:24:56.5476016Z 
Owned Catalog, cutover and authority PostgreSQL	Run reader, cutover and authority tests in independently owned clusters	2026-09-08T10:24:56.5478262Z ^[[90mstdout^[[2m | ops/self-hosted/storage/controlledRecovery.docker.integration.test.ts^[[2m > ^[[22m^[[2mcontrolled three-store Docker adapter^[[2m > ^[[22m^[[2m'postgres' bootstrap: 'package-only-restore' after source shutdown
Owned Catalog, cutover and authority PostgreSQL	Run reader, cutover and authority tests in independently owned clusters	2026-09-08T10:24:56.5480956Z ^[[22m^[[39m{"evidence":"owned-recovery-adapter","phase":"setup-source","state":"returned","elapsedMs":3659}
Owned Catalog, cutover and authority PostgreSQL	Run reader, cutover and authority tests in independently owned clusters	2026-09-08T10:24:56.5481735Z 
Owned Catalog, cutover and authority PostgreSQL	Run reader, cutover and authority tests in independently owned clusters	2026-09-08T10:24:56.5483368Z ^[[90mstdout^[[2m | ops/self-hosted/storage/controlledRecovery.docker.integration.test.ts^[[2m > ^[[22m^[[2mcontrolled three-store Docker adapter^[[2m > ^[[22m^[[2m'postgres' bootstrap: 'package-only-restore' after source shutdown
Owned Catalog, cutover and authority PostgreSQL	Run reader, cutover and authority tests in independently owned clusters	2026-09-08T10:24:56.5484848Z ^[[22m^[[39m{"evidence":"owned-recovery-adapter","phase":"capture-active-writer-refusal","state":"started"}
Owned Catalog, cutover and authority PostgreSQL	Run reader, cutover and authority tests in independently owned clusters	2026-09-08T10:24:56.5485313Z 
Owned Catalog, cutover and authority PostgreSQL	Run reader, cutover and authority tests in independently owned clusters	2026-09-08T10:24:56.5486444Z ^[[90mstdout^[[2m | ops/self-hosted/storage/controlledRecovery.docker.integration.test.ts^[[2m > ^[[22m^[[2mcontrolled three-store Docker adapter^[[2m > ^[[22m^[[2m'postgres' bootstrap: 'package-only-restore' after source shutdown
Owned Catalog, cutover and authority PostgreSQL	Run reader, cutover and authority tests in independently owned clusters	2026-09-08T10:24:56.5487936Z ^[[22m^[[39m{"evidence":"owned-recovery-adapter","phase":"capture-active-writer-refusal","state":"returned","elapsedMs":305}
Owned Catalog, cutover and authority PostgreSQL	Run reader, cutover and authority tests in independently owned clusters	2026-09-08T10:24:56.5488789Z 
Owned Catalog, cutover and authority PostgreSQL	Run reader, cutover and authority tests in independently owned clusters	2026-09-08T10:24:56.5489939Z ^[[90mstdout^[[2m | ops/self-hosted/storage/controlledRecovery.docker.integration.test.ts^[[2m > ^[[22m^[[2mcontrolled three-store Docker adapter^[[2m > ^[[22m^[[2m'postgres' bootstrap: 'package-only-restore' after source shutdown
Owned Catalog, cutover and authority PostgreSQL	Run reader, cutover and authority tests in independently owned clusters	2026-09-08T10:24:56.5491907Z ^[[22m^[[39m{"evidence":"owned-recovery-adapter","phase":"capture-extra-acl-refusal","state":"started"}
Owned Catalog, cutover and authority PostgreSQL	Run reader, cutover and authority tests in independently owned clusters	2026-09-08T10:24:56.5492455Z 
Owned Catalog, cutover and authority PostgreSQL	Run reader, cutover and authority tests in independently owned clusters	2026-09-08T10:24:56.5493661Z ^[[90mstdout^[[2m | ops/self-hosted/storage/controlledRecovery.docker.integration.test.ts^[[2m > ^[[22m^[[2mcontrolled three-store Docker adapter^[[2m > ^[[22m^[[2m'postgres' bootstrap: 'package-only-restore' after source shutdown
Owned Catalog, cutover and authority PostgreSQL	Run reader, cutover and authority tests in independently owned clusters	2026-09-08T10:24:56.5495233Z ^[[22m^[[39m{"evidence":"owned-recovery-adapter","phase":"capture-extra-acl-refusal","state":"returned","elapsedMs":2737}
Owned Catalog, cutover and authority PostgreSQL	Run reader, cutover and authority tests in independently owned clusters	2026-09-08T10:24:56.5495876Z 
Owned Catalog, cutover and authority PostgreSQL	Run reader, cutover and authority tests in independently owned clusters	2026-09-08T10:24:56.5497035Z ^[[90mstdout^[[2m | ops/self-hosted/storage/controlledRecovery.docker.integration.test.ts^[[2m > ^[[22m^[[2mcontrolled three-store Docker adapter^[[2m > ^[[22m^[[2m'postgres' bootstrap: 'package-only-restore' after source shutdown
Owned Catalog, cutover and authority PostgreSQL	Run reader, cutover and authority tests in independently owned clusters	2026-09-08T10:24:56.5499159Z ^[[22m^[[39m{"evidence":"owned-recovery-adapter","phase":"capture-database-properties-refusal","state":"started"}
Owned Catalog, cutover and authority PostgreSQL	Run reader, cutover and authority tests in independently owned clusters	2026-09-08T10:24:56.5499771Z 
Owned Catalog, cutover and authority PostgreSQL	Run reader, cutover and authority tests in independently owned clusters	2026-09-08T10:24:56.5500960Z ^[[90mstdout^[[2m | ops/self-hosted/storage/controlledRecovery.docker.integration.test.ts^[[2m > ^[[22m^[[2mcontrolled three-store Docker adapter^[[2m > ^[[22m^[[2m'postgres' bootstrap: 'package-only-restore' after source shutdown
Owned Catalog, cutover and authority PostgreSQL	Run reader, cutover and authority tests in independently owned clusters	2026-09-08T10:24:56.5502622Z ^[[22m^[[39m{"evidence":"owned-recovery-adapter","phase":"capture-database-properties-refusal","state":"returned","elapsedMs":2890}
Owned Catalog, cutover and authority PostgreSQL	Run reader, cutover and authority tests in independently owned clusters	2026-09-08T10:24:56.5503221Z 
Owned Catalog, cutover and authority PostgreSQL	Run reader, cutover and authority tests in independently owned clusters	2026-09-08T10:24:56.5504413Z ^[[90mstdout^[[2m | ops/self-hosted/storage/controlledRecovery.docker.integration.test.ts^[[2m > ^[[22m^[[2mcontrolled three-store Docker adapter^[[2m > ^[[22m^[[2m'postgres' bootstrap: 'package-only-restore' after source shutdown
Owned Catalog, cutover and authority PostgreSQL	Run reader, cutover and authority tests in independently owned clusters	2026-09-08T10:24:56.5505914Z ^[[22m^[[39m{"evidence":"owned-recovery-adapter","phase":"capture-package","state":"started"}
Owned Catalog, cutover and authority PostgreSQL	Run reader, cutover and authority tests in independently owned clusters	2026-09-08T10:24:56.5506381Z 
Owned Catalog, cutover and authority PostgreSQL	Run reader, cutover and authority tests in independently owned clusters	2026-09-08T10:24:56.5566582Z ^[[90mstdout^[[2m | ops/self-hosted/storage/controlledRecovery.docker.integration.test.ts^[[2m > ^[[22m^[[2mcontrolled three-store Docker adapter^[[2m > ^[[22m^[[2m'postgres' bootstrap: 'package-only-restore' after source shutdown
Owned Catalog, cutover and authority PostgreSQL	Run reader, cutover and authority tests in independently owned clusters	2026-09-08T10:24:56.5569972Z ^[[22m^[[39m{"evidence":"owned-recovery-adapter","phase":"capture-package","state":"returned","elapsedMs":10534}
Owned Catalog, cutover and authority PostgreSQL	Run reader, cutover and authority tests in independently owned clusters	2026-09-08T10:24:56.5570748Z 
Owned Catalog, cutover and authority PostgreSQL	Run reader, cutover and authority tests in independently owned clusters	2026-09-08T10:24:56.5572699Z ^[[90mstdout^[[2m | ops/self-hosted/storage/controlledRecovery.docker.integration.test.ts^[[2m > ^[[22m^[[2mcontrolled three-store Docker adapter^[[2m > ^[[22m^[[2m'postgres' bootstrap: 'package-only-restore' after source shutdown
Owned Catalog, cutover and authority PostgreSQL	Run reader, cutover and authority tests in independently owned clusters	2026-09-08T10:24:56.5575002Z ^[[22m^[[39m{"evidence":"owned-recovery-adapter","phase":"setup-destination","state":"started"}
Owned Catalog, cutover and authority PostgreSQL	Run reader, cutover and authority tests in independently owned clusters	2026-09-08T10:24:56.5575680Z 
Owned Catalog, cutover and authority PostgreSQL	Run reader, cutover and authority tests in independently owned clusters	2026-09-08T10:24:56.5577679Z ^[[90mstdout^[[2m | ops/self-hosted/storage/controlledRecovery.docker.integration.test.ts^[[2m > ^[[22m^[[2mcontrolled three-store Docker adapter^[[2m > ^[[22m^[[2m'postgres' bootstrap: 'package-only-restore' after source shutdown
Owned Catalog, cutover and authority PostgreSQL	Run reader, cutover and authority tests in independently owned clusters	2026-09-08T10:24:56.5580324Z ^[[22m^[[39m{"evidence":"owned-recovery-adapter","phase":"setup-destination","state":"returned","elapsedMs":3724}
Owned Catalog, cutover and authority PostgreSQL	Run reader, cutover and authority tests in independently owned clusters	2026-09-08T10:24:56.5581153Z 
Owned Catalog, cutover and authority PostgreSQL	Run reader, cutover and authority tests in independently owned clusters	2026-09-08T10:24:56.5582308Z ^[[90mstdout^[[2m | ops/self-hosted/storage/controlledRecovery.docker.integration.test.ts^[[2m > ^[[22m^[[2mcontrolled three-store Docker adapter^[[2m > ^[[22m^[[2m'postgres' bootstrap: 'package-only-restore' after source shutdown
Owned Catalog, cutover and authority PostgreSQL	Run reader, cutover and authority tests in independently owned clusters	2026-09-08T10:24:56.5583842Z ^[[22m^[[39m{"evidence":"owned-recovery-adapter","phase":"authenticate-persist-approval","state":"started"}
Owned Catalog, cutover and authority PostgreSQL	Run reader, cutover and authority tests in independently owned clusters	2026-09-08T10:24:56.5584340Z 
Owned Catalog, cutover and authority PostgreSQL	Run reader, cutover and authority tests in independently owned clusters	2026-09-08T10:24:56.5585498Z ^[[90mstdout^[[2m | ops/self-hosted/storage/controlledRecovery.docker.integration.test.ts^[[2m > ^[[22m^[[2mcontrolled three-store Docker adapter^[[2m > ^[[22m^[[2m'postgres' bootstrap: 'package-only-restore' after source shutdown
Owned Catalog, cutover and authority PostgreSQL	Run reader, cutover and authority tests in independently owned clusters	2026-09-08T10:24:56.5587080Z ^[[22m^[[39m{"evidence":"owned-recovery-adapter","phase":"authenticate-persist-approval","state":"returned","elapsedMs":228}
Owned Catalog, cutover and authority PostgreSQL	Run reader, cutover and authority tests in independently owned clusters	2026-09-08T10:24:56.5588455Z 
Owned Catalog, cutover and authority PostgreSQL	Run reader, cutover and authority tests in independently owned clusters	2026-09-08T10:24:56.5590443Z ^[[90mstdout^[[2m | ops/self-hosted/storage/controlledRecovery.docker.integration.test.ts^[[2m > ^[[22m^[[2mcontrolled three-store Docker adapter^[[2m > ^[[22m^[[2m'postgres' bootstrap: 'package-only-restore' after source shutdown
Owned Catalog, cutover and authority PostgreSQL	Run reader, cutover and authority tests in independently owned clusters	2026-09-08T10:24:56.5592667Z ^[[22m^[[39m{"evidence":"owned-recovery-adapter","phase":"restore-package-child","state":"started"}
Owned Catalog, cutover and authority PostgreSQL	Run reader, cutover and authority tests in independently owned clusters	2026-09-08T10:24:56.5593320Z 
Owned Catalog, cutover and authority PostgreSQL	Run reader, cutover and authority tests in independently owned clusters	2026-09-08T10:24:56.5594820Z ^[[90mstdout^[[2m | ops/self-hosted/storage/controlledRecovery.docker.integration.test.ts^[[2m > ^[[22m^[[2mcontrolled three-store Docker adapter^[[2m > ^[[22m^[[2m'postgres' bootstrap: 'package-only-restore' after source shutdown
Owned Catalog, cutover and authority PostgreSQL	Run reader, cutover and authority tests in independently owned clusters	2026-09-08T10:24:56.5596172Z ^[[22m^[[39m{"evidence":"owned-recovery-adapter","phase":"restore-package-child","state":"returned","elapsedMs":7214}
Owned Catalog, cutover and authority PostgreSQL	Run reader, cutover and authority tests in independently owned clusters	2026-09-08T10:24:56.5596623Z 
Owned Catalog, cutover and authority PostgreSQL	Run reader, cutover and authority tests in independently owned clusters	2026-09-08T10:24:56.5597672Z ^[[90mstdout^[[2m | ops/self-hosted/storage/controlledRecovery.docker.integration.test.ts^[[2m > ^[[22m^[[2mcontrolled three-store Docker adapter^[[2m > ^[[22m^[[2m'postgres' bootstrap: 'package-only-restore' after source shutdown
Owned Catalog, cutover and authority PostgreSQL	Run reader, cutover and authority tests in independently owned clusters	2026-09-08T10:24:56.5599776Z ^[[22m^[[39m{"evidence":"private-synthetic-package-retained","locator":"controlled-recovery-live-Quf2Yv/retained-evidence.json"}
Owned Catalog, cutover and authority PostgreSQL	Run reader, cutover and authority tests in independently owned clusters	2026-09-08T10:24:56.5600304Z 
Owned Catalog, cutover and authority PostgreSQL	Run reader, cutover and authority tests in independently owned clusters	2026-09-08T10:24:56.5601403Z ^[[90mstdout^[[2m | ops/self-hosted/storage/controlledRecovery.docker.integration.test.ts^[[2m > ^[[22m^[[2mcontrolled three-store Docker adapter^[[2m > ^[[22m^[[2m'postgres' bootstrap: 'nonempty-target-refusals' after source shutdown
Owned Catalog, cutover and authority PostgreSQL	Run reader, cutover and authority tests in independently owned clusters	2026-09-08T10:24:56.5602636Z ^[[22m^[[39m{"evidence":"owned-recovery-adapter","phase":"setup-source","state":"started"}
Owned Catalog, cutover and authority PostgreSQL	Run reader, cutover and authority tests in independently owned clusters	2026-09-08T10:24:56.5602987Z 
Owned Catalog, cutover and authority PostgreSQL	Run reader, cutover and authority tests in independently owned clusters	2026-09-08T10:24:56.5604197Z ^[[90mstdout^[[2m | ops/self-hosted/storage/controlledRecovery.docker.integration.test.ts^[[2m > ^[[22m^[[2mcontrolled three-store Docker adapter^[[2m > ^[[22m^[[2m'postgres' bootstrap: 'nonempty-target-refusals' after source shutdown
Owned Catalog, cutover and authority PostgreSQL	Run reader, cutover and authority tests in independently owned clusters	2026-09-08T10:24:56.5605950Z ^[[22m^[[39m{"evidence":"owned-recovery-adapter","phase":"setup-source","state":"returned","elapsedMs":3763}
Owned Catalog, cutover and authority PostgreSQL	Run reader, cutover and authority tests in independently owned clusters	2026-09-08T10:24:56.5606967Z 
Owned Catalog, cutover and authority PostgreSQL	Run reader, cutover and authority tests in independently owned clusters	2026-09-08T10:24:56.5609196Z ^[[90mstdout^[[2m | ops/self-hosted/storage/controlledRecovery.docker.integration.test.ts^[[2m > ^[[22m^[[2mcontrolled three-store Docker adapter^[[2m > ^[[22m^[[2m'postgres' bootstrap: 'nonempty-target-refusals' after source shutdown
Owned Catalog, cutover and authority PostgreSQL	Run reader, cutover and authority tests in independently owned clusters	2026-09-08T10:24:56.5611237Z ^[[22m^[[39m{"evidence":"owned-recovery-adapter","phase":"capture-active-writer-refusal","state":"started"}
Owned Catalog, cutover and authority PostgreSQL	Run reader, cutover and authority tests in independently owned clusters	2026-09-08T10:24:56.5611657Z 
Owned Catalog, cutover and authority PostgreSQL	Run reader, cutover and authority tests in independently owned clusters	2026-09-08T10:24:56.5612747Z ^[[90mstdout^[[2m | ops/self-hosted/storage/controlledRecovery.docker.integration.test.ts^[[2m > ^[[22m^[[2mcontrolled three-store Docker adapter^[[2m > ^[[22m^[[2m'postgres' bootstrap: 'nonempty-target-refusals' after source shutdown
Owned Catalog, cutover and authority PostgreSQL	Run reader, cutover and authority tests in independently owned clusters	2026-09-08T10:24:56.5615106Z ^[[22m^[[39m{"evidence":"owned-recovery-adapter","phase":"capture-active-writer-refusal","state":"returned","elapsedMs":319}
Owned Catalog, cutover and authority PostgreSQL	Run reader, cutover and authority tests in independently owned clusters	2026-09-08T10:24:56.5615950Z 
Owned Catalog, cutover and authority PostgreSQL	Run reader, cutover and authority tests in independently owned clusters	2026-09-08T10:24:56.5617914Z ^[[90mstdout^[[2m | ops/self-hosted/storage/controlledRecovery.docker.integration.test.ts^[[2m > ^[[22m^[[2mcontrolled three-store Docker adapter^[[2m > ^[[22m^[[2m'postgres' bootstrap: 'nonempty-target-refusals' after source shutdown
Owned Catalog, cutover and authority PostgreSQL	Run reader, cutover and authority tests in independently owned clusters	2026-09-08T10:24:56.5620503Z ^[[22m^[[39m{"evidence":"owned-recovery-adapter","phase":"capture-extra-acl-refusal","state":"started"}
Owned Catalog, cutover and authority PostgreSQL	Run reader, cutover and authority tests in independently owned clusters	2026-09-08T10:24:56.5621254Z 
Owned Catalog, cutover and authority PostgreSQL	Run reader, cutover and authority tests in independently owned clusters	2026-09-08T10:24:56.5623303Z ^[[90mstdout^[[2m | ops/self-hosted/storage/controlledRecovery.docker.integration.test.ts^[[2m > ^[[22m^[[2mcontrolled three-store Docker adapter^[[2m > ^[[22m^[[2m'postgres' bootstrap: 'nonempty-target-refusals' after source shutdown
Owned Catalog, cutover and authority PostgreSQL	Run reader, cutover and authority tests in independently owned clusters	2026-09-08T10:24:56.5625766Z ^[[22m^[[39m{"evidence":"owned-recovery-adapter","phase":"capture-extra-acl-refusal","state":"returned","elapsedMs":2781}
Owned Catalog, cutover and authority PostgreSQL	Run reader, cutover and authority tests in independently owned clusters	2026-09-08T10:24:56.5626577Z 
Owned Catalog, cutover and authority PostgreSQL	Run reader, cutover and authority tests in independently owned clusters	2026-09-08T10:24:56.5628782Z ^[[90mstdout^[[2m | ops/self-hosted/storage/controlledRecovery.docker.integration.test.ts^[[2m > ^[[22m^[[2mcontrolled three-store Docker adapter^[[2m > ^[[22m^[[2m'postgres' bootstrap: 'nonempty-target-refusals' after source shutdown
Owned Catalog, cutover and authority PostgreSQL	Run reader, cutover and authority tests in independently owned clusters	2026-09-08T10:24:56.5631575Z ^[[22m^[[39m{"evidence":"owned-recovery-adapter","phase":"capture-database-properties-refusal","state":"started"}
Owned Catalog, cutover and authority PostgreSQL	Run reader, cutover and authority tests in independently owned clusters	2026-09-08T10:24:56.5632344Z 
Owned Catalog, cutover and authority PostgreSQL	Run reader, cutover and authority tests in independently owned clusters	2026-09-08T10:24:56.5634349Z ^[[90mstdout^[[2m | ops/self-hosted/storage/controlledRecovery.docker.integration.test.ts^[[2m > ^[[22m^[[2mcontrolled three-store Docker adapter^[[2m > ^[[22m^[[2m'postgres' bootstrap: 'nonempty-target-refusals' after source shutdown
Owned Catalog, cutover and authority PostgreSQL	Run reader, cutover and authority tests in independently owned clusters	2026-09-08T10:24:56.5638614Z ^[[22m^[[39m{"evidence":"owned-recovery-adapter","phase":"capture-database-properties-refusal","state":"returned","elapsedMs":2921}
Owned Catalog, cutover and authority PostgreSQL	Run reader, cutover and authority tests in independently owned clusters	2026-09-08T10:24:56.5639530Z 
Owned Catalog, cutover and authority PostgreSQL	Run reader, cutover and authority tests in independently owned clusters	2026-09-08T10:24:56.5641618Z ^[[90mstdout^[[2m | ops/self-hosted/storage/controlledRecovery.docker.integration.test.ts^[[2m > ^[[22m^[[2mcontrolled three-store Docker adapter^[[2m > ^[[22m^[[2m'postgres' bootstrap: 'nonempty-target-refusals' after source shutdown
Owned Catalog, cutover and authority PostgreSQL	Run reader, cutover and authority tests in independently owned clusters	2026-09-08T10:24:56.5643803Z ^[[22m^[[39m{"evidence":"owned-recovery-adapter","phase":"capture-package","state":"started"}
Owned Catalog, cutover and authority PostgreSQL	Run reader, cutover and authority tests in independently owned clusters	2026-09-08T10:24:56.5644439Z 
Owned Catalog, cutover and authority PostgreSQL	Run reader, cutover and authority tests in independently owned clusters	2026-09-08T10:24:56.5646456Z ^[[90mstdout^[[2m | ops/self-hosted/storage/controlledRecovery.docker.integration.test.ts^[[2m > ^[[22m^[[2mcontrolled three-store Docker adapter^[[2m > ^[[22m^[[2m'postgres' bootstrap: 'nonempty-target-refusals' after source shutdown
Owned Catalog, cutover and authority PostgreSQL	Run reader, cutover and authority tests in independently owned clusters	2026-09-08T10:24:56.5649707Z ^[[22m^[[39m{"evidence":"owned-recovery-adapter","phase":"capture-package","state":"returned","elapsedMs":10701}
Owned Catalog, cutover and authority PostgreSQL	Run reader, cutover and authority tests in independently owned clusters	2026-09-08T10:24:56.5650457Z 
Owned Catalog, cutover and authority PostgreSQL	Run reader, cutover and authority tests in independently owned clusters	2026-09-08T10:24:56.5652528Z ^[[90mstdout^[[2m | ops/self-hosted/storage/controlledRecovery.docker.integration.test.ts^[[2m > ^[[22m^[[2mcontrolled three-store Docker adapter^[[2m > ^[[22m^[[2m'postgres' bootstrap: 'nonempty-target-refusals' after source shutdown
Owned Catalog, cutover and authority PostgreSQL	Run reader, cutover and authority tests in independently owned clusters	2026-09-08T10:24:56.5654931Z ^[[22m^[[39m{"evidence":"owned-recovery-adapter","phase":"setup-destination","state":"started"}
Owned Catalog, cutover and authority PostgreSQL	Run reader, cutover and authority tests in independently owned clusters	2026-09-08T10:24:56.5655609Z 
Owned Catalog, cutover and authority PostgreSQL	Run reader, cutover and authority tests in independently owned clusters	2026-09-08T10:24:56.5657678Z ^[[90mstdout^[[2m | ops/self-hosted/storage/controlledRecovery.docker.integration.test.ts^[[2m > ^[[22m^[[2mcontrolled three-store Docker adapter^[[2m > ^[[22m^[[2m'postgres' bootstrap: 'nonempty-target-refusals' after source shutdown
Owned Catalog, cutover and authority PostgreSQL	Run reader, cutover and authority tests in independently owned clusters	2026-09-08T10:24:56.5660832Z ^[[22m^[[39m{"evidence":"owned-recovery-adapter","phase":"setup-destination","state":"returned","elapsedMs":3775}
Owned Catalog, cutover and authority PostgreSQL	Run reader, cutover and authority tests in independently owned clusters	2026-09-08T10:24:56.5661702Z 
Owned Catalog, cutover and authority PostgreSQL	Run reader, cutover and authority tests in independently owned clusters	2026-09-08T10:24:56.5663794Z ^[[90mstdout^[[2m | ops/self-hosted/storage/controlledRecovery.docker.integration.test.ts^[[2m > ^[[22m^[[2mcontrolled three-store Docker adapter^[[2m > ^[[22m^[[2m'postgres' bootstrap: 'nonempty-target-refusals' after source shutdown
Owned Catalog, cutover and authority PostgreSQL	Run reader, cutover and authority tests in independently owned clusters	2026-09-08T10:24:56.5666236Z ^[[22m^[[39m{"evidence":"owned-recovery-adapter","phase":"authenticate-persist-approval","state":"started"}
Owned Catalog, cutover and authority PostgreSQL	Run reader, cutover and authority tests in independently owned clusters	2026-09-08T10:24:56.5667032Z 
Owned Catalog, cutover and authority PostgreSQL	Run reader, cutover and authority tests in independently owned clusters	2026-09-08T10:24:56.5669347Z ^[[90mstdout^[[2m | ops/self-hosted/storage/controlledRecovery.docker.integration.test.ts^[[2m > ^[[22m^[[2mcontrolled three-store Docker adapter^[[2m > ^[[22m^[[2m'postgres' bootstrap: 'nonempty-target-refusals' after source shutdown
Owned Catalog, cutover and authority PostgreSQL	Run reader, cutover and authority tests in independently owned clusters	2026-09-08T10:24:56.5672042Z ^[[22m^[[39m{"evidence":"owned-recovery-adapter","phase":"authenticate-persist-approval","state":"returned","elapsedMs":228}
Owned Catalog, cutover and authority PostgreSQL	Run reader, cutover and authority tests in independently owned clusters	2026-09-08T10:24:56.5672902Z 
Owned Catalog, cutover and authority PostgreSQL	Run reader, cutover and authority tests in independently owned clusters	2026-09-08T10:24:56.5674965Z ^[[90mstdout^[[2m | ops/self-hosted/storage/controlledRecovery.docker.integration.test.ts^[[2m > ^[[22m^[[2mcontrolled three-store Docker adapter^[[2m > ^[[22m^[[2m'postgres' bootstrap: 'nonempty-target-refusals' after source shutdown
Owned Catalog, cutover and authority PostgreSQL	Run reader, cutover and authority tests in independently owned clusters	2026-09-08T10:24:56.5677507Z ^[[22m^[[39m{"evidence":"owned-recovery-adapter","phase":"restore-nonempty-function-refusal","state":"started"}
Owned Catalog, cutover and authority PostgreSQL	Run reader, cutover and authority tests in independently owned clusters	2026-09-08T10:24:56.5678499Z 
Owned Catalog, cutover and authority PostgreSQL	Run reader, cutover and authority tests in independently owned clusters	2026-09-08T10:24:56.5680557Z ^[[90mstdout^[[2m | ops/self-hosted/storage/controlledRecovery.docker.integration.test.ts^[[2m > ^[[22m^[[2mcontrolled three-store Docker adapter^[[2m > ^[[22m^[[2m'postgres' bootstrap: 'nonempty-target-refusals' after source shutdown
Owned Catalog, cutover and authority PostgreSQL	Run reader, cutover and authority tests in independently owned clusters	2026-09-08T10:24:56.5683327Z ^[[22m^[[39m{"evidence":"owned-recovery-adapter","phase":"restore-nonempty-function-refusal","state":"returned","elapsedMs":1453}
Owned Catalog, cutover and authority PostgreSQL	Run reader, cutover and authority tests in independently owned clusters	2026-09-08T10:24:56.5684212Z 
Owned Catalog, cutover and authority PostgreSQL	Run reader, cutover and authority tests in independently owned clusters	2026-09-08T10:24:56.5686290Z ^[[90mstdout^[[2m | ops/self-hosted/storage/controlledRecovery.docker.integration.test.ts^[[2m > ^[[22m^[[2mcontrolled three-store Docker adapter^[[2m > ^[[22m^[[2m'postgres' bootstrap: 'nonempty-target-refusals' after source shutdown
Owned Catalog, cutover and authority PostgreSQL	Run reader, cutover and authority tests in independently owned clusters	2026-09-08T10:24:56.5689432Z ^[[22m^[[39m{"evidence":"owned-recovery-adapter","phase":"restore-nonempty-view-refusal","state":"started"}
Owned Catalog, cutover and authority PostgreSQL	Run reader, cutover and authority tests in independently owned clusters	2026-09-08T10:24:56.5690219Z 
Owned Catalog, cutover and authority PostgreSQL	Run reader, cutover and authority tests in independently owned clusters	2026-09-08T10:24:56.5692295Z ^[[90mstdout^[[2m | ops/self-hosted/storage/controlledRecovery.docker.integration.test.ts^[[2m > ^[[22m^[[2mcontrolled three-store Docker adapter^[[2m > ^[[22m^[[2m'postgres' bootstrap: 'nonempty-target-refusals' after source shutdown
Owned Catalog, cutover and authority PostgreSQL	Run reader, cutover and authority tests in independently owned clusters	2026-09-08T10:24:56.5694980Z ^[[22m^[[39m{"evidence":"owned-recovery-adapter","phase":"restore-nonempty-view-refusal","state":"returned","elapsedMs":1435}
Owned Catalog, cutover and authority PostgreSQL	Run reader, cutover and authority tests in independently owned clusters	2026-09-08T10:24:56.5695821Z 
Owned Catalog, cutover and authority PostgreSQL	Run reader, cutover and authority tests in independently owned clusters	2026-09-08T10:24:56.5697983Z ^[[90mstdout^[[2m | ops/self-hosted/storage/controlledRecovery.docker.integration.test.ts^[[2m > ^[[22m^[[2mcontrolled three-store Docker adapter^[[2m > ^[[22m^[[2m'postgres' bootstrap: 'nonempty-target-refusals' after source shutdown
Owned Catalog, cutover and authority PostgreSQL	Run reader, cutover and authority tests in independently owned clusters	2026-09-08T10:24:56.5700806Z ^[[22m^[[39m{"evidence":"owned-recovery-adapter","phase":"restore-nonempty-sequence-refusal","state":"started"}
Owned Catalog, cutover and authority PostgreSQL	Run reader, cutover and authority tests in independently owned clusters	2026-09-08T10:24:56.5701625Z 
Owned Catalog, cutover and authority PostgreSQL	Run reader, cutover and authority tests in independently owned clusters	2026-09-08T10:24:56.5703944Z ^[[90mstdout^[[2m | ops/self-hosted/storage/controlledRecovery.docker.integration.test.ts^[[2m > ^[[22m^[[2mcontrolled three-store Docker adapter^[[2m > ^[[22m^[[2m'postgres' bootstrap: 'nonempty-target-refusals' after source shutdown
Owned Catalog, cutover and authority PostgreSQL	Run reader, cutover and authority tests in independently owned clusters	2026-09-08T10:24:56.5713804Z ^[[22m^[[39m{"evidence":"owned-recovery-adapter","phase":"restore-nonempty-sequence-refusal","state":"returned","elapsedMs":1437}
Owned Catalog, cutover and authority PostgreSQL	Run reader, cutover and authority tests in independently owned clusters	2026-09-08T10:24:56.5714809Z 
Owned Catalog, cutover and authority PostgreSQL	Run reader, cutover and authority tests in independently owned clusters	2026-09-08T10:24:56.5719166Z ^[[90mstdout^[[2m | ops/self-hosted/storage/controlledRecovery.docker.integration.test.ts^[[2m > ^[[22m^[[2mcontrolled three-store Docker adapter^[[2m > ^[[22m^[[2m'postgres' bootstrap: 'nonempty-target-refusals' after source shutdown
Owned Catalog, cutover and authority PostgreSQL	Run reader, cutover and authority tests in independently owned clusters	2026-09-08T10:24:56.5721719Z ^[[22m^[[39m{"evidence":"owned-recovery-adapter","phase":"restore-nonempty-type-refusal","state":"started"}
Owned Catalog, cutover and authority PostgreSQL	Run reader, cutover and authority tests in independently owned clusters	2026-09-08T10:24:56.5722485Z 
Owned Catalog, cutover and authority PostgreSQL	Run reader, cutover and authority tests in independently owned clusters	2026-09-08T10:24:56.5724381Z ^[[90mstdout^[[2m | ops/self-hosted/storage/controlledRecovery.docker.integration.test.ts^[[2m > ^[[22m^[[2mcontrolled three-store Docker adapter^[[2m > ^[[22m^[[2m'postgres' bootstrap: 'nonempty-target-refusals' after source shutdown
Owned Catalog, cutover and authority PostgreSQL	Run reader, cutover and authority tests in independently owned clusters	2026-09-08T10:24:56.5727280Z ^[[22m^[[39m{"evidence":"owned-recovery-adapter","phase":"restore-nonempty-type-refusal","state":"returned","elapsedMs":1440}
Owned Catalog, cutover and authority PostgreSQL	Run reader, cutover and authority tests in independently owned clusters	2026-09-08T10:24:56.5728369Z 
Owned Catalog, cutover and authority PostgreSQL	Run reader, cutover and authority tests in independently owned clusters	2026-09-08T10:24:56.5730384Z ^[[90mstdout^[[2m | ops/self-hosted/storage/controlledRecovery.docker.integration.test.ts^[[2m > ^[[22m^[[2mcontrolled three-store Docker adapter^[[2m > ^[[22m^[[2m'postgres' bootstrap: 'nonempty-target-refusals' after source shutdown
Owned Catalog, cutover and authority PostgreSQL	Run reader, cutover and authority tests in independently owned clusters	2026-09-08T10:24:56.5732729Z ^[[22m^[[39m{"evidence":"owned-recovery-adapter","phase":"restore-nonempty-extension-refusal","state":"started"}
Owned Catalog, cutover and authority PostgreSQL	Run reader, cutover and authority tests in independently owned clusters	2026-09-08T10:24:56.5733190Z 
Owned Catalog, cutover and authority PostgreSQL	Run reader, cutover and authority tests in independently owned clusters	2026-09-08T10:24:56.5735336Z ^[[90mstdout^[[2m | ops/self-hosted/storage/controlledRecovery.docker.integration.test.ts^[[2m > ^[[22m^[[2mcontrolled three-store Docker adapter^[[2m > ^[[22m^[[2m'postgres' bootstrap: 'nonempty-target-refusals' after source shutdown
Owned Catalog, cutover and authority PostgreSQL	Run reader, cutover and authority tests in independently owned clusters	2026-09-08T10:24:56.5738869Z ^[[22m^[[39m{"evidence":"owned-recovery-adapter","phase":"restore-nonempty-extension-refusal","state":"returned","elapsedMs":1450}
Owned Catalog, cutover and authority PostgreSQL	Run reader, cutover and authority tests in independently owned clusters	2026-09-08T10:24:56.5740078Z 
Owned Catalog, cutover and authority PostgreSQL	Run reader, cutover and authority tests in independently owned clusters	2026-09-08T10:24:56.5742662Z ^[[90mstdout^[[2m | ops/self-hosted/storage/controlledRecovery.docker.integration.test.ts^[[2m > ^[[22m^[[2mcontrolled three-store Docker adapter^[[2m > ^[[22m^[[2m'postgres' bootstrap: 'nonempty-target-refusals' after source shutdown
Owned Catalog, cutover and authority PostgreSQL	Run reader, cutover and authority tests in independently owned clusters	2026-09-08T10:24:56.5758970Z ^[[22m^[[39m{"evidence":"owned-recovery-adapter","phase":"restore-nonempty-event-trigger-refusal","state":"started"}
Owned Catalog, cutover and authority PostgreSQL	Run reader, cutover and authority tests in independently owned clusters	2026-09-08T10:24:56.5759890Z 
Owned Catalog, cutover and authority PostgreSQL	Run reader, cutover and authority tests in independently owned clusters	2026-09-08T10:24:56.5762056Z ^[[90mstdout^[[2m | ops/self-hosted/storage/controlledRecovery.docker.integration.test.ts^[[2m > ^[[22m^[[2mcontrolled three-store Docker adapter^[[2m > ^[[22m^[[2m'postgres' bootstrap: 'nonempty-target-refusals' after source shutdown
Owned Catalog, cutover and authority PostgreSQL	Run reader, cutover and authority tests in independently owned clusters	2026-09-08T10:24:56.5765218Z ^[[22m^[[39m{"evidence":"owned-recovery-adapter","phase":"restore-nonempty-event-trigger-refusal","state":"returned","elapsedMs":1443}
Owned Catalog, cutover and authority PostgreSQL	Run reader, cutover and authority tests in independently owned clusters	2026-09-08T10:24:56.5766171Z 
Owned Catalog, cutover and authority PostgreSQL	Run reader, cutover and authority tests in independently owned clusters	2026-09-08T10:24:56.5768394Z ^[[90mstdout^[[2m | ops/self-hosted/storage/controlledRecovery.docker.integration.test.ts^[[2m > ^[[22m^[[2mcontrolled three-store Docker adapter^[[2m > ^[[22m^[[2m'postgres' bootstrap: 'nonempty-target-refusals' after source shutdown
Owned Catalog, cutover and authority PostgreSQL	Run reader, cutover and authority tests in independently owned clusters	2026-09-08T10:24:56.5771196Z ^[[22m^[[39m{"evidence":"private-synthetic-package-retained","locator":"controlled-recovery-live-JqGHyR/retained-evidence.json"}
Owned Catalog, cutover and authority PostgreSQL	Run reader, cutover and authority tests in independently owned clusters	2026-09-08T10:24:56.5772099Z 
Owned Catalog, cutover and authority PostgreSQL	Run reader, cutover and authority tests in independently owned clusters	2026-09-08T10:24:56.5774085Z ^[[90mstdout^[[2m | ops/self-hosted/storage/controlledRecovery.docker.integration.test.ts^[[2m > ^[[22m^[[2mcontrolled three-store Docker adapter^[[2m > ^[[22m^[[2m'wiseeff' bootstrap: 'package-only-restore' after source shutdown
Owned Catalog, cutover and authority PostgreSQL	Run reader, cutover and authority tests in independently owned clusters	2026-09-08T10:24:56.5776562Z ^[[22m^[[39m{"evidence":"owned-recovery-adapter","phase":"setup-source","state":"started"}
Owned Catalog, cutover and authority PostgreSQL	Run reader, cutover and authority tests in independently owned clusters	2026-09-08T10:24:56.5777227Z 
Owned Catalog, cutover and authority PostgreSQL	Run reader, cutover and authority tests in independently owned clusters	2026-09-08T10:24:56.5779489Z ^[[90mstdout^[[2m | ops/self-hosted/storage/controlledRecovery.docker.integration.test.ts^[[2m > ^[[22m^[[2mcontrolled three-store Docker adapter^[[2m > ^[[22m^[[2m'wiseeff' bootstrap: 'package-only-restore' after source shutdown
Owned Catalog, cutover and authority PostgreSQL	Run reader, cutover and authority tests in independently owned clusters	2026-09-08T10:24:56.5781962Z ^[[22m^[[39m{"evidence":"owned-recovery-adapter","phase":"setup-source","state":"returned","elapsedMs":3824}
Owned Catalog, cutover and authority PostgreSQL	Run reader, cutover and authority tests in independently owned clusters	2026-09-08T10:24:56.5782818Z 
Owned Catalog, cutover and authority PostgreSQL	Run reader, cutover and authority tests in independently owned clusters	2026-09-08T10:24:56.5785264Z ^[[90mstdout^[[2m | ops/self-hosted/storage/controlledRecovery.docker.integration.test.ts^[[2m > ^[[22m^[[2mcontrolled three-store Docker adapter^[[2m > ^[[22m^[[2m'wiseeff' bootstrap: 'package-only-restore' after source shutdown
Owned Catalog, cutover and authority PostgreSQL	Run reader, cutover and authority tests in independently owned clusters	2026-09-08T10:24:56.5787664Z ^[[22m^[[39m{"evidence":"owned-recovery-adapter","phase":"capture-active-writer-refusal","state":"started"}
Owned Catalog, cutover and authority PostgreSQL	Run reader, cutover and authority tests in independently owned clusters	2026-09-08T10:24:56.5788725Z 
Owned Catalog, cutover and authority PostgreSQL	Run reader, cutover and authority tests in independently owned clusters	2026-09-08T10:24:56.5790968Z ^[[90mstdout^[[2m | ops/self-hosted/storage/controlledRecovery.docker.integration.test.ts^[[2m > ^[[22m^[[2mcontrolled three-store Docker adapter^[[2m > ^[[22m^[[2m'wiseeff' bootstrap: 'package-only-restore' after source shutdown
Owned Catalog, cutover and authority PostgreSQL	Run reader, cutover and authority tests in independently owned clusters	2026-09-08T10:24:56.5793945Z ^[[22m^[[39m{"evidence":"owned-recovery-adapter","phase":"capture-active-writer-refusal","state":"returned","elapsedMs":328}
Owned Catalog, cutover and authority PostgreSQL	Run reader, cutover and authority tests in independently owned clusters	2026-09-08T10:24:56.5795183Z 
Owned Catalog, cutover and authority PostgreSQL	Run reader, cutover and authority tests in independently owned clusters	2026-09-08T10:24:56.5797232Z ^[[90mstdout^[[2m | ops/self-hosted/storage/controlledRecovery.docker.integration.test.ts^[[2m > ^[[22m^[[2mcontrolled three-store Docker adapter^[[2m > ^[[22m^[[2m'wiseeff' bootstrap: 'package-only-restore' after source shutdown
Owned Catalog, cutover and authority PostgreSQL	Run reader, cutover and authority tests in independently owned clusters	2026-09-08T10:24:56.5812296Z ^[[22m^[[39m{"evidence":"owned-recovery-adapter","phase":"capture-extra-acl-refusal","state":"started"}
Owned Catalog, cutover and authority PostgreSQL	Run reader, cutover and authority tests in independently owned clusters	2026-09-08T10:24:56.5838947Z 
Owned Catalog, cutover and authority PostgreSQL	Run reader, cutover and authority tests in independently owned clusters	2026-09-08T10:24:56.5841106Z ^[[90mstdout^[[2m | ops/self-hosted/storage/controlledRecovery.docker.integration.test.ts^[[2m > ^[[22m^[[2mcontrolled three-store Docker adapter^[[2m > ^[[22m^[[2m'wiseeff' bootstrap: 'package-only-restore' after source shutdown
Owned Catalog, cutover and authority PostgreSQL	Run reader, cutover and authority tests in independently owned clusters	2026-09-08T10:24:56.5843711Z ^[[22m^[[39m{"evidence":"owned-recovery-adapter","phase":"capture-extra-acl-refusal","state":"returned","elapsedMs":2889}
Owned Catalog, cutover and authority PostgreSQL	Run reader, cutover and authority tests in independently owned clusters	2026-09-08T10:24:56.5844570Z 
Owned Catalog, cutover and authority PostgreSQL	Run reader, cutover and authority tests in independently owned clusters	2026-09-08T10:24:56.5846659Z ^[[90mstdout^[[2m | ops/self-hosted/storage/controlledRecovery.docker.integration.test.ts^[[2m > ^[[22m^[[2mcontrolled three-store Docker adapter^[[2m > ^[[22m^[[2m'wiseeff' bootstrap: 'package-only-restore' after source shutdown
Owned Catalog, cutover and authority PostgreSQL	Run reader, cutover and authority tests in independently owned clusters	2026-09-08T10:24:56.5849366Z ^[[22m^[[39m{"evidence":"owned-recovery-adapter","phase":"capture-database-properties-refusal","state":"started"}
Owned Catalog, cutover and authority PostgreSQL	Run reader, cutover and authority tests in independently owned clusters	2026-09-08T10:24:56.5850142Z 
Owned Catalog, cutover and authority PostgreSQL	Run reader, cutover and authority tests in independently owned clusters	2026-09-08T10:24:56.5852110Z ^[[90mstdout^[[2m | ops/self-hosted/storage/controlledRecovery.docker.integration.test.ts^[[2m > ^[[22m^[[2mcontrolled three-store Docker adapter^[[2m > ^[[22m^[[2m'wiseeff' bootstrap: 'package-only-restore' after source shutdown
Owned Catalog, cutover and authority PostgreSQL	Run reader, cutover and authority tests in independently owned clusters	2026-09-08T10:24:56.5854638Z ^[[22m^[[39m{"evidence":"owned-recovery-adapter","phase":"capture-database-properties-refusal","state":"returned","elapsedMs":3030}
Owned Catalog, cutover and authority PostgreSQL	Run reader, cutover and authority tests in independently owned clusters	2026-09-08T10:24:56.5855606Z 
Owned Catalog, cutover and authority PostgreSQL	Run reader, cutover and authority tests in independently owned clusters	2026-09-08T10:24:56.5857730Z ^[[90mstdout^[[2m | ops/self-hosted/storage/controlledRecovery.docker.integration.test.ts^[[2m > ^[[22m^[[2mcontrolled three-store Docker adapter^[[2m > ^[[22m^[[2m'wiseeff' bootstrap: 'package-only-restore' after source shutdown
Owned Catalog, cutover and authority PostgreSQL	Run reader, cutover and authority tests in independently owned clusters	2026-09-08T10:24:56.5864197Z ^[[22m^[[39m{"evidence":"owned-recovery-adapter","phase":"capture-package","state":"started"}
Owned Catalog, cutover and authority PostgreSQL	Run reader, cutover and authority tests in independently owned clusters	2026-09-08T10:24:56.5865103Z 
Owned Catalog, cutover and authority PostgreSQL	Run reader, cutover and authority tests in independently owned clusters	2026-09-08T10:24:56.5867078Z ^[[90mstdout^[[2m | ops/self-hosted/storage/controlledRecovery.docker.integration.test.ts^[[2m > ^[[22m^[[2mcontrolled three-store Docker adapter^[[2m > ^[[22m^[[2m'wiseeff' bootstrap: 'package-only-restore' after source shutdown
Owned Catalog, cutover and authority PostgreSQL	Run reader, cutover and authority tests in independently owned clusters	2026-09-08T10:24:56.5869611Z ^[[22m^[[39m{"evidence":"owned-recovery-adapter","phase":"capture-package","state":"returned","elapsedMs":10870}
Owned Catalog, cutover and authority PostgreSQL	Run reader, cutover and authority tests in independently owned clusters	2026-09-08T10:24:56.5870338Z 
Owned Catalog, cutover and authority PostgreSQL	Run reader, cutover and authority tests in independently owned clusters	2026-09-08T10:24:56.5872240Z ^[[90mstdout^[[2m | ops/self-hosted/storage/controlledRecovery.docker.integration.test.ts^[[2m > ^[[22m^[[2mcontrolled three-store Docker adapter^[[2m > ^[[22m^[[2m'wiseeff' bootstrap: 'package-only-restore' after source shutdown
Owned Catalog, cutover and authority PostgreSQL	Run reader, cutover and authority tests in independently owned clusters	2026-09-08T10:24:56.5874370Z ^[[22m^[[39m{"evidence":"owned-recovery-adapter","phase":"setup-destination","state":"started"}
Owned Catalog, cutover and authority PostgreSQL	Run reader, cutover and authority tests in independently owned clusters	2026-09-08T10:24:56.5875024Z 
Owned Catalog, cutover and authority PostgreSQL	Run reader, cutover and authority tests in independently owned clusters	2026-09-08T10:24:56.5876884Z ^[[90mstdout^[[2m | ops/self-hosted/storage/controlledRecovery.docker.integration.test.ts^[[2m > ^[[22m^[[2mcontrolled three-store Docker adapter^[[2m > ^[[22m^[[2m'wiseeff' bootstrap: 'package-only-restore' after source shutdown
Owned Catalog, cutover and authority PostgreSQL	Run reader, cutover and authority tests in independently owned clusters	2026-09-08T10:24:56.5879314Z ^[[22m^[[39m{"evidence":"owned-recovery-adapter","phase":"setup-destination","state":"returned","elapsedMs":3868}
Owned Catalog, cutover and authority PostgreSQL	Run reader, cutover and authority tests in independently owned clusters	2026-09-08T10:24:56.5880023Z 
Owned Catalog, cutover and authority PostgreSQL	Run reader, cutover and authority tests in independently owned clusters	2026-09-08T10:24:56.5881882Z ^[[90mstdout^[[2m | ops/self-hosted/storage/controlledRecovery.docker.integration.test.ts^[[2m > ^[[22m^[[2mcontrolled three-store Docker adapter^[[2m > ^[[22m^[[2m'wiseeff' bootstrap: 'package-only-restore' after source shutdown
Owned Catalog, cutover and authority PostgreSQL	Run reader, cutover and authority tests in independently owned clusters	2026-09-08T10:24:56.5884074Z ^[[22m^[[39m{"evidence":"owned-recovery-adapter","phase":"authenticate-persist-approval","state":"started"}
Owned Catalog, cutover and authority PostgreSQL	Run reader, cutover and authority tests in independently owned clusters	2026-09-08T10:24:56.5884718Z 
Owned Catalog, cutover and authority PostgreSQL	Run reader, cutover and authority tests in independently owned clusters	2026-09-08T10:24:56.5886836Z ^[[90mstdout^[[2m | ops/self-hosted/storage/controlledRecovery.docker.integration.test.ts^[[2m > ^[[22m^[[2mcontrolled three-store Docker adapter^[[2m > ^[[22m^[[2m'wiseeff' bootstrap: 'package-only-restore' after source shutdown
Owned Catalog, cutover and authority PostgreSQL	Run reader, cutover and authority tests in independently owned clusters	2026-09-08T10:24:56.5890082Z ^[[22m^[[39m{"evidence":"owned-recovery-adapter","phase":"authenticate-persist-approval","state":"returned","elapsedMs":227}
Owned Catalog, cutover and authority PostgreSQL	Run reader, cutover and authority tests in independently owned clusters	2026-09-08T10:24:56.5890897Z 
Owned Catalog, cutover and authority PostgreSQL	Run reader, cutover and authority tests in independently owned clusters	2026-09-08T10:24:56.5892089Z ^[[90mstdout^[[2m | ops/self-hosted/storage/controlledRecovery.docker.integration.test.ts^[[2m > ^[[22m^[[2mcontrolled three-store Docker adapter^[[2m > ^[[22m^[[2m'wiseeff' bootstrap: 'package-only-restore' after source shutdown
Owned Catalog, cutover and authority PostgreSQL	Run reader, cutover and authority tests in independently owned clusters	2026-09-08T10:24:56.5893366Z ^[[22m^[[39m{"evidence":"owned-recovery-adapter","phase":"restore-package-child","state":"started"}
Owned Catalog, cutover and authority PostgreSQL	Run reader, cutover and authority tests in independently owned clusters	2026-09-08T10:24:56.5893767Z 
Owned Catalog, cutover and authority PostgreSQL	Run reader, cutover and authority tests in independently owned clusters	2026-09-08T10:24:56.5894838Z ^[[90mstdout^[[2m | ops/self-hosted/storage/controlledRecovery.docker.integration.test.ts^[[2m > ^[[22m^[[2mcontrolled three-store Docker adapter^[[2m > ^[[22m^[[2m'wiseeff' bootstrap: 'package-only-restore' after source shutdown
Owned Catalog, cutover and authority PostgreSQL	Run reader, cutover and authority tests in independently owned clusters	2026-09-08T10:24:56.5896242Z ^[[22m^[[39m{"evidence":"owned-recovery-adapter","phase":"restore-package-child","state":"returned","elapsedMs":7718}
Owned Catalog, cutover and authority PostgreSQL	Run reader, cutover and authority tests in independently owned clusters	2026-09-08T10:24:56.5896700Z 
Owned Catalog, cutover and authority PostgreSQL	Run reader, cutover and authority tests in independently owned clusters	2026-09-08T10:24:56.5897746Z ^[[90mstdout^[[2m | ops/self-hosted/storage/controlledRecovery.docker.integration.test.ts^[[2m > ^[[22m^[[2mcontrolled three-store Docker adapter^[[2m > ^[[22m^[[2m'wiseeff' bootstrap: 'package-only-restore' after source shutdown
Owned Catalog, cutover and authority PostgreSQL	Run reader, cutover and authority tests in independently owned clusters	2026-09-08T10:24:56.5899622Z ^[[22m^[[39m{"evidence":"private-synthetic-package-retained","locator":"controlled-recovery-live-pKi1IC/retained-evidence.json"}
Owned Catalog, cutover and authority PostgreSQL	Run reader, cutover and authority tests in independently owned clusters	2026-09-08T10:24:56.5900194Z 
Owned Catalog, cutover and authority PostgreSQL	Run reader, cutover and authority tests in independently owned clusters	2026-09-08T10:24:56.5901317Z ^[[90mstdout^[[2m | ops/self-hosted/storage/controlledRecovery.docker.integration.test.ts^[[2m > ^[[22m^[[2mcontrolled three-store Docker adapter^[[2m > ^[[22m^[[2m'wiseeff' bootstrap: 'nonempty-target-refusals' after source shutdown
Owned Catalog, cutover and authority PostgreSQL	Run reader, cutover and authority tests in independently owned clusters	2026-09-08T10:24:56.5902564Z ^[[22m^[[39m{"evidence":"owned-recovery-adapter","phase":"setup-source","state":"started"}
Owned Catalog, cutover and authority PostgreSQL	Run reader, cutover and authority tests in independently owned clusters	2026-09-08T10:24:56.5903461Z 
Owned Catalog, cutover and authority PostgreSQL	Run reader, cutover and authority tests in independently owned clusters	2026-09-08T10:24:56.5904987Z ^[[90mstdout^[[2m | ops/self-hosted/storage/controlledRecovery.docker.integration.test.ts^[[2m > ^[[22m^[[2mcontrolled three-store Docker adapter^[[2m > ^[[22m^[[2m'wiseeff' bootstrap: 'nonempty-target-refusals' after source shutdown
Owned Catalog, cutover and authority PostgreSQL	Run reader, cutover and authority tests in independently owned clusters	2026-09-08T10:24:56.5906379Z ^[[22m^[[39m{"evidence":"owned-recovery-adapter","phase":"setup-source","state":"returned","elapsedMs":3903}
Owned Catalog, cutover and authority PostgreSQL	Run reader, cutover and authority tests in independently owned clusters	2026-09-08T10:24:56.5906800Z 
Owned Catalog, cutover and authority PostgreSQL	Run reader, cutover and authority tests in independently owned clusters	2026-09-08T10:24:56.5907885Z ^[[90mstdout^[[2m | ops/self-hosted/storage/controlledRecovery.docker.integration.test.ts^[[2m > ^[[22m^[[2mcontrolled three-store Docker adapter^[[2m > ^[[22m^[[2m'wiseeff' bootstrap: 'nonempty-target-refusals' after source shutdown
Owned Catalog, cutover and authority PostgreSQL	Run reader, cutover and authority tests in independently owned clusters	2026-09-08T10:24:56.5909546Z ^[[22m^[[39m{"evidence":"owned-recovery-adapter","phase":"capture-active-writer-refusal","state":"started"}
Owned Catalog, cutover and authority PostgreSQL	Run reader, cutover and authority tests in independently owned clusters	2026-09-08T10:24:56.5910013Z 
Owned Catalog, cutover and authority PostgreSQL	Run reader, cutover and authority tests in independently owned clusters	2026-09-08T10:24:56.5911089Z ^[[90mstdout^[[2m | ops/self-hosted/storage/controlledRecovery.docker.integration.test.ts^[[2m > ^[[22m^[[2mcontrolled three-store Docker adapter^[[2m > ^[[22m^[[2m'wiseeff' bootstrap: 'nonempty-target-refusals' after source shutdown
Owned Catalog, cutover and authority PostgreSQL	Run reader, cutover and authority tests in independently owned clusters	2026-09-08T10:24:56.5912491Z ^[[22m^[[39m{"evidence":"owned-recovery-adapter","phase":"capture-active-writer-refusal","state":"returned","elapsedMs":318}
Owned Catalog, cutover and authority PostgreSQL	Run reader, cutover and authority tests in independently owned clusters	2026-09-08T10:24:56.5912971Z 
Owned Catalog, cutover and authority PostgreSQL	Run reader, cutover and authority tests in independently owned clusters	2026-09-08T10:24:56.5914032Z ^[[90mstdout^[[2m | ops/self-hosted/storage/controlledRecovery.docker.integration.test.ts^[[2m > ^[[22m^[[2mcontrolled three-store Docker adapter^[[2m > ^[[22m^[[2m'wiseeff' bootstrap: 'nonempty-target-refusals' after source shutdown
Owned Catalog, cutover and authority PostgreSQL	Run reader, cutover and authority tests in independently owned clusters	2026-09-08T10:24:56.5915311Z ^[[22m^[[39m{"evidence":"owned-recovery-adapter","phase":"capture-extra-acl-refusal","state":"started"}
Owned Catalog, cutover and authority PostgreSQL	Run reader, cutover and authority tests in independently owned clusters	2026-09-08T10:24:56.5915709Z 
Owned Catalog, cutover and authority PostgreSQL	Run reader, cutover and authority tests in independently owned clusters	2026-09-08T10:24:56.5916807Z ^[[90mstdout^[[2m | ops/self-hosted/storage/controlledRecovery.docker.integration.test.ts^[[2m > ^[[22m^[[2mcontrolled three-store Docker adapter^[[2m > ^[[22m^[[2m'wiseeff' bootstrap: 'nonempty-target-refusals' after source shutdown
Owned Catalog, cutover and authority PostgreSQL	Run reader, cutover and authority tests in independently owned clusters	2026-09-08T10:24:56.5918416Z ^[[22m^[[39m{"evidence":"owned-recovery-adapter","phase":"capture-extra-acl-refusal","state":"returned","elapsedMs":2844}
Owned Catalog, cutover and authority PostgreSQL	Run reader, cutover and authority tests in independently owned clusters	2026-09-08T10:24:56.5918896Z 
Owned Catalog, cutover and authority PostgreSQL	Run reader, cutover and authority tests in independently owned clusters	2026-09-08T10:24:56.5920423Z ^[[90mstdout^[[2m | ops/self-hosted/storage/controlledRecovery.docker.integration.test.ts^[[2m > ^[[22m^[[2mcontrolled three-store Docker adapter^[[2m > ^[[22m^[[2m'wiseeff' bootstrap: 'nonempty-target-refusals' after source shutdown
Owned Catalog, cutover and authority PostgreSQL	Run reader, cutover and authority tests in independently owned clusters	2026-09-08T10:24:56.5922370Z ^[[22m^[[39m{"evidence":"owned-recovery-adapter","phase":"capture-database-properties-refusal","state":"started"}
Owned Catalog, cutover and authority PostgreSQL	Run reader, cutover and authority tests in independently owned clusters	2026-09-08T10:24:56.5922852Z 
Owned Catalog, cutover and authority PostgreSQL	Run reader, cutover and authority tests in independently owned clusters	2026-09-08T10:24:56.5924673Z ^[[90mstdout^[[2m | ops/self-hosted/storage/controlledRecovery.docker.integration.test.ts^[[2m > ^[[22m^[[2mcontrolled three-store Docker adapter^[[2m > ^[[22m^[[2m'wiseeff' bootstrap: 'nonempty-target-refusals' after source shutdown
Owned Catalog, cutover and authority PostgreSQL	Run reader, cutover and authority tests in independently owned clusters	2026-09-08T10:24:56.5927134Z ^[[22m^[[39m{"evidence":"owned-recovery-adapter","phase":"capture-database-properties-refusal","state":"returned","elapsedMs":3022}
Owned Catalog, cutover and authority PostgreSQL	Run reader, cutover and authority tests in independently owned clusters	2026-09-08T10:24:56.5927690Z 
Owned Catalog, cutover and authority PostgreSQL	Run reader, cutover and authority tests in independently owned clusters	2026-09-08T10:24:56.5929624Z ^[[90mstdout^[[2m | ops/self-hosted/storage/controlledRecovery.docker.integration.test.ts^[[2m > ^[[22m^[[2mcontrolled three-store Docker adapter^[[2m > ^[[22m^[[2m'wiseeff' bootstrap: 'nonempty-target-refusals' after source shutdown
Owned Catalog, cutover and authority PostgreSQL	Run reader, cutover and authority tests in independently owned clusters	2026-09-08T10:24:56.5931834Z ^[[22m^[[39m{"evidence":"owned-recovery-adapter","phase":"capture-package","state":"started"}
Owned Catalog, cutover and authority PostgreSQL	Run reader, cutover and authority tests in independently owned clusters	2026-09-08T10:24:56.5932449Z 
Owned Catalog, cutover and authority PostgreSQL	Run reader, cutover and authority tests in independently owned clusters	2026-09-08T10:24:56.5934206Z ^[[90mstdout^[[2m | ops/self-hosted/storage/controlledRecovery.docker.integration.test.ts^[[2m > ^[[22m^[[2mcontrolled three-store Docker adapter^[[2m > ^[[22m^[[2m'wiseeff' bootstrap: 'nonempty-target-refusals' after source shutdown
Owned Catalog, cutover and authority PostgreSQL	Run reader, cutover and authority tests in independently owned clusters	2026-09-08T10:24:56.5935724Z ^[[22m^[[39m{"evidence":"owned-recovery-adapter","phase":"capture-package","state":"returned","elapsedMs":10970}
Owned Catalog, cutover and authority PostgreSQL	Run reader, cutover and authority tests in independently owned clusters	2026-09-08T10:24:56.5936493Z 
Owned Catalog, cutover and authority PostgreSQL	Run reader, cutover and authority tests in independently owned clusters	2026-09-08T10:24:56.5937641Z ^[[90mstdout^[[2m | ops/self-hosted/storage/controlledRecovery.docker.integration.test.ts^[[2m > ^[[22m^[[2mcontrolled three-store Docker adapter^[[2m > ^[[22m^[[2m'wiseeff' bootstrap: 'nonempty-target-refusals' after source shutdown
Owned Catalog, cutover and authority PostgreSQL	Run reader, cutover and authority tests in independently owned clusters	2026-09-08T10:24:56.5939561Z ^[[22m^[[39m{"evidence":"owned-recovery-adapter","phase":"setup-destination","state":"started"}
Owned Catalog, cutover and authority PostgreSQL	Run reader, cutover and authority tests in independently owned clusters	2026-09-08T10:24:56.5939956Z 
Owned Catalog, cutover and authority PostgreSQL	Run reader, cutover and authority tests in independently owned clusters	2026-09-08T10:24:56.5941044Z ^[[90mstdout^[[2m | ops/self-hosted/storage/controlledRecovery.docker.integration.test.ts^[[2m > ^[[22m^[[2mcontrolled three-store Docker adapter^[[2m > ^[[22m^[[2m'wiseeff' bootstrap: 'nonempty-target-refusals' after source shutdown
Owned Catalog, cutover and authority PostgreSQL	Run reader, cutover and authority tests in independently owned clusters	2026-09-08T10:24:56.5942396Z ^[[22m^[[39m{"evidence":"owned-recovery-adapter","phase":"setup-destination","state":"returned","elapsedMs":3937}
Owned Catalog, cutover and authority PostgreSQL	Run reader, cutover and authority tests in independently owned clusters	2026-09-08T10:24:56.5942828Z 
Owned Catalog, cutover and authority PostgreSQL	Run reader, cutover and authority tests in independently owned clusters	2026-09-08T10:24:56.5943893Z ^[[90mstdout^[[2m | ops/self-hosted/storage/controlledRecovery.docker.integration.test.ts^[[2m > ^[[22m^[[2mcontrolled three-store Docker adapter^[[2m > ^[[22m^[[2m'wiseeff' bootstrap: 'nonempty-target-refusals' after source shutdown
Owned Catalog, cutover and authority PostgreSQL	Run reader, cutover and authority tests in independently owned clusters	2026-09-08T10:24:56.5945194Z ^[[22m^[[39m{"evidence":"owned-recovery-adapter","phase":"authenticate-persist-approval","state":"started"}
Owned Catalog, cutover and authority PostgreSQL	Run reader, cutover and authority tests in independently owned clusters	2026-09-08T10:24:56.5945666Z 
Owned Catalog, cutover and authority PostgreSQL	Run reader, cutover and authority tests in independently owned clusters	2026-09-08T10:24:56.5946742Z ^[[90mstdout^[[2m | ops/self-hosted/storage/controlledRecovery.docker.integration.test.ts^[[2m > ^[[22m^[[2mcontrolled three-store Docker adapter^[[2m > ^[[22m^[[2m'wiseeff' bootstrap: 'nonempty-target-refusals' after source shutdown
Owned Catalog, cutover and authority PostgreSQL	Run reader, cutover and authority tests in independently owned clusters	2026-09-08T10:24:56.5948389Z ^[[22m^[[39m{"evidence":"owned-recovery-adapter","phase":"authenticate-persist-approval","state":"returned","elapsedMs":232}
Owned Catalog, cutover and authority PostgreSQL	Run reader, cutover and authority tests in independently owned clusters	2026-09-08T10:24:56.5948876Z 
Owned Catalog, cutover and authority PostgreSQL	Run reader, cutover and authority tests in independently owned clusters	2026-09-08T10:24:56.5949956Z ^[[90mstdout^[[2m | ops/self-hosted/storage/controlledRecovery.docker.integration.test.ts^[[2m > ^[[22m^[[2mcontrolled three-store Docker adapter^[[2m > ^[[22m^[[2m'wiseeff' bootstrap: 'nonempty-target-refusals' after source shutdown
Owned Catalog, cutover and authority PostgreSQL	Run reader, cutover and authority tests in independently owned clusters	2026-09-08T10:24:56.5951272Z ^[[22m^[[39m{"evidence":"owned-recovery-adapter","phase":"restore-nonempty-function-refusal","state":"started"}
Owned Catalog, cutover and authority PostgreSQL	Run reader, cutover and authority tests in independently owned clusters	2026-09-08T10:24:56.5951708Z 
Owned Catalog, cutover and authority PostgreSQL	Run reader, cutover and authority tests in independently owned clusters	2026-09-08T10:24:56.5952775Z ^[[90mstdout^[[2m | ops/self-hosted/storage/controlledRecovery.docker.integration.test.ts^[[2m > ^[[22m^[[2mcontrolled three-store Docker adapter^[[2m > ^[[22m^[[2m'wiseeff' bootstrap: 'nonempty-target-refusals' after source shutdown
Owned Catalog, cutover and authority PostgreSQL	Run reader, cutover and authority tests in independently owned clusters	2026-09-08T10:24:56.5954195Z ^[[22m^[[39m{"evidence":"owned-recovery-adapter","phase":"restore-nonempty-function-refusal","state":"returned","elapsedMs":1847}
Owned Catalog, cutover and authority PostgreSQL	Run reader, cutover and authority tests in independently owned clusters	2026-09-08T10:24:56.5954864Z 
Owned Catalog, cutover and authority PostgreSQL	Run reader, cutover and authority tests in independently owned clusters	2026-09-08T10:24:56.5955940Z ^[[90mstdout^[[2m | ops/self-hosted/storage/controlledRecovery.docker.integration.test.ts^[[2m > ^[[22m^[[2mcontrolled three-store Docker adapter^[[2m > ^[[22m^[[2m'wiseeff' bootstrap: 'nonempty-target-refusals' after source shutdown
Owned Catalog, cutover and authority PostgreSQL	Run reader, cutover and authority tests in independently owned clusters	2026-09-08T10:24:56.5957228Z ^[[22m^[[39m{"evidence":"owned-recovery-adapter","phase":"restore-nonempty-view-refusal","state":"started"}
Owned Catalog, cutover and authority PostgreSQL	Run reader, cutover and authority tests in independently owned clusters	2026-09-08T10:24:56.5957641Z 
Owned Catalog, cutover and authority PostgreSQL	Run reader, cutover and authority tests in independently owned clusters	2026-09-08T10:24:56.5958935Z ^[[90mstdout^[[2m | ops/self-hosted/storage/controlledRecovery.docker.integration.test.ts^[[2m > ^[[22m^[[2mcontrolled three-store Docker adapter^[[2m > ^[[22m^[[2m'wiseeff' bootstrap: 'nonempty-target-refusals' after source shutdown
Owned Catalog, cutover and authority PostgreSQL	Run reader, cutover and authority tests in independently owned clusters	2026-09-08T10:24:56.5961266Z ^[[22m^[[39m{"evidence":"owned-recovery-adapter","phase":"restore-nonempty-view-refusal","state":"returned","elapsedMs":1868}
Owned Catalog, cutover and authority PostgreSQL	Run reader, cutover and authority tests in independently owned clusters	2026-09-08T10:24:56.5962114Z 
Owned Catalog, cutover and authority PostgreSQL	Run reader, cutover and authority tests in independently owned clusters	2026-09-08T10:24:56.5964067Z ^[[90mstdout^[[2m | ops/self-hosted/storage/controlledRecovery.docker.integration.test.ts^[[2m > ^[[22m^[[2mcontrolled three-store Docker adapter^[[2m > ^[[22m^[[2m'wiseeff' bootstrap: 'nonempty-target-refusals' after source shutdown
Owned Catalog, cutover and authority PostgreSQL	Run reader, cutover and authority tests in independently owned clusters	2026-09-08T10:24:56.5966447Z ^[[22m^[[39m{"evidence":"owned-recovery-adapter","phase":"restore-nonempty-sequence-refusal","state":"started"}
Owned Catalog, cutover and authority PostgreSQL	Run reader, cutover and authority tests in independently owned clusters	2026-09-08T10:24:56.5967206Z 
Owned Catalog, cutover and authority PostgreSQL	Run reader, cutover and authority tests in independently owned clusters	2026-09-08T10:24:56.5969368Z ^[[90mstdout^[[2m | ops/self-hosted/storage/controlledRecovery.docker.integration.test.ts^[[2m > ^[[22m^[[2mcontrolled three-store Docker adapter^[[2m > ^[[22m^[[2m'wiseeff' bootstrap: 'nonempty-target-refusals' after source shutdown
Owned Catalog, cutover and authority PostgreSQL	Run reader, cutover and authority tests in independently owned clusters	2026-09-08T10:24:56.5972039Z ^[[22m^[[39m{"evidence":"owned-recovery-adapter","phase":"restore-nonempty-sequence-refusal","state":"returned","elapsedMs":1860}
Owned Catalog, cutover and authority PostgreSQL	Run reader, cutover and authority tests in independently owned clusters	2026-09-08T10:24:56.5972928Z 
Owned Catalog, cutover and authority PostgreSQL	Run reader, cutover and authority tests in independently owned clusters	2026-09-08T10:24:56.5974882Z ^[[90mstdout^[[2m | ops/self-hosted/storage/controlledRecovery.docker.integration.test.ts^[[2m > ^[[22m^[[2mcontrolled three-store Docker adapter^[[2m > ^[[22m^[[2m'wiseeff' bootstrap: 'nonempty-target-refusals' after source shutdown
Owned Catalog, cutover and authority PostgreSQL	Run reader, cutover and authority tests in independently owned clusters	2026-09-08T10:24:56.5977494Z ^[[22m^[[39m{"evidence":"owned-recovery-adapter","phase":"restore-nonempty-type-refusal","state":"started"}
Owned Catalog, cutover and authority PostgreSQL	Run reader, cutover and authority tests in independently owned clusters	2026-09-08T10:24:56.5978429Z 
Owned Catalog, cutover and authority PostgreSQL	Run reader, cutover and authority tests in independently owned clusters	2026-09-08T10:24:56.5980238Z ^[[90mstdout^[[2m | ops/self-hosted/storage/controlledRecovery.docker.integration.test.ts^[[2m > ^[[22m^[[2mcontrolled three-store Docker adapter^[[2m > ^[[22m^[[2m'wiseeff' bootstrap: 'nonempty-target-refusals' after source shutdown
Owned Catalog, cutover and authority PostgreSQL	Run reader, cutover and authority tests in independently owned clusters	2026-09-08T10:24:56.5982045Z ^[[22m^[[39m{"evidence":"owned-recovery-adapter","phase":"restore-nonempty-type-refusal","state":"returned","elapsedMs":1828}
Owned Catalog, cutover and authority PostgreSQL	Run reader, cutover and authority tests in independently owned clusters	2026-09-08T10:24:56.5982866Z 
Owned Catalog, cutover and authority PostgreSQL	Run reader, cutover and authority tests in independently owned clusters	2026-09-08T10:24:56.5984614Z ^[[90mstdout^[[2m | ops/self-hosted/storage/controlledRecovery.docker.integration.test.ts^[[2m > ^[[22m^[[2mcontrolled three-store Docker adapter^[[2m > ^[[22m^[[2m'wiseeff' bootstrap: 'nonempty-target-refusals' after source shutdown
Owned Catalog, cutover and authority PostgreSQL	Run reader, cutover and authority tests in independently owned clusters	2026-09-08T10:24:56.5986946Z ^[[22m^[[39m{"evidence":"owned-recovery-adapter","phase":"restore-nonempty-extension-refusal","state":"started"}
Owned Catalog, cutover and authority PostgreSQL	Run reader, cutover and authority tests in independently owned clusters	2026-09-08T10:24:56.5987832Z 
Owned Catalog, cutover and authority PostgreSQL	Run reader, cutover and authority tests in independently owned clusters	2026-09-08T10:24:56.5990097Z ^[[90mstdout^[[2m | ops/self-hosted/storage/controlledRecovery.docker.integration.test.ts^[[2m > ^[[22m^[[2mcontrolled three-store Docker adapter^[[2m > ^[[22m^[[2m'wiseeff' bootstrap: 'nonempty-target-refusals' after source shutdown
Owned Catalog, cutover and authority PostgreSQL	Run reader, cutover and authority tests in independently owned clusters	2026-09-08T10:24:56.5991638Z ^[[22m^[[39m{"evidence":"owned-recovery-adapter","phase":"restore-nonempty-extension-refusal","state":"returned","elapsedMs":1850}
Owned Catalog, cutover and authority PostgreSQL	Run reader, cutover and authority tests in independently owned clusters	2026-09-08T10:24:56.5992144Z 
Owned Catalog, cutover and authority PostgreSQL	Run reader, cutover and authority tests in independently owned clusters	2026-09-08T10:24:56.5993430Z ^[[90mstdout^[[2m | ops/self-hosted/storage/controlledRecovery.docker.integration.test.ts^[[2m > ^[[22m^[[2mcontrolled three-store Docker adapter^[[2m > ^[[22m^[[2m'wiseeff' bootstrap: 'nonempty-target-refusals' after source shutdown
Owned Catalog, cutover and authority PostgreSQL	Run reader, cutover and authority tests in independently owned clusters	2026-09-08T10:24:56.5995096Z ^[[22m^[[39m{"evidence":"owned-recovery-adapter","phase":"restore-nonempty-event-trigger-refusal","state":"started"}
Owned Catalog, cutover and authority PostgreSQL	Run reader, cutover and authority tests in independently owned clusters	2026-09-08T10:24:56.5995577Z 
Owned Catalog, cutover and authority PostgreSQL	Run reader, cutover and authority tests in independently owned clusters	2026-09-08T10:24:56.5996810Z ^[[90mstdout^[[2m | ops/self-hosted/storage/controlledRecovery.docker.integration.test.ts^[[2m > ^[[22m^[[2mcontrolled three-store Docker adapter^[[2m > ^[[22m^[[2m'wiseeff' bootstrap: 'nonempty-target-refusals' after source shutdown
Owned Catalog, cutover and authority PostgreSQL	Run reader, cutover and authority tests in independently owned clusters	2026-09-08T10:24:56.5999074Z ^[[22m^[[39m{"evidence":"owned-recovery-adapter","phase":"restore-nonempty-event-trigger-refusal","state":"returned","elapsedMs":1841}
Owned Catalog, cutover and authority PostgreSQL	Run reader, cutover and authority tests in independently owned clusters	2026-09-08T10:24:56.5999699Z 
Owned Catalog, cutover and authority PostgreSQL	Run reader, cutover and authority tests in independently owned clusters	2026-09-08T10:24:56.6001277Z ^[[90mstdout^[[2m | ops/self-hosted/storage/controlledRecovery.docker.integration.test.ts^[[2m > ^[[22m^[[2mcontrolled three-store Docker adapter^[[2m > ^[[22m^[[2m'wiseeff' bootstrap: 'nonempty-target-refusals' after source shutdown
Owned Catalog, cutover and authority PostgreSQL	Run reader, cutover and authority tests in independently owned clusters	2026-09-08T10:24:56.6002811Z ^[[22m^[[39m{"evidence":"private-synthetic-package-retained","locator":"controlled-recovery-live-MPDcoA/retained-evidence.json"}
Owned Catalog, cutover and authority PostgreSQL	Run reader, cutover and authority tests in independently owned clusters	2026-09-08T10:24:56.6003332Z 
Owned Catalog, cutover and authority PostgreSQL	Run reader, cutover and authority tests in independently owned clusters	2026-09-08T10:24:56.6004006Z  ^[[32m✓^[[39m ops/self-hosted/storage/controlledRecovery.docker.integration.test.ts ^[[2m(^[[22m^[[2m4 tests^[[22m^[[2m)^[[22m^[[33m 185562^[[2mms^[[22m^[[39m
Owned Catalog, cutover and authority PostgreSQL	Run reader, cutover and authority tests in independently owned clusters	2026-09-08T10:24:56.6005091Z      ^[[33m^[[2m✓^[[22m^[[39m 'postgres' bootstrap: 'package-only-restore' after source shutdown ^[[33m 43577^[[2mms^[[22m^[[39m
Owned Catalog, cutover and authority PostgreSQL	Run reader, cutover and authority tests in independently owned clusters	2026-09-08T10:24:56.6006042Z      ^[[33m^[[2m✓^[[22m^[[39m 'postgres' bootstrap: 'nonempty-target-refusals' after source shutdown ^[[33m 46044^[[2mms^[[22m^[[39m
Owned Catalog, cutover and authority PostgreSQL	Run reader, cutover and authority tests in independently owned clusters	2026-09-08T10:24:56.6006951Z      ^[[33m^[[2m✓^[[22m^[[39m 'wiseeff' bootstrap: 'package-only-restore' after source shutdown ^[[33m 45966^[[2mms^[[22m^[[39m
Owned Catalog, cutover and authority PostgreSQL	Run reader, cutover and authority tests in independently owned clusters	2026-09-08T10:24:56.6007852Z      ^[[33m^[[2m✓^[[22m^[[39m 'wiseeff' bootstrap: 'nonempty-target-refusals' after source shutdown ^[[33m 49972^[[2mms^[[22m^[[39m
Owned Catalog, cutover and authority PostgreSQL	Run reader, cutover and authority tests in independently owned clusters	2026-09-08T10:24:56.6008607Z 
Owned Catalog, cutover and authority PostgreSQL	Run reader, cutover and authority tests in independently owned clusters	2026-09-08T10:24:56.6008913Z ^[[2m Test Files ^[[22m ^[[1m^[[32m1 passed^[[39m^[[22m^[[90m (1)^[[39m
Owned Catalog, cutover and authority PostgreSQL	Run reader, cutover and authority tests in independently owned clusters	2026-09-08T10:24:56.6009472Z ^[[2m      Tests ^[[22m ^[[1m^[[32m4 passed^[[39m^[[22m^[[90m (4)^[[39m
Owned Catalog, cutover and authority PostgreSQL	Run reader, cutover and authority tests in independently owned clusters	2026-09-08T10:24:56.6010082Z ^[[2m   Start at ^[[22m 10:21:50
Owned Catalog, cutover and authority PostgreSQL	Run reader, cutover and authority tests in independently owned clusters	2026-09-08T10:24:56.6010756Z ^[[2m   Duration ^[[22m 186.39s^[[2m (transform 452ms, setup 0ms, import 706ms, tests 185.56s, environment 0ms)^[[22m
Owned Catalog, cutover and authority PostgreSQL	Run reader, cutover and authority tests in independently owned clusters	2026-09-08T10:24:56.6011374Z 
Owned Catalog, cutover and authority PostgreSQL	Run reader, cutover and authority tests in independently owned clusters	2026-09-08T10:24:57.1134101Z {"scope":"isolated-components-only","suite":"controlled-recovery","imageReference":"postgres:16-alpine","imageId":"sha256:75f5a96988cdf694a215073c3e9c001b706b371e2f94df3967f2efdec2787f6b","platform":"linux/amd64","containerId":"3a5d704a78d0a10bc04eab56bd5d31a6de3eb7789f45ff749341c5b995cc0452","networkId":"f7cade32a2f29f1657aa94ba3ab45c3a0d082c60e395174408160aef1ded84e6","exitCode":0,"runnerResourcesCleanupVerified":true,"cleanupVerified":true,"nestedCleanupOutcome":"verified-by-complete-suite","privateEvidenceRetained":true,"releaseApproved":false}
Owned Catalog, cutover and authority PostgreSQL	Run reader, cutover and authority tests in independently owned clusters	2026-09-08T10:25:05.7234320Z {"evidence":"owned-service-profile","profile":"selfhost-postgres16-alpine-v1","imageId":"sha256:75f5a96988cdf694a215073c3e9c001b706b371e2f94df3967f2efdec2787f6b","databaseProperties":{"encoding":6,"datcollate":"en_US.utf8","datctype":"en_US.utf8","datlocprovider":"c","daticulocale":null,"daticurules":null,"datcollversion":null,"datconnlimit":-1,"datallowconn":true,"datistemplate":false}}
Owned Catalog, cutover and authority PostgreSQL	Run reader, cutover and authority tests in independently owned clusters	2026-09-08T10:26:10.2546619Z 
Owned Catalog, cutover and authority PostgreSQL	Run reader, cutover and authority tests in independently owned clusters	2026-09-08T10:26:10.2548662Z ^[[1m^[[30m^[[46m RUN ^[[49m^[[39m^[[22m ^[[36mv4.1.5 ^[[39m^[[90m/home/runner/work/WiseEff/WiseEff^[[39m
Owned Catalog, cutover and authority PostgreSQL	Run reader, cutover and authority tests in independently owned clusters	2026-09-08T10:26:10.2549329Z 
Owned Catalog, cutover and authority PostgreSQL	Run reader, cutover and authority tests in independently owned clusters	2026-09-08T10:26:10.2550489Z  ^[[32m✓^[[39m ops/self-hosted/scripts/parameter-catalog-upgrade/handoff.test.ts ^[[2m(^[[22m^[[2m9 tests^[[22m^[[2m)^[[22m^[[33m 63543^[[2mms^[[22m^[[39m
Owned Catalog, cutover and authority PostgreSQL	Run reader, cutover and authority tests in independently owned clusters	2026-09-08T10:26:10.2552623Z      ^[[33m^[[2m✓^[[22m^[[39m binds old checkout and actual Compose stores, dispatches inspect, and refuses wrong targets or changed plans ^[[33m 63122^[[2mms^[[22m^[[39m
Owned Catalog, cutover and authority PostgreSQL	Run reader, cutover and authority tests in independently owned clusters	2026-09-08T10:26:10.2553569Z 
Owned Catalog, cutover and authority PostgreSQL	Run reader, cutover and authority tests in independently owned clusters	2026-09-08T10:26:10.2554023Z ^[[2m Test Files ^[[22m ^[[1m^[[32m1 passed^[[39m^[[22m^[[90m (1)^[[39m
Owned Catalog, cutover and authority PostgreSQL	Run reader, cutover and authority tests in independently owned clusters	2026-09-08T10:26:10.2554919Z ^[[2m      Tests ^[[22m ^[[1m^[[32m9 passed^[[39m^[[22m^[[90m (9)^[[39m
Owned Catalog, cutover and authority PostgreSQL	Run reader, cutover and authority tests in independently owned clusters	2026-09-08T10:26:10.2555624Z ^[[2m   Start at ^[[22m 10:25:06
Owned Catalog, cutover and authority PostgreSQL	Run reader, cutover and authority tests in independently owned clusters	2026-09-08T10:26:10.2557183Z ^[[2m   Duration ^[[22m 63.99s^[[2m (transform 262ms, setup 0ms, import 317ms, tests 63.54s, environment 0ms)^[[22m
Owned Catalog, cutover and authority PostgreSQL	Run reader, cutover and authority tests in independently owned clusters	2026-09-08T10:26:10.2557659Z 
Owned Catalog, cutover and authority PostgreSQL	Run reader, cutover and authority tests in independently owned clusters	2026-09-08T10:26:10.7914258Z {"scope":"isolated-components-only","suite":"handoff-three-store","imageReference":"postgres:16-alpine","imageId":"sha256:75f5a96988cdf694a215073c3e9c001b706b371e2f94df3967f2efdec2787f6b","platform":"linux/amd64","containerId":"60f0f017d42b4532b317ad759aa91cd49197c079377ebc692f769d4a0aa60c3e","networkId":"86ab7587d381c0e1128022c01015621164f20b1dbf1c93ff610cb42c8afe9ab3","exitCode":0,"runnerResourcesCleanupVerified":true,"cleanupVerified":true,"nestedCleanupOutcome":"verified-by-complete-suite","privateEvidenceRetained":false,"releaseApproved":false}
Owned Catalog, cutover and authority PostgreSQL	Post Set up Node.js	﻿2026-09-08T10:26:10.8211190Z Node 20 is being deprecated. This workflow is running with Node 24 by default. If you need to temporarily use Node 20, you can set the ACTIONS_ALLOW_USE_UNSECURE_NODE_VERSION=true environment variable. For more information see: https://github.blog/changelog/2025-09-19-deprecation-of-node-20-on-github-actions-runners/
Owned Catalog, cutover and authority PostgreSQL	Post Set up Node.js	2026-09-08T10:26:10.8212475Z Post job cleanup.
Owned Catalog, cutover and authority PostgreSQL	Post Set up Node.js	2026-09-08T10:26:10.9467759Z (node:386710) [DEP0040] DeprecationWarning: The `punycode` module is deprecated. Please use a userland alternative instead.
Owned Catalog, cutover and authority PostgreSQL	Post Set up Node.js	2026-09-08T10:26:10.9469131Z (Use `node --trace-deprecation ...` to show where the warning was created)
Owned Catalog, cutover and authority PostgreSQL	Post Set up Node.js	2026-09-08T10:26:10.9472411Z Cache hit occurred on the primary key node-cache-Linux-x64-npm-c3cc38b441dd1d644370ff722307f1f9f6940d55103e48c587f2408f2d652f89, not saving cache.
Owned Catalog, cutover and authority PostgreSQL	Post Check out exact CI candidate	﻿2026-09-08T10:26:10.9633214Z Node 20 is being deprecated. This workflow is running with Node 24 by default. If you need to temporarily use Node 20, you can set the ACTIONS_ALLOW_USE_UNSECURE_NODE_VERSION=true environment variable. For more information see: https://github.blog/changelog/2025-09-19-deprecation-of-node-20-on-github-actions-runners/
Owned Catalog, cutover and authority PostgreSQL	Post Check out exact CI candidate	2026-09-08T10:26:10.9634562Z Post job cleanup.
Owned Catalog, cutover and authority PostgreSQL	Post Check out exact CI candidate	2026-09-08T10:26:11.0496324Z [command]/usr/bin/git version
Owned Catalog, cutover and authority PostgreSQL	Post Check out exact CI candidate	2026-09-08T10:26:11.0535787Z git version 2.55.0
Owned Catalog, cutover and authority PostgreSQL	Post Check out exact CI candidate	2026-09-08T10:26:11.0573642Z Temporarily overriding HOME='/home/runner/work/_temp/39cdc0cb-a950-4cab-a466-20c81cd20bd5' before making global git config changes
Owned Catalog, cutover and authority PostgreSQL	Post Check out exact CI candidate	2026-09-08T10:26:11.0575575Z Adding repository directory to the temporary git global config as a safe directory
Owned Catalog, cutover and authority PostgreSQL	Post Check out exact CI candidate	2026-09-08T10:26:11.0579233Z [command]/usr/bin/git config --global --add safe.directory /home/runner/work/WiseEff/WiseEff
Owned Catalog, cutover and authority PostgreSQL	Post Check out exact CI candidate	2026-09-08T10:26:11.0616918Z [command]/usr/bin/git config --local --name-only --get-regexp core\.sshCommand
Owned Catalog, cutover and authority PostgreSQL	Post Check out exact CI candidate	2026-09-08T10:26:11.0651408Z [command]/usr/bin/git submodule foreach --recursive sh -c "git config --local --name-only --get-regexp 'core\.sshCommand' && git config --local --unset-all 'core.sshCommand' || :"
Owned Catalog, cutover and authority PostgreSQL	Post Check out exact CI candidate	2026-09-08T10:26:11.0886732Z [command]/usr/bin/git config --local --name-only --get-regexp http\.https\:\/\/github\.com\/\.extraheader
Owned Catalog, cutover and authority PostgreSQL	Post Check out exact CI candidate	2026-09-08T10:26:11.0913200Z http.https://github.com/.extraheader
Owned Catalog, cutover and authority PostgreSQL	Post Check out exact CI candidate	2026-09-08T10:26:11.0925650Z [command]/usr/bin/git config --local --unset-all http.https://github.com/.extraheader
Owned Catalog, cutover and authority PostgreSQL	Post Check out exact CI candidate	2026-09-08T10:26:11.0956543Z [command]/usr/bin/git submodule foreach --recursive sh -c "git config --local --name-only --get-regexp 'http\.https\:\/\/github\.com\/\.extraheader' && git config --local --unset-all 'http.https://github.com/.extraheader' || :"
Owned Catalog, cutover and authority PostgreSQL	Post Check out exact CI candidate	2026-09-08T10:26:11.1185086Z [command]/usr/bin/git config --local --name-only --get-regexp ^includeIf\.gitdir:
Owned Catalog, cutover and authority PostgreSQL	Post Check out exact CI candidate	2026-09-08T10:26:11.1218454Z [command]/usr/bin/git submodule foreach --recursive git config --local --show-origin --name-only --get-regexp remote.origin.url
Owned Catalog, cutover and authority PostgreSQL	Complete job	﻿2026-09-08T10:26:11.1597110Z Cleaning up orphan processes
Owned Catalog, cutover and authority PostgreSQL	Complete job	2026-09-08T10:26:11.2030305Z ##[warning]Node.js 20 is deprecated. The following actions target Node.js 20 but are being forced to run on Node.js 24: actions/checkout@v4, actions/setup-node@v4. For more information see: https://github.blog/changelog/2025-09-19-deprecation-of-node-20-on-github-actions-runners/
